ISO-10303-21;
HEADER;
/* Generated by software containing ST-Developer
 * from STEP Tools, Inc. (www.steptools.com) 
 */
/* OPTION: using custom renumber hook */

FILE_DESCRIPTION(
/* description */ ('STEP AP242 Edition 2',
'CAx-IF Rec.Pracs.---Representation and Presentation of Product Manufa
cturing Information (PMI)---4.0---2014-10-13',
'CAx-IF Rec.Pracs.---3D Tessellated Geometry---0.4---2014-09-14','2;1',
'CAx-IF Rec.Pracs.---User Defined Attributes---1.5---2016-08-15'),
/* implementation_level */ '2;1');

FILE_NAME(
/* name */ 'Left Speaker',
/* time_stamp */ '2026-07-30T23:14:26Z',
/* author */ (''),
/* organization */ (''),
/* preprocessor_version */ 'ST-DEVELOPER v20',
/* originating_system */ 'ONSHAPE BY PTC INC, 1.218',
/* authorisation */ '  ');

FILE_SCHEMA (('AP242_MANAGED_MODEL_BASED_3D_ENGINEERING_MIM_LF { 1 0 10303 442 3 1 4 }'));
ENDSEC;

DATA;
#10=OVER_RIDING_STYLED_ITEM('',(#2076),#1940,#2059);
#11=OVER_RIDING_STYLED_ITEM('',(#2089),#2020,#2071);
#12=OVER_RIDING_STYLED_ITEM('',(#2091),#2027,#2072);
#13=OVER_RIDING_STYLED_ITEM('',(#2093),#2038,#2073);
#14=SHAPE_REPRESENTATION_RELATIONSHIP('','',#2235,#30);
#15=SHAPE_REPRESENTATION_RELATIONSHIP('','',#2236,#31);
#16=SHAPE_REPRESENTATION_RELATIONSHIP('','',#2237,#32);
#17=SHAPE_REPRESENTATION_RELATIONSHIP('','',#2238,#33);
#18=SHAPE_REPRESENTATION_RELATIONSHIP('','',#2239,#34);
#19=SHAPE_REPRESENTATION_RELATIONSHIP('','',#2240,#35);
#20=SHAPE_REPRESENTATION_RELATIONSHIP('','',#2241,#36);
#21=SHAPE_REPRESENTATION_RELATIONSHIP('','',#2242,#37);
#22=SHAPE_REPRESENTATION_RELATIONSHIP('','',#2243,#38);
#23=SHAPE_REPRESENTATION_RELATIONSHIP('','',#2244,#39);
#24=SHAPE_REPRESENTATION_RELATIONSHIP('','',#2245,#40);
#25=SHAPE_REPRESENTATION_RELATIONSHIP('','',#2246,#41);
#26=SHAPE_REPRESENTATION_RELATIONSHIP('','',#2247,#42);
#27=SHAPE_REPRESENTATION_RELATIONSHIP('','',#2248,#43);
#28=SHAPE_REPRESENTATION_RELATIONSHIP('','',#2249,#44);
#29=SHAPE_REPRESENTATION_RELATIONSHIP('','',#2250,#45);
#30=ADVANCED_BREP_SHAPE_REPRESENTATION('',(#2203),#3623);
#31=ADVANCED_BREP_SHAPE_REPRESENTATION('',(#2204),#3624);
#32=ADVANCED_BREP_SHAPE_REPRESENTATION('',(#2205),#3625);
#33=ADVANCED_BREP_SHAPE_REPRESENTATION('',(#2206),#3626);
#34=ADVANCED_BREP_SHAPE_REPRESENTATION('',(#2207),#3627);
#35=ADVANCED_BREP_SHAPE_REPRESENTATION('',(#2208),#3628);
#36=ADVANCED_BREP_SHAPE_REPRESENTATION('',(#2209),#3629);
#37=ADVANCED_BREP_SHAPE_REPRESENTATION('',(#2210),#3630);
#38=ADVANCED_BREP_SHAPE_REPRESENTATION('',(#2211),#3631);
#39=ADVANCED_BREP_SHAPE_REPRESENTATION('',(#2212),#3632);
#40=ADVANCED_BREP_SHAPE_REPRESENTATION('',(#2213),#3633);
#41=ADVANCED_BREP_SHAPE_REPRESENTATION('',(#2214),#3634);
#42=ADVANCED_BREP_SHAPE_REPRESENTATION('',(#2215),#3635);
#43=ADVANCED_BREP_SHAPE_REPRESENTATION('',(#2216),#3636);
#44=ADVANCED_BREP_SHAPE_REPRESENTATION('',(#2217),#3637);
#45=ADVANCED_BREP_SHAPE_REPRESENTATION('',(#2218),#3638);
#46=CIRCLE('',#2256,0.033);
#47=CIRCLE('',#2257,0.033);
#48=CIRCLE('',#2259,0.046);
#49=CIRCLE('',#2260,0.046);
#50=CIRCLE('',#2262,0.001);
#51=CIRCLE('',#2263,0.001);
#52=CIRCLE('',#2265,0.001);
#53=CIRCLE('',#2266,0.001);
#54=CIRCLE('',#2268,0.001);
#55=CIRCLE('',#2269,0.001);
#56=CIRCLE('',#2271,0.001);
#57=CIRCLE('',#2272,0.001);
#58=CIRCLE('',#2276,0.044);
#59=CIRCLE('',#2277,0.001);
#60=CIRCLE('',#2278,0.001);
#61=CIRCLE('',#2279,0.001);
#62=CIRCLE('',#2280,0.001);
#63=CIRCLE('',#2281,0.0225);
#64=CIRCLE('',#2283,0.044);
#65=CIRCLE('',#2286,0.0225);
#66=CIRCLE('',#2288,0.001);
#67=CIRCLE('',#2290,0.001);
#68=CIRCLE('',#2292,0.001);
#69=CIRCLE('',#2294,0.001);
#70=CIRCLE('',#2311,0.001);
#71=CIRCLE('',#2312,0.001);
#72=CIRCLE('',#2324,0.001);
#73=CIRCLE('',#2325,0.001);
#74=CIRCLE('',#2337,0.001);
#75=CIRCLE('',#2338,0.001);
#76=CIRCLE('',#2343,0.001);
#77=CIRCLE('',#2344,0.001);
#78=CIRCLE('',#2363,0.001);
#79=CIRCLE('',#2364,0.001);
#80=CIRCLE('',#2377,0.0015);
#81=CIRCLE('',#2378,0.0015);
#82=CIRCLE('',#2380,0.0015);
#83=CIRCLE('',#2381,0.0015);
#84=CIRCLE('',#2383,0.0015);
#85=CIRCLE('',#2384,0.0015);
#86=CIRCLE('',#2386,0.0015);
#87=CIRCLE('',#2387,0.0015);
#88=CIRCLE('',#2389,0.0015);
#89=CIRCLE('',#2390,0.0015);
#90=CIRCLE('',#2392,0.00125);
#91=CIRCLE('',#2393,0.00125);
#92=CIRCLE('',#2395,0.00125);
#93=CIRCLE('',#2396,0.00125);
#94=CIRCLE('',#2398,0.00125);
#95=CIRCLE('',#2399,0.00125);
#96=CIRCLE('',#2401,0.00125);
#97=CIRCLE('',#2402,0.00125);
#98=CIRCLE('',#2404,0.0015);
#99=CIRCLE('',#2405,0.0015);
#100=CIRCLE('',#2408,0.008);
#101=CIRCLE('',#2409,0.0035);
#102=CIRCLE('',#2415,0.0035);
#103=CIRCLE('',#2417,0.008);
#104=CIRCLE('',#2421,0.001);
#105=CIRCLE('',#2422,0.001);
#106=CYLINDRICAL_SURFACE('',#2255,0.033);
#107=CYLINDRICAL_SURFACE('',#2258,0.046);
#108=CYLINDRICAL_SURFACE('',#2261,0.001);
#109=CYLINDRICAL_SURFACE('',#2264,0.001);
#110=CYLINDRICAL_SURFACE('',#2267,0.001);
#111=CYLINDRICAL_SURFACE('',#2270,0.001);
#112=CYLINDRICAL_SURFACE('',#2282,0.044);
#113=CYLINDRICAL_SURFACE('',#2285,0.0225);
#114=CYLINDRICAL_SURFACE('',#2287,0.001);
#115=CYLINDRICAL_SURFACE('',#2289,0.001);
#116=CYLINDRICAL_SURFACE('',#2291,0.001);
#117=CYLINDRICAL_SURFACE('',#2293,0.001);
#118=CYLINDRICAL_SURFACE('',#2310,0.001);
#119=CYLINDRICAL_SURFACE('',#2323,0.001);
#120=CYLINDRICAL_SURFACE('',#2336,0.001);
#121=CYLINDRICAL_SURFACE('',#2342,0.001);
#122=CYLINDRICAL_SURFACE('',#2362,0.001);
#123=CYLINDRICAL_SURFACE('',#2376,0.0015);
#124=CYLINDRICAL_SURFACE('',#2379,0.0015);
#125=CYLINDRICAL_SURFACE('',#2382,0.0015);
#126=CYLINDRICAL_SURFACE('',#2385,0.0015);
#127=CYLINDRICAL_SURFACE('',#2388,0.0015);
#128=CYLINDRICAL_SURFACE('',#2391,0.00125);
#129=CYLINDRICAL_SURFACE('',#2394,0.00125);
#130=CYLINDRICAL_SURFACE('',#2397,0.00125);
#131=CYLINDRICAL_SURFACE('',#2400,0.00125);
#132=CYLINDRICAL_SURFACE('',#2403,0.0015);
#133=CYLINDRICAL_SURFACE('',#2414,0.0035);
#134=CYLINDRICAL_SURFACE('',#2416,0.008);
#135=CYLINDRICAL_SURFACE('',#2420,0.001);
#136=ORIENTED_EDGE('',*,*,#620,.F.);
#137=ORIENTED_EDGE('',*,*,#621,.T.);
#138=ORIENTED_EDGE('',*,*,#622,.T.);
#139=ORIENTED_EDGE('',*,*,#623,.T.);
#140=ORIENTED_EDGE('',*,*,#624,.F.);
#141=ORIENTED_EDGE('',*,*,#625,.T.);
#142=ORIENTED_EDGE('',*,*,#620,.T.);
#143=ORIENTED_EDGE('',*,*,#626,.T.);
#144=ORIENTED_EDGE('',*,*,#627,.F.);
#145=ORIENTED_EDGE('',*,*,#628,.T.);
#146=ORIENTED_EDGE('',*,*,#624,.T.);
#147=ORIENTED_EDGE('',*,*,#629,.T.);
#148=ORIENTED_EDGE('',*,*,#630,.F.);
#149=ORIENTED_EDGE('',*,*,#631,.T.);
#150=ORIENTED_EDGE('',*,*,#632,.F.);
#151=ORIENTED_EDGE('',*,*,#633,.T.);
#152=ORIENTED_EDGE('',*,*,#634,.T.);
#153=ORIENTED_EDGE('',*,*,#635,.F.);
#154=ORIENTED_EDGE('',*,*,#636,.T.);
#155=ORIENTED_EDGE('',*,*,#637,.F.);
#156=ORIENTED_EDGE('',*,*,#638,.T.);
#157=ORIENTED_EDGE('',*,*,#639,.F.);
#158=ORIENTED_EDGE('',*,*,#640,.T.);
#159=ORIENTED_EDGE('',*,*,#641,.F.);
#160=ORIENTED_EDGE('',*,*,#622,.F.);
#161=ORIENTED_EDGE('',*,*,#642,.T.);
#162=ORIENTED_EDGE('',*,*,#627,.T.);
#163=ORIENTED_EDGE('',*,*,#643,.T.);
#164=ORIENTED_EDGE('',*,*,#644,.T.);
#165=ORIENTED_EDGE('',*,*,#645,.T.);
#166=ORIENTED_EDGE('',*,*,#646,.T.);
#167=ORIENTED_EDGE('',*,*,#647,.T.);
#168=ORIENTED_EDGE('',*,*,#640,.F.);
#169=ORIENTED_EDGE('',*,*,#638,.F.);
#170=ORIENTED_EDGE('',*,*,#636,.F.);
#171=ORIENTED_EDGE('',*,*,#634,.F.);
#172=ORIENTED_EDGE('',*,*,#633,.F.);
#173=ORIENTED_EDGE('',*,*,#631,.F.);
#174=ORIENTED_EDGE('',*,*,#641,.T.);
#175=ORIENTED_EDGE('',*,*,#639,.T.);
#176=ORIENTED_EDGE('',*,*,#637,.T.);
#177=ORIENTED_EDGE('',*,*,#635,.T.);
#178=ORIENTED_EDGE('',*,*,#623,.F.);
#179=ORIENTED_EDGE('',*,*,#643,.F.);
#180=ORIENTED_EDGE('',*,*,#629,.F.);
#181=ORIENTED_EDGE('',*,*,#626,.F.);
#182=ORIENTED_EDGE('',*,*,#648,.T.);
#183=ORIENTED_EDGE('',*,*,#649,.T.);
#184=ORIENTED_EDGE('',*,*,#650,.T.);
#185=ORIENTED_EDGE('',*,*,#651,.T.);
#186=ORIENTED_EDGE('',*,*,#652,.T.);
#187=ORIENTED_EDGE('',*,*,#653,.T.);
#188=ORIENTED_EDGE('',*,*,#654,.T.);
#189=ORIENTED_EDGE('',*,*,#648,.F.);
#190=ORIENTED_EDGE('',*,*,#654,.F.);
#191=ORIENTED_EDGE('',*,*,#632,.T.);
#192=ORIENTED_EDGE('',*,*,#655,.T.);
#193=ORIENTED_EDGE('',*,*,#653,.F.);
#194=ORIENTED_EDGE('',*,*,#656,.T.);
#195=ORIENTED_EDGE('',*,*,#652,.F.);
#196=ORIENTED_EDGE('',*,*,#657,.T.);
#197=ORIENTED_EDGE('',*,*,#651,.F.);
#198=ORIENTED_EDGE('',*,*,#658,.T.);
#199=ORIENTED_EDGE('',*,*,#650,.F.);
#200=ORIENTED_EDGE('',*,*,#659,.T.);
#201=ORIENTED_EDGE('',*,*,#649,.F.);
#202=ORIENTED_EDGE('',*,*,#659,.F.);
#203=ORIENTED_EDGE('',*,*,#658,.F.);
#204=ORIENTED_EDGE('',*,*,#657,.F.);
#205=ORIENTED_EDGE('',*,*,#656,.F.);
#206=ORIENTED_EDGE('',*,*,#655,.F.);
#207=ORIENTED_EDGE('',*,*,#630,.T.);
#208=ORIENTED_EDGE('',*,*,#660,.F.);
#209=ORIENTED_EDGE('',*,*,#628,.F.);
#210=ORIENTED_EDGE('',*,*,#661,.F.);
#211=ORIENTED_EDGE('',*,*,#647,.F.);
#212=ORIENTED_EDGE('',*,*,#661,.T.);
#213=ORIENTED_EDGE('',*,*,#642,.F.);
#214=ORIENTED_EDGE('',*,*,#662,.F.);
#215=ORIENTED_EDGE('',*,*,#644,.F.);
#216=ORIENTED_EDGE('',*,*,#660,.T.);
#217=ORIENTED_EDGE('',*,*,#646,.F.);
#218=ORIENTED_EDGE('',*,*,#663,.F.);
#219=ORIENTED_EDGE('',*,*,#625,.F.);
#220=ORIENTED_EDGE('',*,*,#662,.T.);
#221=ORIENTED_EDGE('',*,*,#621,.F.);
#222=ORIENTED_EDGE('',*,*,#663,.T.);
#223=ORIENTED_EDGE('',*,*,#645,.F.);
#224=ORIENTED_EDGE('',*,*,#664,.T.);
#225=ORIENTED_EDGE('',*,*,#665,.T.);
#226=ORIENTED_EDGE('',*,*,#666,.T.);
#227=ORIENTED_EDGE('',*,*,#667,.F.);
#228=ORIENTED_EDGE('',*,*,#668,.T.);
#229=ORIENTED_EDGE('',*,*,#669,.T.);
#230=ORIENTED_EDGE('',*,*,#670,.F.);
#231=ORIENTED_EDGE('',*,*,#671,.T.);
#232=ORIENTED_EDGE('',*,*,#672,.F.);
#233=ORIENTED_EDGE('',*,*,#673,.T.);
#234=ORIENTED_EDGE('',*,*,#670,.T.);
#235=ORIENTED_EDGE('',*,*,#674,.T.);
#236=ORIENTED_EDGE('',*,*,#675,.T.);
#237=ORIENTED_EDGE('',*,*,#676,.T.);
#238=ORIENTED_EDGE('',*,*,#668,.F.);
#239=ORIENTED_EDGE('',*,*,#677,.T.);
#240=ORIENTED_EDGE('',*,*,#667,.T.);
#241=ORIENTED_EDGE('',*,*,#678,.T.);
#242=ORIENTED_EDGE('',*,*,#675,.F.);
#243=ORIENTED_EDGE('',*,*,#679,.T.);
#244=ORIENTED_EDGE('',*,*,#666,.F.);
#245=ORIENTED_EDGE('',*,*,#680,.F.);
#246=ORIENTED_EDGE('',*,*,#674,.F.);
#247=ORIENTED_EDGE('',*,*,#669,.F.);
#248=ORIENTED_EDGE('',*,*,#676,.F.);
#249=ORIENTED_EDGE('',*,*,#678,.F.);
#250=ORIENTED_EDGE('',*,*,#677,.F.);
#251=ORIENTED_EDGE('',*,*,#671,.F.);
#252=ORIENTED_EDGE('',*,*,#673,.F.);
#253=ORIENTED_EDGE('',*,*,#681,.F.);
#254=ORIENTED_EDGE('',*,*,#664,.F.);
#255=ORIENTED_EDGE('',*,*,#679,.F.);
#256=ORIENTED_EDGE('',*,*,#681,.T.);
#257=ORIENTED_EDGE('',*,*,#672,.T.);
#258=ORIENTED_EDGE('',*,*,#680,.T.);
#259=ORIENTED_EDGE('',*,*,#665,.F.);
#260=ORIENTED_EDGE('',*,*,#682,.T.);
#261=ORIENTED_EDGE('',*,*,#683,.F.);
#262=ORIENTED_EDGE('',*,*,#682,.F.);
#263=ORIENTED_EDGE('',*,*,#683,.T.);
#264=ORIENTED_EDGE('',*,*,#684,.F.);
#265=ORIENTED_EDGE('',*,*,#685,.F.);
#266=ORIENTED_EDGE('',*,*,#686,.T.);
#267=ORIENTED_EDGE('',*,*,#687,.T.);
#268=ORIENTED_EDGE('',*,*,#688,.T.);
#269=ORIENTED_EDGE('',*,*,#689,.F.);
#270=ORIENTED_EDGE('',*,*,#690,.F.);
#271=ORIENTED_EDGE('',*,*,#685,.T.);
#272=ORIENTED_EDGE('',*,*,#691,.T.);
#273=ORIENTED_EDGE('',*,*,#692,.F.);
#274=ORIENTED_EDGE('',*,*,#693,.F.);
#275=ORIENTED_EDGE('',*,*,#689,.T.);
#276=ORIENTED_EDGE('',*,*,#694,.F.);
#277=ORIENTED_EDGE('',*,*,#687,.F.);
#278=ORIENTED_EDGE('',*,*,#695,.T.);
#279=ORIENTED_EDGE('',*,*,#692,.T.);
#280=ORIENTED_EDGE('',*,*,#686,.F.);
#281=ORIENTED_EDGE('',*,*,#690,.T.);
#282=ORIENTED_EDGE('',*,*,#693,.T.);
#283=ORIENTED_EDGE('',*,*,#695,.F.);
#284=ORIENTED_EDGE('',*,*,#684,.T.);
#285=ORIENTED_EDGE('',*,*,#694,.T.);
#286=ORIENTED_EDGE('',*,*,#691,.F.);
#287=ORIENTED_EDGE('',*,*,#688,.F.);
#288=ORIENTED_EDGE('',*,*,#696,.T.);
#289=ORIENTED_EDGE('',*,*,#697,.F.);
#290=ORIENTED_EDGE('',*,*,#696,.F.);
#291=ORIENTED_EDGE('',*,*,#697,.T.);
#292=ORIENTED_EDGE('',*,*,#698,.T.);
#293=ORIENTED_EDGE('',*,*,#699,.F.);
#294=ORIENTED_EDGE('',*,*,#700,.F.);
#295=ORIENTED_EDGE('',*,*,#701,.T.);
#296=ORIENTED_EDGE('',*,*,#702,.F.);
#297=ORIENTED_EDGE('',*,*,#701,.F.);
#298=ORIENTED_EDGE('',*,*,#703,.T.);
#299=ORIENTED_EDGE('',*,*,#704,.T.);
#300=ORIENTED_EDGE('',*,*,#705,.F.);
#301=ORIENTED_EDGE('',*,*,#704,.F.);
#302=ORIENTED_EDGE('',*,*,#706,.T.);
#303=ORIENTED_EDGE('',*,*,#707,.T.);
#304=ORIENTED_EDGE('',*,*,#708,.T.);
#305=ORIENTED_EDGE('',*,*,#707,.F.);
#306=ORIENTED_EDGE('',*,*,#709,.F.);
#307=ORIENTED_EDGE('',*,*,#699,.T.);
#308=ORIENTED_EDGE('',*,*,#700,.T.);
#309=ORIENTED_EDGE('',*,*,#709,.T.);
#310=ORIENTED_EDGE('',*,*,#706,.F.);
#311=ORIENTED_EDGE('',*,*,#703,.F.);
#312=ORIENTED_EDGE('',*,*,#698,.F.);
#313=ORIENTED_EDGE('',*,*,#702,.T.);
#314=ORIENTED_EDGE('',*,*,#705,.T.);
#315=ORIENTED_EDGE('',*,*,#708,.F.);
#316=ORIENTED_EDGE('',*,*,#710,.T.);
#317=ORIENTED_EDGE('',*,*,#711,.F.);
#318=ORIENTED_EDGE('',*,*,#710,.F.);
#319=ORIENTED_EDGE('',*,*,#711,.T.);
#320=ORIENTED_EDGE('',*,*,#712,.T.);
#321=ORIENTED_EDGE('',*,*,#713,.F.);
#322=ORIENTED_EDGE('',*,*,#712,.F.);
#323=ORIENTED_EDGE('',*,*,#713,.T.);
#324=ORIENTED_EDGE('',*,*,#714,.T.);
#325=ORIENTED_EDGE('',*,*,#715,.F.);
#326=ORIENTED_EDGE('',*,*,#716,.F.);
#327=ORIENTED_EDGE('',*,*,#717,.T.);
#328=ORIENTED_EDGE('',*,*,#718,.T.);
#329=ORIENTED_EDGE('',*,*,#719,.T.);
#330=ORIENTED_EDGE('',*,*,#720,.F.);
#331=ORIENTED_EDGE('',*,*,#721,.F.);
#332=ORIENTED_EDGE('',*,*,#722,.F.);
#333=ORIENTED_EDGE('',*,*,#719,.F.);
#334=ORIENTED_EDGE('',*,*,#723,.T.);
#335=ORIENTED_EDGE('',*,*,#716,.T.);
#336=ORIENTED_EDGE('',*,*,#724,.T.);
#337=ORIENTED_EDGE('',*,*,#717,.F.);
#338=ORIENTED_EDGE('',*,*,#723,.F.);
#339=ORIENTED_EDGE('',*,*,#718,.F.);
#340=ORIENTED_EDGE('',*,*,#720,.T.);
#341=ORIENTED_EDGE('',*,*,#722,.T.);
#342=ORIENTED_EDGE('',*,*,#715,.T.);
#343=ORIENTED_EDGE('',*,*,#725,.F.);
#344=ORIENTED_EDGE('',*,*,#725,.T.);
#345=ORIENTED_EDGE('',*,*,#714,.F.);
#346=ORIENTED_EDGE('',*,*,#724,.F.);
#347=ORIENTED_EDGE('',*,*,#721,.T.);
#348=ORIENTED_EDGE('',*,*,#726,.F.);
#349=ORIENTED_EDGE('',*,*,#727,.F.);
#350=ORIENTED_EDGE('',*,*,#728,.T.);
#351=ORIENTED_EDGE('',*,*,#729,.T.);
#352=ORIENTED_EDGE('',*,*,#730,.F.);
#353=ORIENTED_EDGE('',*,*,#731,.T.);
#354=ORIENTED_EDGE('',*,*,#732,.T.);
#355=ORIENTED_EDGE('',*,*,#733,.F.);
#356=ORIENTED_EDGE('',*,*,#734,.T.);
#357=ORIENTED_EDGE('',*,*,#728,.F.);
#358=ORIENTED_EDGE('',*,*,#735,.F.);
#359=ORIENTED_EDGE('',*,*,#733,.T.);
#360=ORIENTED_EDGE('',*,*,#736,.F.);
#361=ORIENTED_EDGE('',*,*,#730,.T.);
#362=ORIENTED_EDGE('',*,*,#735,.T.);
#363=ORIENTED_EDGE('',*,*,#727,.T.);
#364=ORIENTED_EDGE('',*,*,#732,.F.);
#365=ORIENTED_EDGE('',*,*,#737,.T.);
#366=ORIENTED_EDGE('',*,*,#729,.F.);
#367=ORIENTED_EDGE('',*,*,#734,.F.);
#368=ORIENTED_EDGE('',*,*,#737,.F.);
#369=ORIENTED_EDGE('',*,*,#731,.F.);
#370=ORIENTED_EDGE('',*,*,#736,.T.);
#371=ORIENTED_EDGE('',*,*,#726,.T.);
#372=ORIENTED_EDGE('',*,*,#738,.T.);
#373=ORIENTED_EDGE('',*,*,#739,.F.);
#374=ORIENTED_EDGE('',*,*,#738,.F.);
#375=ORIENTED_EDGE('',*,*,#739,.T.);
#376=ORIENTED_EDGE('',*,*,#740,.T.);
#377=ORIENTED_EDGE('',*,*,#741,.F.);
#378=ORIENTED_EDGE('',*,*,#742,.F.);
#379=ORIENTED_EDGE('',*,*,#743,.T.);
#380=ORIENTED_EDGE('',*,*,#744,.T.);
#381=ORIENTED_EDGE('',*,*,#745,.F.);
#382=ORIENTED_EDGE('',*,*,#746,.F.);
#383=ORIENTED_EDGE('',*,*,#741,.T.);
#384=ORIENTED_EDGE('',*,*,#747,.T.);
#385=ORIENTED_EDGE('',*,*,#748,.F.);
#386=ORIENTED_EDGE('',*,*,#749,.F.);
#387=ORIENTED_EDGE('',*,*,#745,.T.);
#388=ORIENTED_EDGE('',*,*,#750,.F.);
#389=ORIENTED_EDGE('',*,*,#751,.F.);
#390=ORIENTED_EDGE('',*,*,#752,.T.);
#391=ORIENTED_EDGE('',*,*,#753,.T.);
#392=ORIENTED_EDGE('',*,*,#754,.F.);
#393=ORIENTED_EDGE('',*,*,#755,.F.);
#394=ORIENTED_EDGE('',*,*,#756,.T.);
#395=ORIENTED_EDGE('',*,*,#751,.T.);
#396=ORIENTED_EDGE('',*,*,#757,.F.);
#397=ORIENTED_EDGE('',*,*,#758,.F.);
#398=ORIENTED_EDGE('',*,*,#759,.T.);
#399=ORIENTED_EDGE('',*,*,#755,.T.);
#400=ORIENTED_EDGE('',*,*,#760,.T.);
#401=ORIENTED_EDGE('',*,*,#743,.F.);
#402=ORIENTED_EDGE('',*,*,#761,.F.);
#403=ORIENTED_EDGE('',*,*,#748,.T.);
#404=ORIENTED_EDGE('',*,*,#762,.F.);
#405=ORIENTED_EDGE('',*,*,#753,.F.);
#406=ORIENTED_EDGE('',*,*,#763,.T.);
#407=ORIENTED_EDGE('',*,*,#758,.T.);
#408=ORIENTED_EDGE('',*,*,#764,.T.);
#409=ORIENTED_EDGE('',*,*,#765,.F.);
#410=ORIENTED_EDGE('',*,*,#766,.T.);
#411=ORIENTED_EDGE('',*,*,#767,.F.);
#412=ORIENTED_EDGE('',*,*,#768,.T.);
#413=ORIENTED_EDGE('',*,*,#769,.F.);
#414=ORIENTED_EDGE('',*,*,#770,.T.);
#415=ORIENTED_EDGE('',*,*,#771,.F.);
#416=ORIENTED_EDGE('',*,*,#772,.T.);
#417=ORIENTED_EDGE('',*,*,#773,.F.);
#418=ORIENTED_EDGE('',*,*,#774,.T.);
#419=ORIENTED_EDGE('',*,*,#775,.F.);
#420=ORIENTED_EDGE('',*,*,#776,.T.);
#421=ORIENTED_EDGE('',*,*,#777,.F.);
#422=ORIENTED_EDGE('',*,*,#778,.T.);
#423=ORIENTED_EDGE('',*,*,#779,.F.);
#424=ORIENTED_EDGE('',*,*,#780,.T.);
#425=ORIENTED_EDGE('',*,*,#781,.F.);
#426=ORIENTED_EDGE('',*,*,#782,.T.);
#427=ORIENTED_EDGE('',*,*,#783,.F.);
#428=ORIENTED_EDGE('',*,*,#780,.F.);
#429=ORIENTED_EDGE('',*,*,#778,.F.);
#430=ORIENTED_EDGE('',*,*,#776,.F.);
#431=ORIENTED_EDGE('',*,*,#774,.F.);
#432=ORIENTED_EDGE('',*,*,#772,.F.);
#433=ORIENTED_EDGE('',*,*,#770,.F.);
#434=ORIENTED_EDGE('',*,*,#768,.F.);
#435=ORIENTED_EDGE('',*,*,#766,.F.);
#436=ORIENTED_EDGE('',*,*,#764,.F.);
#437=ORIENTED_EDGE('',*,*,#752,.F.);
#438=ORIENTED_EDGE('',*,*,#756,.F.);
#439=ORIENTED_EDGE('',*,*,#759,.F.);
#440=ORIENTED_EDGE('',*,*,#763,.F.);
#441=ORIENTED_EDGE('',*,*,#742,.T.);
#442=ORIENTED_EDGE('',*,*,#746,.T.);
#443=ORIENTED_EDGE('',*,*,#749,.T.);
#444=ORIENTED_EDGE('',*,*,#761,.T.);
#445=ORIENTED_EDGE('',*,*,#782,.F.);
#446=ORIENTED_EDGE('',*,*,#781,.T.);
#447=ORIENTED_EDGE('',*,*,#779,.T.);
#448=ORIENTED_EDGE('',*,*,#777,.T.);
#449=ORIENTED_EDGE('',*,*,#775,.T.);
#450=ORIENTED_EDGE('',*,*,#773,.T.);
#451=ORIENTED_EDGE('',*,*,#771,.T.);
#452=ORIENTED_EDGE('',*,*,#769,.T.);
#453=ORIENTED_EDGE('',*,*,#767,.T.);
#454=ORIENTED_EDGE('',*,*,#765,.T.);
#455=ORIENTED_EDGE('',*,*,#740,.F.);
#456=ORIENTED_EDGE('',*,*,#760,.F.);
#457=ORIENTED_EDGE('',*,*,#747,.F.);
#458=ORIENTED_EDGE('',*,*,#744,.F.);
#459=ORIENTED_EDGE('',*,*,#783,.T.);
#460=ORIENTED_EDGE('',*,*,#784,.T.);
#461=ORIENTED_EDGE('',*,*,#785,.T.);
#462=ORIENTED_EDGE('',*,*,#786,.T.);
#463=ORIENTED_EDGE('',*,*,#787,.T.);
#464=ORIENTED_EDGE('',*,*,#788,.T.);
#465=ORIENTED_EDGE('',*,*,#789,.T.);
#466=ORIENTED_EDGE('',*,*,#786,.F.);
#467=ORIENTED_EDGE('',*,*,#790,.F.);
#468=ORIENTED_EDGE('',*,*,#791,.T.);
#469=ORIENTED_EDGE('',*,*,#792,.T.);
#470=ORIENTED_EDGE('',*,*,#789,.F.);
#471=ORIENTED_EDGE('',*,*,#793,.F.);
#472=ORIENTED_EDGE('',*,*,#794,.T.);
#473=ORIENTED_EDGE('',*,*,#790,.T.);
#474=ORIENTED_EDGE('',*,*,#788,.F.);
#475=ORIENTED_EDGE('',*,*,#795,.F.);
#476=ORIENTED_EDGE('',*,*,#796,.T.);
#477=ORIENTED_EDGE('',*,*,#793,.T.);
#478=ORIENTED_EDGE('',*,*,#787,.F.);
#479=ORIENTED_EDGE('',*,*,#792,.F.);
#480=ORIENTED_EDGE('',*,*,#797,.T.);
#481=ORIENTED_EDGE('',*,*,#795,.T.);
#482=ORIENTED_EDGE('',*,*,#798,.T.);
#483=ORIENTED_EDGE('',*,*,#785,.F.);
#484=ORIENTED_EDGE('',*,*,#799,.T.);
#485=ORIENTED_EDGE('',*,*,#784,.F.);
#486=ORIENTED_EDGE('',*,*,#799,.F.);
#487=ORIENTED_EDGE('',*,*,#798,.F.);
#488=ORIENTED_EDGE('',*,*,#791,.F.);
#489=ORIENTED_EDGE('',*,*,#794,.F.);
#490=ORIENTED_EDGE('',*,*,#796,.F.);
#491=ORIENTED_EDGE('',*,*,#797,.F.);
#492=ORIENTED_EDGE('',*,*,#754,.T.);
#493=ORIENTED_EDGE('',*,*,#750,.T.);
#494=ORIENTED_EDGE('',*,*,#762,.T.);
#495=ORIENTED_EDGE('',*,*,#757,.T.);
#496=ORIENTED_EDGE('',*,*,#800,.T.);
#497=ORIENTED_EDGE('',*,*,#801,.F.);
#498=ORIENTED_EDGE('',*,*,#800,.F.);
#499=ORIENTED_EDGE('',*,*,#801,.T.);
#500=ORIENTED_EDGE('',*,*,#802,.F.);
#501=ORIENTED_EDGE('',*,*,#803,.F.);
#502=ORIENTED_EDGE('',*,*,#804,.F.);
#503=ORIENTED_EDGE('',*,*,#805,.F.);
#504=ORIENTED_EDGE('',*,*,#806,.F.);
#505=ORIENTED_EDGE('',*,*,#807,.F.);
#506=ORIENTED_EDGE('',*,*,#802,.T.);
#507=ORIENTED_EDGE('',*,*,#808,.T.);
#508=ORIENTED_EDGE('',*,*,#809,.T.);
#509=ORIENTED_EDGE('',*,*,#810,.F.);
#510=ORIENTED_EDGE('',*,*,#807,.T.);
#511=ORIENTED_EDGE('',*,*,#811,.T.);
#512=ORIENTED_EDGE('',*,*,#812,.T.);
#513=ORIENTED_EDGE('',*,*,#808,.F.);
#514=ORIENTED_EDGE('',*,*,#806,.T.);
#515=ORIENTED_EDGE('',*,*,#813,.T.);
#516=ORIENTED_EDGE('',*,*,#814,.T.);
#517=ORIENTED_EDGE('',*,*,#811,.F.);
#518=ORIENTED_EDGE('',*,*,#805,.T.);
#519=ORIENTED_EDGE('',*,*,#815,.T.);
#520=ORIENTED_EDGE('',*,*,#816,.T.);
#521=ORIENTED_EDGE('',*,*,#813,.F.);
#522=ORIENTED_EDGE('',*,*,#804,.T.);
#523=ORIENTED_EDGE('',*,*,#817,.T.);
#524=ORIENTED_EDGE('',*,*,#818,.T.);
#525=ORIENTED_EDGE('',*,*,#815,.F.);
#526=ORIENTED_EDGE('',*,*,#803,.T.);
#527=ORIENTED_EDGE('',*,*,#810,.T.);
#528=ORIENTED_EDGE('',*,*,#819,.T.);
#529=ORIENTED_EDGE('',*,*,#817,.F.);
#530=ORIENTED_EDGE('',*,*,#809,.F.);
#531=ORIENTED_EDGE('',*,*,#812,.F.);
#532=ORIENTED_EDGE('',*,*,#814,.F.);
#533=ORIENTED_EDGE('',*,*,#816,.F.);
#534=ORIENTED_EDGE('',*,*,#818,.F.);
#535=ORIENTED_EDGE('',*,*,#819,.F.);
#536=ORIENTED_EDGE('',*,*,#820,.T.);
#537=ORIENTED_EDGE('',*,*,#821,.T.);
#538=ORIENTED_EDGE('',*,*,#822,.F.);
#539=ORIENTED_EDGE('',*,*,#823,.F.);
#540=ORIENTED_EDGE('',*,*,#824,.T.);
#541=ORIENTED_EDGE('',*,*,#825,.F.);
#542=ORIENTED_EDGE('',*,*,#820,.F.);
#543=ORIENTED_EDGE('',*,*,#826,.F.);
#544=ORIENTED_EDGE('',*,*,#827,.T.);
#545=ORIENTED_EDGE('',*,*,#828,.F.);
#546=ORIENTED_EDGE('',*,*,#829,.T.);
#547=ORIENTED_EDGE('',*,*,#830,.F.);
#548=ORIENTED_EDGE('',*,*,#824,.F.);
#549=ORIENTED_EDGE('',*,*,#831,.F.);
#550=ORIENTED_EDGE('',*,*,#832,.F.);
#551=ORIENTED_EDGE('',*,*,#833,.F.);
#552=ORIENTED_EDGE('',*,*,#834,.T.);
#553=ORIENTED_EDGE('',*,*,#835,.F.);
#554=ORIENTED_EDGE('',*,*,#834,.F.);
#555=ORIENTED_EDGE('',*,*,#836,.F.);
#556=ORIENTED_EDGE('',*,*,#822,.T.);
#557=ORIENTED_EDGE('',*,*,#837,.T.);
#558=ORIENTED_EDGE('',*,*,#829,.F.);
#559=ORIENTED_EDGE('',*,*,#838,.F.);
#560=ORIENTED_EDGE('',*,*,#821,.F.);
#561=ORIENTED_EDGE('',*,*,#825,.T.);
#562=ORIENTED_EDGE('',*,*,#830,.T.);
#563=ORIENTED_EDGE('',*,*,#837,.F.);
#564=ORIENTED_EDGE('',*,*,#839,.F.);
#565=ORIENTED_EDGE('',*,*,#840,.F.);
#566=ORIENTED_EDGE('',*,*,#832,.T.);
#567=ORIENTED_EDGE('',*,*,#841,.F.);
#568=ORIENTED_EDGE('',*,*,#827,.F.);
#569=ORIENTED_EDGE('',*,*,#842,.F.);
#570=ORIENTED_EDGE('',*,*,#839,.T.);
#571=ORIENTED_EDGE('',*,*,#843,.F.);
#572=ORIENTED_EDGE('',*,*,#828,.T.);
#573=ORIENTED_EDGE('',*,*,#843,.T.);
#574=ORIENTED_EDGE('',*,*,#841,.T.);
#575=ORIENTED_EDGE('',*,*,#835,.T.);
#576=ORIENTED_EDGE('',*,*,#838,.T.);
#577=ORIENTED_EDGE('',*,*,#831,.T.);
#578=ORIENTED_EDGE('',*,*,#840,.T.);
#579=ORIENTED_EDGE('',*,*,#842,.T.);
#580=ORIENTED_EDGE('',*,*,#826,.T.);
#581=ORIENTED_EDGE('',*,*,#823,.T.);
#582=ORIENTED_EDGE('',*,*,#836,.T.);
#583=ORIENTED_EDGE('',*,*,#833,.T.);
#584=ORIENTED_EDGE('',*,*,#844,.T.);
#585=ORIENTED_EDGE('',*,*,#845,.T.);
#586=ORIENTED_EDGE('',*,*,#846,.T.);
#587=ORIENTED_EDGE('',*,*,#847,.T.);
#588=ORIENTED_EDGE('',*,*,#848,.T.);
#589=ORIENTED_EDGE('',*,*,#849,.T.);
#590=ORIENTED_EDGE('',*,*,#850,.T.);
#591=ORIENTED_EDGE('',*,*,#851,.T.);
#592=ORIENTED_EDGE('',*,*,#852,.T.);
#593=ORIENTED_EDGE('',*,*,#853,.T.);
#594=ORIENTED_EDGE('',*,*,#854,.T.);
#595=ORIENTED_EDGE('',*,*,#855,.T.);
#596=ORIENTED_EDGE('',*,*,#849,.F.);
#597=ORIENTED_EDGE('',*,*,#856,.T.);
#598=ORIENTED_EDGE('',*,*,#851,.F.);
#599=ORIENTED_EDGE('',*,*,#857,.F.);
#600=ORIENTED_EDGE('',*,*,#848,.F.);
#601=ORIENTED_EDGE('',*,*,#858,.T.);
#602=ORIENTED_EDGE('',*,*,#852,.F.);
#603=ORIENTED_EDGE('',*,*,#856,.F.);
#604=ORIENTED_EDGE('',*,*,#847,.F.);
#605=ORIENTED_EDGE('',*,*,#859,.T.);
#606=ORIENTED_EDGE('',*,*,#853,.F.);
#607=ORIENTED_EDGE('',*,*,#858,.F.);
#608=ORIENTED_EDGE('',*,*,#846,.F.);
#609=ORIENTED_EDGE('',*,*,#860,.T.);
#610=ORIENTED_EDGE('',*,*,#854,.F.);
#611=ORIENTED_EDGE('',*,*,#859,.F.);
#612=ORIENTED_EDGE('',*,*,#845,.F.);
#613=ORIENTED_EDGE('',*,*,#861,.T.);
#614=ORIENTED_EDGE('',*,*,#855,.F.);
#615=ORIENTED_EDGE('',*,*,#860,.F.);
#616=ORIENTED_EDGE('',*,*,#844,.F.);
#617=ORIENTED_EDGE('',*,*,#857,.T.);
#618=ORIENTED_EDGE('',*,*,#850,.F.);
#619=ORIENTED_EDGE('',*,*,#861,.F.);
#620=EDGE_CURVE('',#862,#863,#1042,.T.);
#621=EDGE_CURVE('',#862,#864,#1043,.T.);
#622=EDGE_CURVE('',#864,#865,#1044,.T.);
#623=EDGE_CURVE('',#865,#863,#1045,.T.);
#624=EDGE_CURVE('',#866,#867,#1046,.T.);
#625=EDGE_CURVE('',#866,#862,#1047,.T.);
#626=EDGE_CURVE('',#863,#867,#1048,.T.);
#627=EDGE_CURVE('',#868,#869,#1049,.T.);
#628=EDGE_CURVE('',#868,#866,#1050,.T.);
#629=EDGE_CURVE('',#867,#869,#1051,.T.);
#630=EDGE_CURVE('',#870,#870,#46,.T.);
#631=EDGE_CURVE('',#871,#871,#47,.T.);
#632=EDGE_CURVE('',#872,#872,#48,.T.);
#633=EDGE_CURVE('',#873,#873,#49,.T.);
#634=EDGE_CURVE('',#874,#874,#50,.T.);
#635=EDGE_CURVE('',#875,#875,#51,.T.);
#636=EDGE_CURVE('',#876,#876,#52,.T.);
#637=EDGE_CURVE('',#877,#877,#53,.T.);
#638=EDGE_CURVE('',#878,#878,#54,.T.);
#639=EDGE_CURVE('',#879,#879,#55,.T.);
#640=EDGE_CURVE('',#880,#880,#56,.T.);
#641=EDGE_CURVE('',#881,#881,#57,.T.);
#642=EDGE_CURVE('',#864,#868,#1052,.T.);
#643=EDGE_CURVE('',#869,#865,#1053,.T.);
#644=EDGE_CURVE('',#882,#883,#1054,.T.);
#645=EDGE_CURVE('',#883,#884,#1055,.T.);
#646=EDGE_CURVE('',#884,#885,#1056,.T.);
#647=EDGE_CURVE('',#885,#882,#1057,.T.);
#648=EDGE_CURVE('',#886,#886,#58,.T.);
#649=EDGE_CURVE('',#887,#887,#59,.T.);
#650=EDGE_CURVE('',#888,#888,#60,.T.);
#651=EDGE_CURVE('',#889,#889,#61,.T.);
#652=EDGE_CURVE('',#890,#890,#62,.T.);
#653=EDGE_CURVE('',#891,#891,#63,.T.);
#654=EDGE_CURVE('',#892,#892,#64,.T.);
#655=EDGE_CURVE('',#893,#893,#65,.T.);
#656=EDGE_CURVE('',#894,#894,#66,.T.);
#657=EDGE_CURVE('',#895,#895,#67,.T.);
#658=EDGE_CURVE('',#896,#896,#68,.T.);
#659=EDGE_CURVE('',#897,#897,#69,.T.);
#660=EDGE_CURVE('',#866,#885,#1058,.T.);
#661=EDGE_CURVE('',#882,#868,#1059,.F.);
#662=EDGE_CURVE('',#883,#864,#1060,.F.);
#663=EDGE_CURVE('',#862,#884,#1061,.F.);
#664=EDGE_CURVE('',#898,#899,#1062,.F.);
#665=EDGE_CURVE('',#899,#900,#1063,.T.);
#666=EDGE_CURVE('',#900,#901,#1064,.T.);
#667=EDGE_CURVE('',#898,#901,#1065,.T.);
#668=EDGE_CURVE('',#902,#903,#1066,.T.);
#669=EDGE_CURVE('',#903,#904,#1067,.T.);
#670=EDGE_CURVE('',#905,#904,#1068,.T.);
#671=EDGE_CURVE('',#905,#902,#1069,.T.);
#672=EDGE_CURVE('',#906,#907,#1070,.T.);
#673=EDGE_CURVE('',#906,#905,#1071,.F.);
#674=EDGE_CURVE('',#904,#907,#1072,.T.);
#675=EDGE_CURVE('',#908,#909,#1073,.T.);
#676=EDGE_CURVE('',#909,#903,#1074,.T.);
#677=EDGE_CURVE('',#902,#908,#1075,.F.);
#678=EDGE_CURVE('',#901,#909,#1076,.T.);
#679=EDGE_CURVE('',#908,#898,#1077,.F.);
#680=EDGE_CURVE('',#907,#900,#1078,.T.);
#681=EDGE_CURVE('',#899,#906,#1079,.T.);
#682=EDGE_CURVE('',#910,#910,#70,.T.);
#683=EDGE_CURVE('',#911,#911,#71,.T.);
#684=EDGE_CURVE('',#912,#913,#1080,.T.);
#685=EDGE_CURVE('',#914,#912,#1081,.T.);
#686=EDGE_CURVE('',#914,#915,#1082,.T.);
#687=EDGE_CURVE('',#915,#913,#1083,.T.);
#688=EDGE_CURVE('',#912,#916,#1084,.T.);
#689=EDGE_CURVE('',#917,#916,#1085,.T.);
#690=EDGE_CURVE('',#914,#917,#1086,.T.);
#691=EDGE_CURVE('',#916,#918,#1087,.T.);
#692=EDGE_CURVE('',#919,#918,#1088,.T.);
#693=EDGE_CURVE('',#917,#919,#1089,.T.);
#694=EDGE_CURVE('',#913,#918,#1090,.T.);
#695=EDGE_CURVE('',#915,#919,#1091,.T.);
#696=EDGE_CURVE('',#920,#920,#72,.T.);
#697=EDGE_CURVE('',#921,#921,#73,.T.);
#698=EDGE_CURVE('',#922,#923,#1092,.T.);
#699=EDGE_CURVE('',#924,#923,#1093,.T.);
#700=EDGE_CURVE('',#925,#924,#1094,.T.);
#701=EDGE_CURVE('',#925,#922,#1095,.T.);
#702=EDGE_CURVE('',#922,#926,#1096,.T.);
#703=EDGE_CURVE('',#925,#927,#1097,.T.);
#704=EDGE_CURVE('',#927,#926,#1098,.T.);
#705=EDGE_CURVE('',#926,#928,#1099,.T.);
#706=EDGE_CURVE('',#927,#929,#1100,.T.);
#707=EDGE_CURVE('',#929,#928,#1101,.T.);
#708=EDGE_CURVE('',#923,#928,#1102,.T.);
#709=EDGE_CURVE('',#924,#929,#1103,.T.);
#710=EDGE_CURVE('',#930,#930,#74,.T.);
#711=EDGE_CURVE('',#931,#931,#75,.T.);
#712=EDGE_CURVE('',#932,#932,#76,.T.);
#713=EDGE_CURVE('',#933,#933,#77,.T.);
#714=EDGE_CURVE('',#934,#935,#1104,.T.);
#715=EDGE_CURVE('',#936,#935,#1105,.T.);
#716=EDGE_CURVE('',#937,#936,#1106,.T.);
#717=EDGE_CURVE('',#937,#934,#1107,.T.);
#718=EDGE_CURVE('',#938,#939,#1108,.T.);
#719=EDGE_CURVE('',#939,#940,#1109,.T.);
#720=EDGE_CURVE('',#941,#940,#1110,.T.);
#721=EDGE_CURVE('',#938,#941,#1111,.T.);
#722=EDGE_CURVE('',#940,#936,#1112,.T.);
#723=EDGE_CURVE('',#939,#937,#1113,.T.);
#724=EDGE_CURVE('',#938,#934,#1114,.T.);
#725=EDGE_CURVE('',#941,#935,#1115,.T.);
#726=EDGE_CURVE('',#942,#943,#1116,.T.);
#727=EDGE_CURVE('',#944,#942,#1117,.T.);
#728=EDGE_CURVE('',#944,#945,#1118,.T.);
#729=EDGE_CURVE('',#945,#943,#1119,.T.);
#730=EDGE_CURVE('',#946,#947,#1120,.T.);
#731=EDGE_CURVE('',#946,#948,#1121,.T.);
#732=EDGE_CURVE('',#948,#949,#1122,.T.);
#733=EDGE_CURVE('',#947,#949,#1123,.T.);
#734=EDGE_CURVE('',#949,#945,#1124,.T.);
#735=EDGE_CURVE('',#947,#944,#1125,.T.);
#736=EDGE_CURVE('',#946,#942,#1126,.T.);
#737=EDGE_CURVE('',#948,#943,#1127,.T.);
#738=EDGE_CURVE('',#950,#950,#78,.T.);
#739=EDGE_CURVE('',#951,#951,#79,.T.);
#740=EDGE_CURVE('',#952,#953,#1128,.T.);
#741=EDGE_CURVE('',#954,#953,#1129,.T.);
#742=EDGE_CURVE('',#955,#954,#1130,.T.);
#743=EDGE_CURVE('',#955,#952,#1131,.T.);
#744=EDGE_CURVE('',#953,#956,#1132,.T.);
#745=EDGE_CURVE('',#957,#956,#1133,.T.);
#746=EDGE_CURVE('',#954,#957,#1134,.T.);
#747=EDGE_CURVE('',#956,#958,#1135,.T.);
#748=EDGE_CURVE('',#959,#958,#1136,.T.);
#749=EDGE_CURVE('',#957,#959,#1137,.T.);
#750=EDGE_CURVE('',#960,#961,#1138,.T.);
#751=EDGE_CURVE('',#962,#960,#1139,.T.);
#752=EDGE_CURVE('',#962,#963,#1140,.T.);
#753=EDGE_CURVE('',#963,#961,#1141,.T.);
#754=EDGE_CURVE('',#964,#960,#1142,.T.);
#755=EDGE_CURVE('',#965,#964,#1143,.T.);
#756=EDGE_CURVE('',#965,#962,#1144,.T.);
#757=EDGE_CURVE('',#966,#964,#1145,.T.);
#758=EDGE_CURVE('',#967,#966,#1146,.T.);
#759=EDGE_CURVE('',#967,#965,#1147,.T.);
#760=EDGE_CURVE('',#958,#952,#1148,.T.);
#761=EDGE_CURVE('',#959,#955,#1149,.T.);
#762=EDGE_CURVE('',#961,#966,#1150,.T.);
#763=EDGE_CURVE('',#963,#967,#1151,.T.);
#764=EDGE_CURVE('',#968,#968,#80,.T.);
#765=EDGE_CURVE('',#969,#969,#81,.T.);
#766=EDGE_CURVE('',#970,#970,#82,.T.);
#767=EDGE_CURVE('',#971,#971,#83,.T.);
#768=EDGE_CURVE('',#972,#972,#84,.T.);
#769=EDGE_CURVE('',#973,#973,#85,.T.);
#770=EDGE_CURVE('',#974,#974,#86,.T.);
#771=EDGE_CURVE('',#975,#975,#87,.T.);
#772=EDGE_CURVE('',#976,#976,#88,.T.);
#773=EDGE_CURVE('',#977,#977,#89,.T.);
#774=EDGE_CURVE('',#978,#978,#90,.T.);
#775=EDGE_CURVE('',#979,#979,#91,.T.);
#776=EDGE_CURVE('',#980,#980,#92,.T.);
#777=EDGE_CURVE('',#981,#981,#93,.T.);
#778=EDGE_CURVE('',#982,#982,#94,.T.);
#779=EDGE_CURVE('',#983,#983,#95,.T.);
#780=EDGE_CURVE('',#984,#984,#96,.T.);
#781=EDGE_CURVE('',#985,#985,#97,.T.);
#782=EDGE_CURVE('',#986,#986,#98,.T.);
#783=EDGE_CURVE('',#987,#987,#99,.T.);
#784=EDGE_CURVE('',#988,#988,#100,.T.);
#785=EDGE_CURVE('',#989,#989,#101,.T.);
#786=EDGE_CURVE('',#990,#991,#1152,.T.);
#787=EDGE_CURVE('',#991,#992,#1153,.T.);
#788=EDGE_CURVE('',#992,#993,#1154,.T.);
#789=EDGE_CURVE('',#993,#990,#1155,.T.);
#790=EDGE_CURVE('',#994,#990,#1156,.T.);
#791=EDGE_CURVE('',#994,#995,#1157,.T.);
#792=EDGE_CURVE('',#995,#991,#1158,.T.);
#793=EDGE_CURVE('',#996,#993,#1159,.T.);
#794=EDGE_CURVE('',#996,#994,#1160,.T.);
#795=EDGE_CURVE('',#997,#992,#1161,.T.);
#796=EDGE_CURVE('',#997,#996,#1162,.T.);
#797=EDGE_CURVE('',#995,#997,#1163,.T.);
#798=EDGE_CURVE('',#998,#998,#102,.T.);
#799=EDGE_CURVE('',#999,#999,#103,.T.);
#800=EDGE_CURVE('',#1000,#1000,#104,.T.);
#801=EDGE_CURVE('',#1001,#1001,#105,.T.);
#802=EDGE_CURVE('',#1002,#1003,#1164,.T.);
#803=EDGE_CURVE('',#1004,#1002,#1165,.T.);
#804=EDGE_CURVE('',#1005,#1004,#1166,.T.);
#805=EDGE_CURVE('',#1006,#1005,#1167,.T.);
#806=EDGE_CURVE('',#1007,#1006,#1168,.T.);
#807=EDGE_CURVE('',#1003,#1007,#1169,.T.);
#808=EDGE_CURVE('',#1003,#1008,#1170,.T.);
#809=EDGE_CURVE('',#1008,#1009,#1171,.T.);
#810=EDGE_CURVE('',#1002,#1009,#1172,.T.);
#811=EDGE_CURVE('',#1007,#1010,#1173,.T.);
#812=EDGE_CURVE('',#1010,#1008,#1174,.T.);
#813=EDGE_CURVE('',#1006,#1011,#1175,.T.);
#814=EDGE_CURVE('',#1011,#1010,#1176,.T.);
#815=EDGE_CURVE('',#1005,#1012,#1177,.T.);
#816=EDGE_CURVE('',#1012,#1011,#1178,.T.);
#817=EDGE_CURVE('',#1004,#1013,#1179,.T.);
#818=EDGE_CURVE('',#1013,#1012,#1180,.T.);
#819=EDGE_CURVE('',#1009,#1013,#1181,.T.);
#820=EDGE_CURVE('',#1014,#1015,#1182,.T.);
#821=EDGE_CURVE('',#1015,#1016,#1183,.T.);
#822=EDGE_CURVE('',#1017,#1016,#1184,.T.);
#823=EDGE_CURVE('',#1014,#1017,#1185,.T.);
#824=EDGE_CURVE('',#1018,#1019,#1186,.T.);
#825=EDGE_CURVE('',#1015,#1019,#1187,.T.);
#826=EDGE_CURVE('',#1020,#1014,#1188,.F.);
#827=EDGE_CURVE('',#1020,#1021,#1189,.T.);
#828=EDGE_CURVE('',#1018,#1021,#1190,.T.);
#829=EDGE_CURVE('',#1022,#1023,#1191,.T.);
#830=EDGE_CURVE('',#1019,#1023,#1192,.T.);
#831=EDGE_CURVE('',#1022,#1018,#1193,.T.);
#832=EDGE_CURVE('',#1024,#1025,#1194,.T.);
#833=EDGE_CURVE('',#1026,#1024,#1195,.T.);
#834=EDGE_CURVE('',#1026,#1027,#1196,.T.);
#835=EDGE_CURVE('',#1025,#1027,#1197,.T.);
#836=EDGE_CURVE('',#1017,#1026,#1198,.F.);
#837=EDGE_CURVE('',#1016,#1023,#1199,.T.);
#838=EDGE_CURVE('',#1027,#1022,#1200,.T.);
#839=EDGE_CURVE('',#1028,#1029,#1201,.T.);
#840=EDGE_CURVE('',#1024,#1028,#1202,.F.);
#841=EDGE_CURVE('',#1029,#1025,#1203,.T.);
#842=EDGE_CURVE('',#1028,#1020,#1204,.F.);
#843=EDGE_CURVE('',#1021,#1029,#1205,.T.);
#844=EDGE_CURVE('',#1030,#1031,#1206,.T.);
#845=EDGE_CURVE('',#1031,#1032,#1207,.T.);
#846=EDGE_CURVE('',#1032,#1033,#1208,.T.);
#847=EDGE_CURVE('',#1033,#1034,#1209,.T.);
#848=EDGE_CURVE('',#1034,#1035,#1210,.T.);
#849=EDGE_CURVE('',#1035,#1030,#1211,.T.);
#850=EDGE_CURVE('',#1036,#1037,#1212,.T.);
#851=EDGE_CURVE('',#1037,#1038,#1213,.T.);
#852=EDGE_CURVE('',#1038,#1039,#1214,.T.);
#853=EDGE_CURVE('',#1039,#1040,#1215,.T.);
#854=EDGE_CURVE('',#1040,#1041,#1216,.T.);
#855=EDGE_CURVE('',#1041,#1036,#1217,.T.);
#856=EDGE_CURVE('',#1035,#1038,#1218,.T.);
#857=EDGE_CURVE('',#1030,#1037,#1219,.T.);
#858=EDGE_CURVE('',#1034,#1039,#1220,.T.);
#859=EDGE_CURVE('',#1033,#1040,#1221,.T.);
#860=EDGE_CURVE('',#1032,#1041,#1222,.T.);
#861=EDGE_CURVE('',#1031,#1036,#1223,.T.);
#862=VERTEX_POINT('',#3045);
#863=VERTEX_POINT('',#3046);
#864=VERTEX_POINT('',#3048);
#865=VERTEX_POINT('',#3050);
#866=VERTEX_POINT('',#3054);
#867=VERTEX_POINT('',#3055);
#868=VERTEX_POINT('',#3060);
#869=VERTEX_POINT('',#3061);
#870=VERTEX_POINT('',#3066);
#871=VERTEX_POINT('',#3068);
#872=VERTEX_POINT('',#3071);
#873=VERTEX_POINT('',#3073);
#874=VERTEX_POINT('',#3076);
#875=VERTEX_POINT('',#3078);
#876=VERTEX_POINT('',#3081);
#877=VERTEX_POINT('',#3083);
#878=VERTEX_POINT('',#3086);
#879=VERTEX_POINT('',#3088);
#880=VERTEX_POINT('',#3091);
#881=VERTEX_POINT('',#3093);
#882=VERTEX_POINT('',#3099);
#883=VERTEX_POINT('',#3100);
#884=VERTEX_POINT('',#3102);
#885=VERTEX_POINT('',#3104);
#886=VERTEX_POINT('',#3108);
#887=VERTEX_POINT('',#3110);
#888=VERTEX_POINT('',#3112);
#889=VERTEX_POINT('',#3114);
#890=VERTEX_POINT('',#3116);
#891=VERTEX_POINT('',#3118);
#892=VERTEX_POINT('',#3121);
#893=VERTEX_POINT('',#3125);
#894=VERTEX_POINT('',#3128);
#895=VERTEX_POINT('',#3131);
#896=VERTEX_POINT('',#3134);
#897=VERTEX_POINT('',#3137);
#898=VERTEX_POINT('',#3150);
#899=VERTEX_POINT('',#3151);
#900=VERTEX_POINT('',#3153);
#901=VERTEX_POINT('',#3155);
#902=VERTEX_POINT('',#3159);
#903=VERTEX_POINT('',#3160);
#904=VERTEX_POINT('',#3162);
#905=VERTEX_POINT('',#3164);
#906=VERTEX_POINT('',#3168);
#907=VERTEX_POINT('',#3169);
#908=VERTEX_POINT('',#3174);
#909=VERTEX_POINT('',#3175);
#910=VERTEX_POINT('',#3189);
#911=VERTEX_POINT('',#3191);
#912=VERTEX_POINT('',#3197);
#913=VERTEX_POINT('',#3198);
#914=VERTEX_POINT('',#3200);
#915=VERTEX_POINT('',#3202);
#916=VERTEX_POINT('',#3206);
#917=VERTEX_POINT('',#3208);
#918=VERTEX_POINT('',#3212);
#919=VERTEX_POINT('',#3214);
#920=VERTEX_POINT('',#3224);
#921=VERTEX_POINT('',#3226);
#922=VERTEX_POINT('',#3232);
#923=VERTEX_POINT('',#3233);
#924=VERTEX_POINT('',#3235);
#925=VERTEX_POINT('',#3237);
#926=VERTEX_POINT('',#3241);
#927=VERTEX_POINT('',#3243);
#928=VERTEX_POINT('',#3247);
#929=VERTEX_POINT('',#3249);
#930=VERTEX_POINT('',#3259);
#931=VERTEX_POINT('',#3261);
#932=VERTEX_POINT('',#3267);
#933=VERTEX_POINT('',#3269);
#934=VERTEX_POINT('',#3275);
#935=VERTEX_POINT('',#3276);
#936=VERTEX_POINT('',#3278);
#937=VERTEX_POINT('',#3280);
#938=VERTEX_POINT('',#3284);
#939=VERTEX_POINT('',#3285);
#940=VERTEX_POINT('',#3287);
#941=VERTEX_POINT('',#3289);
#942=VERTEX_POINT('',#3302);
#943=VERTEX_POINT('',#3303);
#944=VERTEX_POINT('',#3305);
#945=VERTEX_POINT('',#3307);
#946=VERTEX_POINT('',#3311);
#947=VERTEX_POINT('',#3312);
#948=VERTEX_POINT('',#3314);
#949=VERTEX_POINT('',#3316);
#950=VERTEX_POINT('',#3329);
#951=VERTEX_POINT('',#3331);
#952=VERTEX_POINT('',#3337);
#953=VERTEX_POINT('',#3338);
#954=VERTEX_POINT('',#3340);
#955=VERTEX_POINT('',#3342);
#956=VERTEX_POINT('',#3346);
#957=VERTEX_POINT('',#3348);
#958=VERTEX_POINT('',#3352);
#959=VERTEX_POINT('',#3354);
#960=VERTEX_POINT('',#3358);
#961=VERTEX_POINT('',#3359);
#962=VERTEX_POINT('',#3361);
#963=VERTEX_POINT('',#3363);
#964=VERTEX_POINT('',#3367);
#965=VERTEX_POINT('',#3369);
#966=VERTEX_POINT('',#3373);
#967=VERTEX_POINT('',#3375);
#968=VERTEX_POINT('',#3385);
#969=VERTEX_POINT('',#3387);
#970=VERTEX_POINT('',#3390);
#971=VERTEX_POINT('',#3392);
#972=VERTEX_POINT('',#3395);
#973=VERTEX_POINT('',#3397);
#974=VERTEX_POINT('',#3400);
#975=VERTEX_POINT('',#3402);
#976=VERTEX_POINT('',#3405);
#977=VERTEX_POINT('',#3407);
#978=VERTEX_POINT('',#3410);
#979=VERTEX_POINT('',#3412);
#980=VERTEX_POINT('',#3415);
#981=VERTEX_POINT('',#3417);
#982=VERTEX_POINT('',#3420);
#983=VERTEX_POINT('',#3422);
#984=VERTEX_POINT('',#3425);
#985=VERTEX_POINT('',#3427);
#986=VERTEX_POINT('',#3430);
#987=VERTEX_POINT('',#3432);
#988=VERTEX_POINT('',#3436);
#989=VERTEX_POINT('',#3438);
#990=VERTEX_POINT('',#3440);
#991=VERTEX_POINT('',#3441);
#992=VERTEX_POINT('',#3443);
#993=VERTEX_POINT('',#3445);
#994=VERTEX_POINT('',#3449);
#995=VERTEX_POINT('',#3451);
#996=VERTEX_POINT('',#3455);
#997=VERTEX_POINT('',#3459);
#998=VERTEX_POINT('',#3465);
#999=VERTEX_POINT('',#3468);
#1000=VERTEX_POINT('',#3473);
#1001=VERTEX_POINT('',#3475);
#1002=VERTEX_POINT('',#3481);
#1003=VERTEX_POINT('',#3482);
#1004=VERTEX_POINT('',#3484);
#1005=VERTEX_POINT('',#3486);
#1006=VERTEX_POINT('',#3488);
#1007=VERTEX_POINT('',#3490);
#1008=VERTEX_POINT('',#3494);
#1009=VERTEX_POINT('',#3496);
#1010=VERTEX_POINT('',#3500);
#1011=VERTEX_POINT('',#3504);
#1012=VERTEX_POINT('',#3508);
#1013=VERTEX_POINT('',#3512);
#1014=VERTEX_POINT('',#3520);
#1015=VERTEX_POINT('',#3521);
#1016=VERTEX_POINT('',#3523);
#1017=VERTEX_POINT('',#3525);
#1018=VERTEX_POINT('',#3529);
#1019=VERTEX_POINT('',#3530);
#1020=VERTEX_POINT('',#3533);
#1021=VERTEX_POINT('',#3535);
#1022=VERTEX_POINT('',#3539);
#1023=VERTEX_POINT('',#3540);
#1024=VERTEX_POINT('',#3545);
#1025=VERTEX_POINT('',#3546);
#1026=VERTEX_POINT('',#3548);
#1027=VERTEX_POINT('',#3550);
#1028=VERTEX_POINT('',#3559);
#1029=VERTEX_POINT('',#3560);
#1030=VERTEX_POINT('',#3571);
#1031=VERTEX_POINT('',#3572);
#1032=VERTEX_POINT('',#3574);
#1033=VERTEX_POINT('',#3576);
#1034=VERTEX_POINT('',#3578);
#1035=VERTEX_POINT('',#3580);
#1036=VERTEX_POINT('',#3584);
#1037=VERTEX_POINT('',#3585);
#1038=VERTEX_POINT('',#3587);
#1039=VERTEX_POINT('',#3589);
#1040=VERTEX_POINT('',#3591);
#1041=VERTEX_POINT('',#3593);
#1042=LINE('',#3044,#1224);
#1043=LINE('',#3047,#1225);
#1044=LINE('',#3049,#1226);
#1045=LINE('',#3051,#1227);
#1046=LINE('',#3053,#1228);
#1047=LINE('',#3056,#1229);
#1048=LINE('',#3057,#1230);
#1049=LINE('',#3059,#1231);
#1050=LINE('',#3062,#1232);
#1051=LINE('',#3063,#1233);
#1052=LINE('',#3095,#1234);
#1053=LINE('',#3096,#1235);
#1054=LINE('',#3098,#1236);
#1055=LINE('',#3101,#1237);
#1056=LINE('',#3103,#1238);
#1057=LINE('',#3105,#1239);
#1058=LINE('',#3140,#1240);
#1059=LINE('',#3141,#1241);
#1060=LINE('',#3143,#1242);
#1061=LINE('',#3145,#1243);
#1062=LINE('',#3149,#1244);
#1063=LINE('',#3152,#1245);
#1064=LINE('',#3154,#1246);
#1065=LINE('',#3156,#1247);
#1066=LINE('',#3158,#1248);
#1067=LINE('',#3161,#1249);
#1068=LINE('',#3163,#1250);
#1069=LINE('',#3165,#1251);
#1070=LINE('',#3167,#1252);
#1071=LINE('',#3170,#1253);
#1072=LINE('',#3171,#1254);
#1073=LINE('',#3173,#1255);
#1074=LINE('',#3176,#1256);
#1075=LINE('',#3177,#1257);
#1076=LINE('',#3179,#1258);
#1077=LINE('',#3180,#1259);
#1078=LINE('',#3182,#1260);
#1079=LINE('',#3184,#1261);
#1080=LINE('',#3196,#1262);
#1081=LINE('',#3199,#1263);
#1082=LINE('',#3201,#1264);
#1083=LINE('',#3203,#1265);
#1084=LINE('',#3205,#1266);
#1085=LINE('',#3207,#1267);
#1086=LINE('',#3209,#1268);
#1087=LINE('',#3211,#1269);
#1088=LINE('',#3213,#1270);
#1089=LINE('',#3215,#1271);
#1090=LINE('',#3217,#1272);
#1091=LINE('',#3218,#1273);
#1092=LINE('',#3231,#1274);
#1093=LINE('',#3234,#1275);
#1094=LINE('',#3236,#1276);
#1095=LINE('',#3238,#1277);
#1096=LINE('',#3240,#1278);
#1097=LINE('',#3242,#1279);
#1098=LINE('',#3244,#1280);
#1099=LINE('',#3246,#1281);
#1100=LINE('',#3248,#1282);
#1101=LINE('',#3250,#1283);
#1102=LINE('',#3252,#1284);
#1103=LINE('',#3253,#1285);
#1104=LINE('',#3274,#1286);
#1105=LINE('',#3277,#1287);
#1106=LINE('',#3279,#1288);
#1107=LINE('',#3281,#1289);
#1108=LINE('',#3283,#1290);
#1109=LINE('',#3286,#1291);
#1110=LINE('',#3288,#1292);
#1111=LINE('',#3290,#1293);
#1112=LINE('',#3292,#1294);
#1113=LINE('',#3293,#1295);
#1114=LINE('',#3295,#1296);
#1115=LINE('',#3297,#1297);
#1116=LINE('',#3301,#1298);
#1117=LINE('',#3304,#1299);
#1118=LINE('',#3306,#1300);
#1119=LINE('',#3308,#1301);
#1120=LINE('',#3310,#1302);
#1121=LINE('',#3313,#1303);
#1122=LINE('',#3315,#1304);
#1123=LINE('',#3317,#1305);
#1124=LINE('',#3319,#1306);
#1125=LINE('',#3320,#1307);
#1126=LINE('',#3322,#1308);
#1127=LINE('',#3324,#1309);
#1128=LINE('',#3336,#1310);
#1129=LINE('',#3339,#1311);
#1130=LINE('',#3341,#1312);
#1131=LINE('',#3343,#1313);
#1132=LINE('',#3345,#1314);
#1133=LINE('',#3347,#1315);
#1134=LINE('',#3349,#1316);
#1135=LINE('',#3351,#1317);
#1136=LINE('',#3353,#1318);
#1137=LINE('',#3355,#1319);
#1138=LINE('',#3357,#1320);
#1139=LINE('',#3360,#1321);
#1140=LINE('',#3362,#1322);
#1141=LINE('',#3364,#1323);
#1142=LINE('',#3366,#1324);
#1143=LINE('',#3368,#1325);
#1144=LINE('',#3370,#1326);
#1145=LINE('',#3372,#1327);
#1146=LINE('',#3374,#1328);
#1147=LINE('',#3376,#1329);
#1148=LINE('',#3378,#1330);
#1149=LINE('',#3379,#1331);
#1150=LINE('',#3381,#1332);
#1151=LINE('',#3382,#1333);
#1152=LINE('',#3439,#1334);
#1153=LINE('',#3442,#1335);
#1154=LINE('',#3444,#1336);
#1155=LINE('',#3446,#1337);
#1156=LINE('',#3448,#1338);
#1157=LINE('',#3450,#1339);
#1158=LINE('',#3452,#1340);
#1159=LINE('',#3454,#1341);
#1160=LINE('',#3456,#1342);
#1161=LINE('',#3458,#1343);
#1162=LINE('',#3460,#1344);
#1163=LINE('',#3462,#1345);
#1164=LINE('',#3480,#1346);
#1165=LINE('',#3483,#1347);
#1166=LINE('',#3485,#1348);
#1167=LINE('',#3487,#1349);
#1168=LINE('',#3489,#1350);
#1169=LINE('',#3491,#1351);
#1170=LINE('',#3493,#1352);
#1171=LINE('',#3495,#1353);
#1172=LINE('',#3497,#1354);
#1173=LINE('',#3499,#1355);
#1174=LINE('',#3501,#1356);
#1175=LINE('',#3503,#1357);
#1176=LINE('',#3505,#1358);
#1177=LINE('',#3507,#1359);
#1178=LINE('',#3509,#1360);
#1179=LINE('',#3511,#1361);
#1180=LINE('',#3513,#1362);
#1181=LINE('',#3515,#1363);
#1182=LINE('',#3519,#1364);
#1183=LINE('',#3522,#1365);
#1184=LINE('',#3524,#1366);
#1185=LINE('',#3526,#1367);
#1186=LINE('',#3528,#1368);
#1187=LINE('',#3531,#1369);
#1188=LINE('',#3532,#1370);
#1189=LINE('',#3534,#1371);
#1190=LINE('',#3536,#1372);
#1191=LINE('',#3538,#1373);
#1192=LINE('',#3541,#1374);
#1193=LINE('',#3542,#1375);
#1194=LINE('',#3544,#1376);
#1195=LINE('',#3547,#1377);
#1196=LINE('',#3549,#1378);
#1197=LINE('',#3551,#1379);
#1198=LINE('',#3553,#1380);
#1199=LINE('',#3554,#1381);
#1200=LINE('',#3555,#1382);
#1201=LINE('',#3558,#1383);
#1202=LINE('',#3561,#1384);
#1203=LINE('',#3562,#1385);
#1204=LINE('',#3564,#1386);
#1205=LINE('',#3565,#1387);
#1206=LINE('',#3570,#1388);
#1207=LINE('',#3573,#1389);
#1208=LINE('',#3575,#1390);
#1209=LINE('',#3577,#1391);
#1210=LINE('',#3579,#1392);
#1211=LINE('',#3581,#1393);
#1212=LINE('',#3583,#1394);
#1213=LINE('',#3586,#1395);
#1214=LINE('',#3588,#1396);
#1215=LINE('',#3590,#1397);
#1216=LINE('',#3592,#1398);
#1217=LINE('',#3594,#1399);
#1218=LINE('',#3596,#1400);
#1219=LINE('',#3597,#1401);
#1220=LINE('',#3599,#1402);
#1221=LINE('',#3601,#1403);
#1222=LINE('',#3603,#1404);
#1223=LINE('',#3605,#1405);
#1224=VECTOR('',#2458,1.);
#1225=VECTOR('',#2459,1.);
#1226=VECTOR('',#2460,1.);
#1227=VECTOR('',#2461,1.);
#1228=VECTOR('',#2464,1.);
#1229=VECTOR('',#2465,1.);
#1230=VECTOR('',#2466,1.);
#1231=VECTOR('',#2469,1.);
#1232=VECTOR('',#2470,1.);
#1233=VECTOR('',#2471,1.);
#1234=VECTOR('',#2510,1.);
#1235=VECTOR('',#2511,1.);
#1236=VECTOR('',#2514,1.);
#1237=VECTOR('',#2515,1.);
#1238=VECTOR('',#2516,1.);
#1239=VECTOR('',#2517,1.);
#1240=VECTOR('',#2562,1.);
#1241=VECTOR('',#2563,1.);
#1242=VECTOR('',#2566,1.);
#1243=VECTOR('',#2569,1.);
#1244=VECTOR('',#2576,1.);
#1245=VECTOR('',#2577,1.);
#1246=VECTOR('',#2578,1.);
#1247=VECTOR('',#2579,1.);
#1248=VECTOR('',#2582,1.);
#1249=VECTOR('',#2583,1.);
#1250=VECTOR('',#2584,1.);
#1251=VECTOR('',#2585,1.);
#1252=VECTOR('',#2588,1.);
#1253=VECTOR('',#2589,1.);
#1254=VECTOR('',#2590,1.);
#1255=VECTOR('',#2593,1.);
#1256=VECTOR('',#2594,1.);
#1257=VECTOR('',#2595,1.);
#1258=VECTOR('',#2598,1.);
#1259=VECTOR('',#2599,1.);
#1260=VECTOR('',#2602,1.);
#1261=VECTOR('',#2605,1.);
#1262=VECTOR('',#2624,1.);
#1263=VECTOR('',#2625,1.);
#1264=VECTOR('',#2626,1.);
#1265=VECTOR('',#2627,1.);
#1266=VECTOR('',#2630,1.);
#1267=VECTOR('',#2631,1.);
#1268=VECTOR('',#2632,1.);
#1269=VECTOR('',#2635,1.);
#1270=VECTOR('',#2636,1.);
#1271=VECTOR('',#2637,1.);
#1272=VECTOR('',#2640,1.);
#1273=VECTOR('',#2641,1.);
#1274=VECTOR('',#2662,1.);
#1275=VECTOR('',#2663,1.);
#1276=VECTOR('',#2664,1.);
#1277=VECTOR('',#2665,1.);
#1278=VECTOR('',#2668,1.);
#1279=VECTOR('',#2669,1.);
#1280=VECTOR('',#2670,1.);
#1281=VECTOR('',#2673,1.);
#1282=VECTOR('',#2674,1.);
#1283=VECTOR('',#2675,1.);
#1284=VECTOR('',#2678,1.);
#1285=VECTOR('',#2679,1.);
#1286=VECTOR('',#2712,1.);
#1287=VECTOR('',#2713,1.);
#1288=VECTOR('',#2714,1.);
#1289=VECTOR('',#2715,1.);
#1290=VECTOR('',#2718,1.);
#1291=VECTOR('',#2719,1.);
#1292=VECTOR('',#2720,1.);
#1293=VECTOR('',#2721,1.);
#1294=VECTOR('',#2724,1.);
#1295=VECTOR('',#2725,1.);
#1296=VECTOR('',#2728,1.);
#1297=VECTOR('',#2731,1.);
#1298=VECTOR('',#2738,1.);
#1299=VECTOR('',#2739,1.);
#1300=VECTOR('',#2740,1.);
#1301=VECTOR('',#2741,1.);
#1302=VECTOR('',#2744,1.);
#1303=VECTOR('',#2745,1.);
#1304=VECTOR('',#2746,1.);
#1305=VECTOR('',#2747,1.);
#1306=VECTOR('',#2750,1.);
#1307=VECTOR('',#2751,1.);
#1308=VECTOR('',#2754,1.);
#1309=VECTOR('',#2757,1.);
#1310=VECTOR('',#2776,1.);
#1311=VECTOR('',#2777,1.);
#1312=VECTOR('',#2778,1.);
#1313=VECTOR('',#2779,1.);
#1314=VECTOR('',#2782,1.);
#1315=VECTOR('',#2783,1.);
#1316=VECTOR('',#2784,1.);
#1317=VECTOR('',#2787,1.);
#1318=VECTOR('',#2788,1.);
#1319=VECTOR('',#2789,1.);
#1320=VECTOR('',#2792,1.);
#1321=VECTOR('',#2793,1.);
#1322=VECTOR('',#2794,1.);
#1323=VECTOR('',#2795,1.);
#1324=VECTOR('',#2798,1.);
#1325=VECTOR('',#2799,1.);
#1326=VECTOR('',#2800,1.);
#1327=VECTOR('',#2803,1.);
#1328=VECTOR('',#2804,1.);
#1329=VECTOR('',#2805,1.);
#1330=VECTOR('',#2808,1.);
#1331=VECTOR('',#2809,1.);
#1332=VECTOR('',#2812,1.);
#1333=VECTOR('',#2813,1.);
#1334=VECTOR('',#2882,1.);
#1335=VECTOR('',#2883,1.);
#1336=VECTOR('',#2884,1.);
#1337=VECTOR('',#2885,1.);
#1338=VECTOR('',#2888,1.);
#1339=VECTOR('',#2889,1.);
#1340=VECTOR('',#2890,1.);
#1341=VECTOR('',#2893,1.);
#1342=VECTOR('',#2894,1.);
#1343=VECTOR('',#2897,1.);
#1344=VECTOR('',#2898,1.);
#1345=VECTOR('',#2901,1.);
#1346=VECTOR('',#2928,1.);
#1347=VECTOR('',#2929,1.);
#1348=VECTOR('',#2930,1.);
#1349=VECTOR('',#2931,1.);
#1350=VECTOR('',#2932,1.);
#1351=VECTOR('',#2933,1.);
#1352=VECTOR('',#2936,1.);
#1353=VECTOR('',#2937,1.);
#1354=VECTOR('',#2938,1.);
#1355=VECTOR('',#2941,1.);
#1356=VECTOR('',#2942,1.);
#1357=VECTOR('',#2945,1.);
#1358=VECTOR('',#2946,1.);
#1359=VECTOR('',#2949,1.);
#1360=VECTOR('',#2950,1.);
#1361=VECTOR('',#2953,1.);
#1362=VECTOR('',#2954,1.);
#1363=VECTOR('',#2957,1.);
#1364=VECTOR('',#2964,1.);
#1365=VECTOR('',#2965,1.);
#1366=VECTOR('',#2966,1.);
#1367=VECTOR('',#2967,1.);
#1368=VECTOR('',#2970,1.);
#1369=VECTOR('',#2971,1.);
#1370=VECTOR('',#2972,1.);
#1371=VECTOR('',#2973,1.);
#1372=VECTOR('',#2974,1.);
#1373=VECTOR('',#2977,1.);
#1374=VECTOR('',#2978,1.);
#1375=VECTOR('',#2979,1.);
#1376=VECTOR('',#2982,1.);
#1377=VECTOR('',#2983,1.);
#1378=VECTOR('',#2984,1.);
#1379=VECTOR('',#2985,1.);
#1380=VECTOR('',#2988,1.);
#1381=VECTOR('',#2989,1.);
#1382=VECTOR('',#2990,1.);
#1383=VECTOR('',#2995,1.);
#1384=VECTOR('',#2996,1.);
#1385=VECTOR('',#2997,1.);
#1386=VECTOR('',#3000,1.);
#1387=VECTOR('',#3001,1.);
#1388=VECTOR('',#3010,1.);
#1389=VECTOR('',#3011,1.);
#1390=VECTOR('',#3012,1.);
#1391=VECTOR('',#3013,1.);
#1392=VECTOR('',#3014,1.);
#1393=VECTOR('',#3015,1.);
#1394=VECTOR('',#3018,1.);
#1395=VECTOR('',#3019,1.);
#1396=VECTOR('',#3020,1.);
#1397=VECTOR('',#3021,1.);
#1398=VECTOR('',#3022,1.);
#1399=VECTOR('',#3023,1.);
#1400=VECTOR('',#3026,1.);
#1401=VECTOR('',#3027,1.);
#1402=VECTOR('',#3030,1.);
#1403=VECTOR('',#3033,1.);
#1404=VECTOR('',#3036,1.);
#1405=VECTOR('',#3039,1.);
#1406=EDGE_LOOP('',(#136,#137,#138,#139));
#1407=EDGE_LOOP('',(#140,#141,#142,#143));
#1408=EDGE_LOOP('',(#144,#145,#146,#147));
#1409=EDGE_LOOP('',(#148));
#1410=EDGE_LOOP('',(#149));
#1411=EDGE_LOOP('',(#150));
#1412=EDGE_LOOP('',(#151));
#1413=EDGE_LOOP('',(#152));
#1414=EDGE_LOOP('',(#153));
#1415=EDGE_LOOP('',(#154));
#1416=EDGE_LOOP('',(#155));
#1417=EDGE_LOOP('',(#156));
#1418=EDGE_LOOP('',(#157));
#1419=EDGE_LOOP('',(#158));
#1420=EDGE_LOOP('',(#159));
#1421=EDGE_LOOP('',(#160,#161,#162,#163));
#1422=EDGE_LOOP('',(#164,#165,#166,#167));
#1423=EDGE_LOOP('',(#168));
#1424=EDGE_LOOP('',(#169));
#1425=EDGE_LOOP('',(#170));
#1426=EDGE_LOOP('',(#171));
#1427=EDGE_LOOP('',(#172));
#1428=EDGE_LOOP('',(#173));
#1429=EDGE_LOOP('',(#174));
#1430=EDGE_LOOP('',(#175));
#1431=EDGE_LOOP('',(#176));
#1432=EDGE_LOOP('',(#177));
#1433=EDGE_LOOP('',(#178,#179,#180,#181));
#1434=EDGE_LOOP('',(#182));
#1435=EDGE_LOOP('',(#183));
#1436=EDGE_LOOP('',(#184));
#1437=EDGE_LOOP('',(#185));
#1438=EDGE_LOOP('',(#186));
#1439=EDGE_LOOP('',(#187));
#1440=EDGE_LOOP('',(#188));
#1441=EDGE_LOOP('',(#189));
#1442=EDGE_LOOP('',(#190));
#1443=EDGE_LOOP('',(#191));
#1444=EDGE_LOOP('',(#192));
#1445=EDGE_LOOP('',(#193));
#1446=EDGE_LOOP('',(#194));
#1447=EDGE_LOOP('',(#195));
#1448=EDGE_LOOP('',(#196));
#1449=EDGE_LOOP('',(#197));
#1450=EDGE_LOOP('',(#198));
#1451=EDGE_LOOP('',(#199));
#1452=EDGE_LOOP('',(#200));
#1453=EDGE_LOOP('',(#201));
#1454=EDGE_LOOP('',(#202));
#1455=EDGE_LOOP('',(#203));
#1456=EDGE_LOOP('',(#204));
#1457=EDGE_LOOP('',(#205));
#1458=EDGE_LOOP('',(#206));
#1459=EDGE_LOOP('',(#207));
#1460=EDGE_LOOP('',(#208,#209,#210,#211));
#1461=EDGE_LOOP('',(#212,#213,#214,#215));
#1462=EDGE_LOOP('',(#216,#217,#218,#219));
#1463=EDGE_LOOP('',(#220,#221,#222,#223));
#1464=EDGE_LOOP('',(#224,#225,#226,#227));
#1465=EDGE_LOOP('',(#228,#229,#230,#231));
#1466=EDGE_LOOP('',(#232,#233,#234,#235));
#1467=EDGE_LOOP('',(#236,#237,#238,#239));
#1468=EDGE_LOOP('',(#240,#241,#242,#243));
#1469=EDGE_LOOP('',(#244,#245,#246,#247,#248,#249));
#1470=EDGE_LOOP('',(#250,#251,#252,#253,#254,#255));
#1471=EDGE_LOOP('',(#256,#257,#258,#259));
#1472=EDGE_LOOP('',(#260));
#1473=EDGE_LOOP('',(#261));
#1474=EDGE_LOOP('',(#262));
#1475=EDGE_LOOP('',(#263));
#1476=EDGE_LOOP('',(#264,#265,#266,#267));
#1477=EDGE_LOOP('',(#268,#269,#270,#271));
#1478=EDGE_LOOP('',(#272,#273,#274,#275));
#1479=EDGE_LOOP('',(#276,#277,#278,#279));
#1480=EDGE_LOOP('',(#280,#281,#282,#283));
#1481=EDGE_LOOP('',(#284,#285,#286,#287));
#1482=EDGE_LOOP('',(#288));
#1483=EDGE_LOOP('',(#289));
#1484=EDGE_LOOP('',(#290));
#1485=EDGE_LOOP('',(#291));
#1486=EDGE_LOOP('',(#292,#293,#294,#295));
#1487=EDGE_LOOP('',(#296,#297,#298,#299));
#1488=EDGE_LOOP('',(#300,#301,#302,#303));
#1489=EDGE_LOOP('',(#304,#305,#306,#307));
#1490=EDGE_LOOP('',(#308,#309,#310,#311));
#1491=EDGE_LOOP('',(#312,#313,#314,#315));
#1492=EDGE_LOOP('',(#316));
#1493=EDGE_LOOP('',(#317));
#1494=EDGE_LOOP('',(#318));
#1495=EDGE_LOOP('',(#319));
#1496=EDGE_LOOP('',(#320));
#1497=EDGE_LOOP('',(#321));
#1498=EDGE_LOOP('',(#322));
#1499=EDGE_LOOP('',(#323));
#1500=EDGE_LOOP('',(#324,#325,#326,#327));
#1501=EDGE_LOOP('',(#328,#329,#330,#331));
#1502=EDGE_LOOP('',(#332,#333,#334,#335));
#1503=EDGE_LOOP('',(#336,#337,#338,#339));
#1504=EDGE_LOOP('',(#340,#341,#342,#343));
#1505=EDGE_LOOP('',(#344,#345,#346,#347));
#1506=EDGE_LOOP('',(#348,#349,#350,#351));
#1507=EDGE_LOOP('',(#352,#353,#354,#355));
#1508=EDGE_LOOP('',(#356,#357,#358,#359));
#1509=EDGE_LOOP('',(#360,#361,#362,#363));
#1510=EDGE_LOOP('',(#364,#365,#366,#367));
#1511=EDGE_LOOP('',(#368,#369,#370,#371));
#1512=EDGE_LOOP('',(#372));
#1513=EDGE_LOOP('',(#373));
#1514=EDGE_LOOP('',(#374));
#1515=EDGE_LOOP('',(#375));
#1516=EDGE_LOOP('',(#376,#377,#378,#379));
#1517=EDGE_LOOP('',(#380,#381,#382,#383));
#1518=EDGE_LOOP('',(#384,#385,#386,#387));
#1519=EDGE_LOOP('',(#388,#389,#390,#391));
#1520=EDGE_LOOP('',(#392,#393,#394,#395));
#1521=EDGE_LOOP('',(#396,#397,#398,#399));
#1522=EDGE_LOOP('',(#400,#401,#402,#403));
#1523=EDGE_LOOP('',(#404,#405,#406,#407));
#1524=EDGE_LOOP('',(#408));
#1525=EDGE_LOOP('',(#409));
#1526=EDGE_LOOP('',(#410));
#1527=EDGE_LOOP('',(#411));
#1528=EDGE_LOOP('',(#412));
#1529=EDGE_LOOP('',(#413));
#1530=EDGE_LOOP('',(#414));
#1531=EDGE_LOOP('',(#415));
#1532=EDGE_LOOP('',(#416));
#1533=EDGE_LOOP('',(#417));
#1534=EDGE_LOOP('',(#418));
#1535=EDGE_LOOP('',(#419));
#1536=EDGE_LOOP('',(#420));
#1537=EDGE_LOOP('',(#421));
#1538=EDGE_LOOP('',(#422));
#1539=EDGE_LOOP('',(#423));
#1540=EDGE_LOOP('',(#424));
#1541=EDGE_LOOP('',(#425));
#1542=EDGE_LOOP('',(#426));
#1543=EDGE_LOOP('',(#427));
#1544=EDGE_LOOP('',(#428));
#1545=EDGE_LOOP('',(#429));
#1546=EDGE_LOOP('',(#430));
#1547=EDGE_LOOP('',(#431));
#1548=EDGE_LOOP('',(#432));
#1549=EDGE_LOOP('',(#433));
#1550=EDGE_LOOP('',(#434));
#1551=EDGE_LOOP('',(#435));
#1552=EDGE_LOOP('',(#436));
#1553=EDGE_LOOP('',(#437,#438,#439,#440));
#1554=EDGE_LOOP('',(#441,#442,#443,#444));
#1555=EDGE_LOOP('',(#445));
#1556=EDGE_LOOP('',(#446));
#1557=EDGE_LOOP('',(#447));
#1558=EDGE_LOOP('',(#448));
#1559=EDGE_LOOP('',(#449));
#1560=EDGE_LOOP('',(#450));
#1561=EDGE_LOOP('',(#451));
#1562=EDGE_LOOP('',(#452));
#1563=EDGE_LOOP('',(#453));
#1564=EDGE_LOOP('',(#454));
#1565=EDGE_LOOP('',(#455,#456,#457,#458));
#1566=EDGE_LOOP('',(#459));
#1567=EDGE_LOOP('',(#460));
#1568=EDGE_LOOP('',(#461));
#1569=EDGE_LOOP('',(#462,#463,#464,#465));
#1570=EDGE_LOOP('',(#466,#467,#468,#469));
#1571=EDGE_LOOP('',(#470,#471,#472,#473));
#1572=EDGE_LOOP('',(#474,#475,#476,#477));
#1573=EDGE_LOOP('',(#478,#479,#480,#481));
#1574=EDGE_LOOP('',(#482));
#1575=EDGE_LOOP('',(#483));
#1576=EDGE_LOOP('',(#484));
#1577=EDGE_LOOP('',(#485));
#1578=EDGE_LOOP('',(#486));
#1579=EDGE_LOOP('',(#487));
#1580=EDGE_LOOP('',(#488,#489,#490,#491));
#1581=EDGE_LOOP('',(#492,#493,#494,#495));
#1582=EDGE_LOOP('',(#496));
#1583=EDGE_LOOP('',(#497));
#1584=EDGE_LOOP('',(#498));
#1585=EDGE_LOOP('',(#499));
#1586=EDGE_LOOP('',(#500,#501,#502,#503,#504,#505));
#1587=EDGE_LOOP('',(#506,#507,#508,#509));
#1588=EDGE_LOOP('',(#510,#511,#512,#513));
#1589=EDGE_LOOP('',(#514,#515,#516,#517));
#1590=EDGE_LOOP('',(#518,#519,#520,#521));
#1591=EDGE_LOOP('',(#522,#523,#524,#525));
#1592=EDGE_LOOP('',(#526,#527,#528,#529));
#1593=EDGE_LOOP('',(#530,#531,#532,#533,#534,#535));
#1594=EDGE_LOOP('',(#536,#537,#538,#539));
#1595=EDGE_LOOP('',(#540,#541,#542,#543,#544,#545));
#1596=EDGE_LOOP('',(#546,#547,#548,#549));
#1597=EDGE_LOOP('',(#550,#551,#552,#553));
#1598=EDGE_LOOP('',(#554,#555,#556,#557,#558,#559));
#1599=EDGE_LOOP('',(#560,#561,#562,#563));
#1600=EDGE_LOOP('',(#564,#565,#566,#567));
#1601=EDGE_LOOP('',(#568,#569,#570,#571));
#1602=EDGE_LOOP('',(#572,#573,#574,#575,#576,#577));
#1603=EDGE_LOOP('',(#578,#579,#580,#581,#582,#583));
#1604=EDGE_LOOP('',(#584,#585,#586,#587,#588,#589));
#1605=EDGE_LOOP('',(#590,#591,#592,#593,#594,#595));
#1606=EDGE_LOOP('',(#596,#597,#598,#599));
#1607=EDGE_LOOP('',(#600,#601,#602,#603));
#1608=EDGE_LOOP('',(#604,#605,#606,#607));
#1609=EDGE_LOOP('',(#608,#609,#610,#611));
#1610=EDGE_LOOP('',(#612,#613,#614,#615));
#1611=EDGE_LOOP('',(#616,#617,#618,#619));
#1612=FACE_BOUND('',#1406,.T.);
#1613=FACE_BOUND('',#1407,.T.);
#1614=FACE_BOUND('',#1408,.T.);
#1615=FACE_BOUND('',#1409,.T.);
#1616=FACE_BOUND('',#1410,.T.);
#1617=FACE_BOUND('',#1411,.T.);
#1618=FACE_BOUND('',#1412,.T.);
#1619=FACE_BOUND('',#1413,.T.);
#1620=FACE_BOUND('',#1414,.T.);
#1621=FACE_BOUND('',#1415,.T.);
#1622=FACE_BOUND('',#1416,.T.);
#1623=FACE_BOUND('',#1417,.T.);
#1624=FACE_BOUND('',#1418,.T.);
#1625=FACE_BOUND('',#1419,.T.);
#1626=FACE_BOUND('',#1420,.T.);
#1627=FACE_BOUND('',#1421,.T.);
#1628=FACE_BOUND('',#1422,.T.);
#1629=FACE_BOUND('',#1423,.T.);
#1630=FACE_BOUND('',#1424,.T.);
#1631=FACE_BOUND('',#1425,.T.);
#1632=FACE_BOUND('',#1426,.T.);
#1633=FACE_BOUND('',#1427,.T.);
#1634=FACE_BOUND('',#1428,.T.);
#1635=FACE_BOUND('',#1429,.T.);
#1636=FACE_BOUND('',#1430,.T.);
#1637=FACE_BOUND('',#1431,.T.);
#1638=FACE_BOUND('',#1432,.T.);
#1639=FACE_BOUND('',#1433,.T.);
#1640=FACE_BOUND('',#1434,.T.);
#1641=FACE_BOUND('',#1435,.T.);
#1642=FACE_BOUND('',#1436,.T.);
#1643=FACE_BOUND('',#1437,.T.);
#1644=FACE_BOUND('',#1438,.T.);
#1645=FACE_BOUND('',#1439,.T.);
#1646=FACE_BOUND('',#1440,.T.);
#1647=FACE_BOUND('',#1441,.T.);
#1648=FACE_BOUND('',#1442,.T.);
#1649=FACE_BOUND('',#1443,.T.);
#1650=FACE_BOUND('',#1444,.T.);
#1651=FACE_BOUND('',#1445,.T.);
#1652=FACE_BOUND('',#1446,.T.);
#1653=FACE_BOUND('',#1447,.T.);
#1654=FACE_BOUND('',#1448,.T.);
#1655=FACE_BOUND('',#1449,.T.);
#1656=FACE_BOUND('',#1450,.T.);
#1657=FACE_BOUND('',#1451,.T.);
#1658=FACE_BOUND('',#1452,.T.);
#1659=FACE_BOUND('',#1453,.T.);
#1660=FACE_BOUND('',#1454,.T.);
#1661=FACE_BOUND('',#1455,.T.);
#1662=FACE_BOUND('',#1456,.T.);
#1663=FACE_BOUND('',#1457,.T.);
#1664=FACE_BOUND('',#1458,.T.);
#1665=FACE_BOUND('',#1459,.T.);
#1666=FACE_BOUND('',#1460,.T.);
#1667=FACE_BOUND('',#1461,.T.);
#1668=FACE_BOUND('',#1462,.T.);
#1669=FACE_BOUND('',#1463,.T.);
#1670=FACE_BOUND('',#1464,.T.);
#1671=FACE_BOUND('',#1465,.T.);
#1672=FACE_BOUND('',#1466,.T.);
#1673=FACE_BOUND('',#1467,.T.);
#1674=FACE_BOUND('',#1468,.T.);
#1675=FACE_BOUND('',#1469,.T.);
#1676=FACE_BOUND('',#1470,.T.);
#1677=FACE_BOUND('',#1471,.T.);
#1678=FACE_BOUND('',#1472,.T.);
#1679=FACE_BOUND('',#1473,.T.);
#1680=FACE_BOUND('',#1474,.T.);
#1681=FACE_BOUND('',#1475,.T.);
#1682=FACE_BOUND('',#1476,.T.);
#1683=FACE_BOUND('',#1477,.T.);
#1684=FACE_BOUND('',#1478,.T.);
#1685=FACE_BOUND('',#1479,.T.);
#1686=FACE_BOUND('',#1480,.T.);
#1687=FACE_BOUND('',#1481,.T.);
#1688=FACE_BOUND('',#1482,.T.);
#1689=FACE_BOUND('',#1483,.T.);
#1690=FACE_BOUND('',#1484,.T.);
#1691=FACE_BOUND('',#1485,.T.);
#1692=FACE_BOUND('',#1486,.T.);
#1693=FACE_BOUND('',#1487,.T.);
#1694=FACE_BOUND('',#1488,.T.);
#1695=FACE_BOUND('',#1489,.T.);
#1696=FACE_BOUND('',#1490,.T.);
#1697=FACE_BOUND('',#1491,.T.);
#1698=FACE_BOUND('',#1492,.T.);
#1699=FACE_BOUND('',#1493,.T.);
#1700=FACE_BOUND('',#1494,.T.);
#1701=FACE_BOUND('',#1495,.T.);
#1702=FACE_BOUND('',#1496,.T.);
#1703=FACE_BOUND('',#1497,.T.);
#1704=FACE_BOUND('',#1498,.T.);
#1705=FACE_BOUND('',#1499,.T.);
#1706=FACE_BOUND('',#1500,.T.);
#1707=FACE_BOUND('',#1501,.T.);
#1708=FACE_BOUND('',#1502,.T.);
#1709=FACE_BOUND('',#1503,.T.);
#1710=FACE_BOUND('',#1504,.T.);
#1711=FACE_BOUND('',#1505,.T.);
#1712=FACE_BOUND('',#1506,.T.);
#1713=FACE_BOUND('',#1507,.T.);
#1714=FACE_BOUND('',#1508,.T.);
#1715=FACE_BOUND('',#1509,.T.);
#1716=FACE_BOUND('',#1510,.T.);
#1717=FACE_BOUND('',#1511,.T.);
#1718=FACE_BOUND('',#1512,.T.);
#1719=FACE_BOUND('',#1513,.T.);
#1720=FACE_BOUND('',#1514,.T.);
#1721=FACE_BOUND('',#1515,.T.);
#1722=FACE_BOUND('',#1516,.T.);
#1723=FACE_BOUND('',#1517,.T.);
#1724=FACE_BOUND('',#1518,.T.);
#1725=FACE_BOUND('',#1519,.T.);
#1726=FACE_BOUND('',#1520,.T.);
#1727=FACE_BOUND('',#1521,.T.);
#1728=FACE_BOUND('',#1522,.T.);
#1729=FACE_BOUND('',#1523,.T.);
#1730=FACE_BOUND('',#1524,.T.);
#1731=FACE_BOUND('',#1525,.T.);
#1732=FACE_BOUND('',#1526,.T.);
#1733=FACE_BOUND('',#1527,.T.);
#1734=FACE_BOUND('',#1528,.T.);
#1735=FACE_BOUND('',#1529,.T.);
#1736=FACE_BOUND('',#1530,.T.);
#1737=FACE_BOUND('',#1531,.T.);
#1738=FACE_BOUND('',#1532,.T.);
#1739=FACE_BOUND('',#1533,.T.);
#1740=FACE_BOUND('',#1534,.T.);
#1741=FACE_BOUND('',#1535,.T.);
#1742=FACE_BOUND('',#1536,.T.);
#1743=FACE_BOUND('',#1537,.T.);
#1744=FACE_BOUND('',#1538,.T.);
#1745=FACE_BOUND('',#1539,.T.);
#1746=FACE_BOUND('',#1540,.T.);
#1747=FACE_BOUND('',#1541,.T.);
#1748=FACE_BOUND('',#1542,.T.);
#1749=FACE_BOUND('',#1543,.T.);
#1750=FACE_BOUND('',#1544,.T.);
#1751=FACE_BOUND('',#1545,.T.);
#1752=FACE_BOUND('',#1546,.T.);
#1753=FACE_BOUND('',#1547,.T.);
#1754=FACE_BOUND('',#1548,.T.);
#1755=FACE_BOUND('',#1549,.T.);
#1756=FACE_BOUND('',#1550,.T.);
#1757=FACE_BOUND('',#1551,.T.);
#1758=FACE_BOUND('',#1552,.T.);
#1759=FACE_BOUND('',#1553,.T.);
#1760=FACE_BOUND('',#1554,.T.);
#1761=FACE_BOUND('',#1555,.T.);
#1762=FACE_BOUND('',#1556,.T.);
#1763=FACE_BOUND('',#1557,.T.);
#1764=FACE_BOUND('',#1558,.T.);
#1765=FACE_BOUND('',#1559,.T.);
#1766=FACE_BOUND('',#1560,.T.);
#1767=FACE_BOUND('',#1561,.T.);
#1768=FACE_BOUND('',#1562,.T.);
#1769=FACE_BOUND('',#1563,.T.);
#1770=FACE_BOUND('',#1564,.T.);
#1771=FACE_BOUND('',#1565,.T.);
#1772=FACE_BOUND('',#1566,.T.);
#1773=FACE_BOUND('',#1567,.T.);
#1774=FACE_BOUND('',#1568,.T.);
#1775=FACE_BOUND('',#1569,.T.);
#1776=FACE_BOUND('',#1570,.T.);
#1777=FACE_BOUND('',#1571,.T.);
#1778=FACE_BOUND('',#1572,.T.);
#1779=FACE_BOUND('',#1573,.T.);
#1780=FACE_BOUND('',#1574,.T.);
#1781=FACE_BOUND('',#1575,.T.);
#1782=FACE_BOUND('',#1576,.T.);
#1783=FACE_BOUND('',#1577,.T.);
#1784=FACE_BOUND('',#1578,.T.);
#1785=FACE_BOUND('',#1579,.T.);
#1786=FACE_BOUND('',#1580,.T.);
#1787=FACE_BOUND('',#1581,.T.);
#1788=FACE_BOUND('',#1582,.T.);
#1789=FACE_BOUND('',#1583,.T.);
#1790=FACE_BOUND('',#1584,.T.);
#1791=FACE_BOUND('',#1585,.T.);
#1792=FACE_BOUND('',#1586,.T.);
#1793=FACE_BOUND('',#1587,.T.);
#1794=FACE_BOUND('',#1588,.T.);
#1795=FACE_BOUND('',#1589,.T.);
#1796=FACE_BOUND('',#1590,.T.);
#1797=FACE_BOUND('',#1591,.T.);
#1798=FACE_BOUND('',#1592,.T.);
#1799=FACE_BOUND('',#1593,.T.);
#1800=FACE_BOUND('',#1594,.T.);
#1801=FACE_BOUND('',#1595,.T.);
#1802=FACE_BOUND('',#1596,.T.);
#1803=FACE_BOUND('',#1597,.T.);
#1804=FACE_BOUND('',#1598,.T.);
#1805=FACE_BOUND('',#1599,.T.);
#1806=FACE_BOUND('',#1600,.T.);
#1807=FACE_BOUND('',#1601,.T.);
#1808=FACE_BOUND('',#1602,.T.);
#1809=FACE_BOUND('',#1603,.T.);
#1810=FACE_BOUND('',#1604,.T.);
#1811=FACE_BOUND('',#1605,.T.);
#1812=FACE_BOUND('',#1606,.T.);
#1813=FACE_BOUND('',#1607,.T.);
#1814=FACE_BOUND('',#1608,.T.);
#1815=FACE_BOUND('',#1609,.T.);
#1816=FACE_BOUND('',#1610,.T.);
#1817=FACE_BOUND('',#1611,.T.);
#1818=PLANE('',#2252);
#1819=PLANE('',#2253);
#1820=PLANE('',#2254);
#1821=PLANE('',#2273);
#1822=PLANE('',#2274);
#1823=PLANE('',#2275);
#1824=PLANE('',#2284);
#1825=PLANE('',#2295);
#1826=PLANE('',#2296);
#1827=PLANE('',#2297);
#1828=PLANE('',#2298);
#1829=PLANE('',#2299);
#1830=PLANE('',#2301);
#1831=PLANE('',#2302);
#1832=PLANE('',#2303);
#1833=PLANE('',#2304);
#1834=PLANE('',#2305);
#1835=PLANE('',#2306);
#1836=PLANE('',#2307);
#1837=PLANE('',#2308);
#1838=PLANE('',#2313);
#1839=PLANE('',#2314);
#1840=PLANE('',#2316);
#1841=PLANE('',#2317);
#1842=PLANE('',#2318);
#1843=PLANE('',#2319);
#1844=PLANE('',#2320);
#1845=PLANE('',#2321);
#1846=PLANE('',#2326);
#1847=PLANE('',#2327);
#1848=PLANE('',#2329);
#1849=PLANE('',#2330);
#1850=PLANE('',#2331);
#1851=PLANE('',#2332);
#1852=PLANE('',#2333);
#1853=PLANE('',#2334);
#1854=PLANE('',#2339);
#1855=PLANE('',#2340);
#1856=PLANE('',#2345);
#1857=PLANE('',#2346);
#1858=PLANE('',#2348);
#1859=PLANE('',#2349);
#1860=PLANE('',#2350);
#1861=PLANE('',#2351);
#1862=PLANE('',#2352);
#1863=PLANE('',#2353);
#1864=PLANE('',#2355);
#1865=PLANE('',#2356);
#1866=PLANE('',#2357);
#1867=PLANE('',#2358);
#1868=PLANE('',#2359);
#1869=PLANE('',#2360);
#1870=PLANE('',#2365);
#1871=PLANE('',#2366);
#1872=PLANE('',#2368);
#1873=PLANE('',#2369);
#1874=PLANE('',#2370);
#1875=PLANE('',#2371);
#1876=PLANE('',#2372);
#1877=PLANE('',#2373);
#1878=PLANE('',#2374);
#1879=PLANE('',#2375);
#1880=PLANE('',#2406);
#1881=PLANE('',#2407);
#1882=PLANE('',#2410);
#1883=PLANE('',#2411);
#1884=PLANE('',#2412);
#1885=PLANE('',#2413);
#1886=PLANE('',#2418);
#1887=PLANE('',#2423);
#1888=PLANE('',#2424);
#1889=PLANE('',#2426);
#1890=PLANE('',#2427);
#1891=PLANE('',#2428);
#1892=PLANE('',#2429);
#1893=PLANE('',#2430);
#1894=PLANE('',#2431);
#1895=PLANE('',#2432);
#1896=PLANE('',#2433);
#1897=PLANE('',#2435);
#1898=PLANE('',#2436);
#1899=PLANE('',#2437);
#1900=PLANE('',#2438);
#1901=PLANE('',#2439);
#1902=PLANE('',#2440);
#1903=PLANE('',#2441);
#1904=PLANE('',#2442);
#1905=PLANE('',#2443);
#1906=PLANE('',#2444);
#1907=PLANE('',#2446);
#1908=PLANE('',#2447);
#1909=PLANE('',#2448);
#1910=PLANE('',#2449);
#1911=PLANE('',#2450);
#1912=PLANE('',#2451);
#1913=PLANE('',#2452);
#1914=PLANE('',#2453);
#1915=ADVANCED_FACE('',(#1612),#1818,.F.);
#1916=ADVANCED_FACE('',(#1613),#1819,.F.);
#1917=ADVANCED_FACE('',(#1614),#1820,.F.);
#1918=ADVANCED_FACE('',(#1615,#1616),#106,.F.);
#1919=ADVANCED_FACE('',(#1617,#1618),#107,.F.);
#1920=ADVANCED_FACE('',(#1619,#1620),#108,.F.);
#1921=ADVANCED_FACE('',(#1621,#1622),#109,.F.);
#1922=ADVANCED_FACE('',(#1623,#1624),#110,.F.);
#1923=ADVANCED_FACE('',(#1625,#1626),#111,.F.);
#1924=ADVANCED_FACE('',(#1627),#1821,.F.);
#1925=ADVANCED_FACE('',(#1628,#1629,#1630,#1631,#1632,#1633,#1634),#1822,
 .T.);
#1926=ADVANCED_FACE('',(#1635,#1636,#1637,#1638,#1639,#1640,#1641,#1642,
#1643,#1644,#1645),#1823,.F.);
#1927=ADVANCED_FACE('',(#1646,#1647),#112,.F.);
#1928=ADVANCED_FACE('',(#1648,#1649),#1824,.T.);
#1929=ADVANCED_FACE('',(#1650,#1651),#113,.F.);
#1930=ADVANCED_FACE('',(#1652,#1653),#114,.F.);
#1931=ADVANCED_FACE('',(#1654,#1655),#115,.F.);
#1932=ADVANCED_FACE('',(#1656,#1657),#116,.F.);
#1933=ADVANCED_FACE('',(#1658,#1659),#117,.F.);
#1934=ADVANCED_FACE('',(#1660,#1661,#1662,#1663,#1664,#1665),#1825,.T.);
#1935=ADVANCED_FACE('',(#1666),#1826,.T.);
#1936=ADVANCED_FACE('',(#1667),#1827,.T.);
#1937=ADVANCED_FACE('',(#1668),#1828,.T.);
#1938=ADVANCED_FACE('',(#1669),#1829,.T.);
#1939=ADVANCED_FACE('',(#1670),#1830,.F.);
#1940=ADVANCED_FACE('Face appearance 1',(#1671),#1831,.T.);
#1941=ADVANCED_FACE('',(#1672),#1832,.T.);
#1942=ADVANCED_FACE('',(#1673),#1833,.T.);
#1943=ADVANCED_FACE('',(#1674),#1834,.T.);
#1944=ADVANCED_FACE('',(#1675),#1835,.T.);
#1945=ADVANCED_FACE('',(#1676),#1836,.F.);
#1946=ADVANCED_FACE('',(#1677),#1837,.F.);
#1947=ADVANCED_FACE('',(#1678,#1679),#118,.T.);
#1948=ADVANCED_FACE('',(#1680),#1838,.F.);
#1949=ADVANCED_FACE('',(#1681),#1839,.T.);
#1950=ADVANCED_FACE('',(#1682),#1840,.T.);
#1951=ADVANCED_FACE('',(#1683),#1841,.F.);
#1952=ADVANCED_FACE('',(#1684),#1842,.F.);
#1953=ADVANCED_FACE('',(#1685),#1843,.T.);
#1954=ADVANCED_FACE('',(#1686),#1844,.T.);
#1955=ADVANCED_FACE('',(#1687),#1845,.F.);
#1956=ADVANCED_FACE('',(#1688,#1689),#119,.T.);
#1957=ADVANCED_FACE('',(#1690),#1846,.F.);
#1958=ADVANCED_FACE('',(#1691),#1847,.T.);
#1959=ADVANCED_FACE('',(#1692),#1848,.T.);
#1960=ADVANCED_FACE('',(#1693),#1849,.F.);
#1961=ADVANCED_FACE('',(#1694),#1850,.F.);
#1962=ADVANCED_FACE('',(#1695),#1851,.T.);
#1963=ADVANCED_FACE('',(#1696),#1852,.T.);
#1964=ADVANCED_FACE('',(#1697),#1853,.F.);
#1965=ADVANCED_FACE('',(#1698,#1699),#120,.T.);
#1966=ADVANCED_FACE('',(#1700),#1854,.F.);
#1967=ADVANCED_FACE('',(#1701),#1855,.T.);
#1968=ADVANCED_FACE('',(#1702,#1703),#121,.T.);
#1969=ADVANCED_FACE('',(#1704),#1856,.F.);
#1970=ADVANCED_FACE('',(#1705),#1857,.T.);
#1971=ADVANCED_FACE('',(#1706),#1858,.F.);
#1972=ADVANCED_FACE('',(#1707),#1859,.F.);
#1973=ADVANCED_FACE('',(#1708),#1860,.F.);
#1974=ADVANCED_FACE('',(#1709),#1861,.T.);
#1975=ADVANCED_FACE('',(#1710),#1862,.F.);
#1976=ADVANCED_FACE('',(#1711),#1863,.T.);
#1977=ADVANCED_FACE('',(#1712),#1864,.F.);
#1978=ADVANCED_FACE('',(#1713),#1865,.F.);
#1979=ADVANCED_FACE('',(#1714),#1866,.F.);
#1980=ADVANCED_FACE('',(#1715),#1867,.T.);
#1981=ADVANCED_FACE('',(#1716),#1868,.F.);
#1982=ADVANCED_FACE('',(#1717),#1869,.T.);
#1983=ADVANCED_FACE('',(#1718,#1719),#122,.T.);
#1984=ADVANCED_FACE('',(#1720),#1870,.F.);
#1985=ADVANCED_FACE('',(#1721),#1871,.T.);
#1986=ADVANCED_FACE('',(#1722),#1872,.F.);
#1987=ADVANCED_FACE('',(#1723),#1873,.F.);
#1988=ADVANCED_FACE('',(#1724),#1874,.F.);
#1989=ADVANCED_FACE('',(#1725),#1875,.T.);
#1990=ADVANCED_FACE('',(#1726),#1876,.T.);
#1991=ADVANCED_FACE('',(#1727),#1877,.T.);
#1992=ADVANCED_FACE('',(#1728),#1878,.F.);
#1993=ADVANCED_FACE('',(#1729),#1879,.T.);
#1994=ADVANCED_FACE('',(#1730,#1731),#123,.F.);
#1995=ADVANCED_FACE('',(#1732,#1733),#124,.F.);
#1996=ADVANCED_FACE('',(#1734,#1735),#125,.F.);
#1997=ADVANCED_FACE('',(#1736,#1737),#126,.F.);
#1998=ADVANCED_FACE('',(#1738,#1739),#127,.F.);
#1999=ADVANCED_FACE('',(#1740,#1741),#128,.F.);
#2000=ADVANCED_FACE('',(#1742,#1743),#129,.F.);
#2001=ADVANCED_FACE('',(#1744,#1745),#130,.F.);
#2002=ADVANCED_FACE('',(#1746,#1747),#131,.F.);
#2003=ADVANCED_FACE('',(#1748,#1749),#132,.F.);
#2004=ADVANCED_FACE('',(#1750,#1751,#1752,#1753,#1754,#1755,#1756,#1757,
#1758,#1759,#1760,#1761),#1880,.T.);
#2005=ADVANCED_FACE('',(#1762,#1763,#1764,#1765,#1766,#1767,#1768,#1769,
#1770,#1771,#1772,#1773,#1774,#1775),#1881,.F.);
#2006=ADVANCED_FACE('',(#1776),#1882,.T.);
#2007=ADVANCED_FACE('',(#1777),#1883,.T.);
#2008=ADVANCED_FACE('',(#1778),#1884,.T.);
#2009=ADVANCED_FACE('',(#1779),#1885,.T.);
#2010=ADVANCED_FACE('',(#1780,#1781),#133,.F.);
#2011=ADVANCED_FACE('',(#1782,#1783),#134,.F.);
#2012=ADVANCED_FACE('',(#1784,#1785,#1786,#1787),#1886,.T.);
#2013=ADVANCED_FACE('',(#1788,#1789),#135,.T.);
#2014=ADVANCED_FACE('',(#1790),#1887,.F.);
#2015=ADVANCED_FACE('',(#1791),#1888,.T.);
#2016=ADVANCED_FACE('',(#1792),#1889,.F.);
#2017=ADVANCED_FACE('',(#1793),#1890,.T.);
#2018=ADVANCED_FACE('',(#1794),#1891,.T.);
#2019=ADVANCED_FACE('',(#1795),#1892,.T.);
#2020=ADVANCED_FACE('Face appearance 1',(#1796),#1893,.T.);
#2021=ADVANCED_FACE('',(#1797),#1894,.T.);
#2022=ADVANCED_FACE('',(#1798),#1895,.T.);
#2023=ADVANCED_FACE('',(#1799),#1896,.F.);
#2024=ADVANCED_FACE('',(#1800),#1897,.T.);
#2025=ADVANCED_FACE('',(#1801),#1898,.F.);
#2026=ADVANCED_FACE('',(#1802),#1899,.F.);
#2027=ADVANCED_FACE('Face appearance 1',(#1803),#1900,.T.);
#2028=ADVANCED_FACE('',(#1804),#1901,.T.);
#2029=ADVANCED_FACE('',(#1805),#1902,.F.);
#2030=ADVANCED_FACE('',(#1806),#1903,.T.);
#2031=ADVANCED_FACE('',(#1807),#1904,.T.);
#2032=ADVANCED_FACE('',(#1808),#1905,.T.);
#2033=ADVANCED_FACE('',(#1809),#1906,.F.);
#2034=ADVANCED_FACE('',(#1810),#1907,.F.);
#2035=ADVANCED_FACE('',(#1811),#1908,.F.);
#2036=ADVANCED_FACE('',(#1812),#1909,.T.);
#2037=ADVANCED_FACE('',(#1813),#1910,.T.);
#2038=ADVANCED_FACE('Face appearance 1',(#1814),#1911,.T.);
#2039=ADVANCED_FACE('',(#1815),#1912,.T.);
#2040=ADVANCED_FACE('',(#1816),#1913,.T.);
#2041=ADVANCED_FACE('',(#1817),#1914,.T.);
#2042=CLOSED_SHELL('',(#1915,#1916,#1917,#1918,#1919,#1920,#1921,#1922,
#1923,#1924,#1925,#1926,#1927,#1928,#1929,#1930,#1931,#1932,#1933,#1934,
#1935,#1936,#1937,#1938));
#2043=CLOSED_SHELL('',(#1939,#1940,#1941,#1942,#1943,#1944,#1945,#1946));
#2044=CLOSED_SHELL('',(#1947,#1948,#1949));
#2045=CLOSED_SHELL('',(#1950,#1951,#1952,#1953,#1954,#1955));
#2046=CLOSED_SHELL('',(#1956,#1957,#1958));
#2047=CLOSED_SHELL('',(#1959,#1960,#1961,#1962,#1963,#1964));
#2048=CLOSED_SHELL('',(#1965,#1966,#1967));
#2049=CLOSED_SHELL('',(#1968,#1969,#1970));
#2050=CLOSED_SHELL('',(#1971,#1972,#1973,#1974,#1975,#1976));
#2051=CLOSED_SHELL('',(#1977,#1978,#1979,#1980,#1981,#1982));
#2052=CLOSED_SHELL('',(#1983,#1984,#1985));
#2053=CLOSED_SHELL('',(#1986,#1987,#1988,#1989,#1990,#1991,#1992,#1993,
#1994,#1995,#1996,#1997,#1998,#1999,#2000,#2001,#2002,#2003,#2004,#2005,
#2006,#2007,#2008,#2009,#2010,#2011,#2012));
#2054=CLOSED_SHELL('',(#2013,#2014,#2015));
#2055=CLOSED_SHELL('',(#2016,#2017,#2018,#2019,#2020,#2021,#2022,#2023));
#2056=CLOSED_SHELL('',(#2024,#2025,#2026,#2027,#2028,#2029,#2030,#2031,
#2032,#2033));
#2057=CLOSED_SHELL('',(#2034,#2035,#2036,#2037,#2038,#2039,#2040,#2041));
#2058=STYLED_ITEM('',(#2074),#2203);
#2059=STYLED_ITEM('',(#2075),#2204);
#2060=STYLED_ITEM('',(#2077),#2205);
#2061=STYLED_ITEM('',(#2078),#2206);
#2062=STYLED_ITEM('',(#2079),#2207);
#2063=STYLED_ITEM('',(#2080),#2208);
#2064=STYLED_ITEM('',(#2081),#2209);
#2065=STYLED_ITEM('',(#2082),#2210);
#2066=STYLED_ITEM('',(#2083),#2211);
#2067=STYLED_ITEM('',(#2084),#2212);
#2068=STYLED_ITEM('',(#2085),#2213);
#2069=STYLED_ITEM('',(#2086),#2214);
#2070=STYLED_ITEM('',(#2087),#2215);
#2071=STYLED_ITEM('',(#2088),#2216);
#2072=STYLED_ITEM('',(#2090),#2217);
#2073=STYLED_ITEM('',(#2092),#2218);
#2074=PRESENTATION_STYLE_ASSIGNMENT((#2094));
#2075=PRESENTATION_STYLE_ASSIGNMENT((#2095));
#2076=PRESENTATION_STYLE_ASSIGNMENT((#2096));
#2077=PRESENTATION_STYLE_ASSIGNMENT((#2097));
#2078=PRESENTATION_STYLE_ASSIGNMENT((#2098));
#2079=PRESENTATION_STYLE_ASSIGNMENT((#2099));
#2080=PRESENTATION_STYLE_ASSIGNMENT((#2100));
#2081=PRESENTATION_STYLE_ASSIGNMENT((#2101));
#2082=PRESENTATION_STYLE_ASSIGNMENT((#2102));
#2083=PRESENTATION_STYLE_ASSIGNMENT((#2103));
#2084=PRESENTATION_STYLE_ASSIGNMENT((#2104));
#2085=PRESENTATION_STYLE_ASSIGNMENT((#2105));
#2086=PRESENTATION_STYLE_ASSIGNMENT((#2106));
#2087=PRESENTATION_STYLE_ASSIGNMENT((#2107));
#2088=PRESENTATION_STYLE_ASSIGNMENT((#2108));
#2089=PRESENTATION_STYLE_ASSIGNMENT((#2109));
#2090=PRESENTATION_STYLE_ASSIGNMENT((#2110));
#2091=PRESENTATION_STYLE_ASSIGNMENT((#2111));
#2092=PRESENTATION_STYLE_ASSIGNMENT((#2112));
#2093=PRESENTATION_STYLE_ASSIGNMENT((#2113));
#2094=SURFACE_STYLE_USAGE(.BOTH.,#2114);
#2095=SURFACE_STYLE_USAGE(.BOTH.,#2115);
#2096=SURFACE_STYLE_USAGE(.BOTH.,#2116);
#2097=SURFACE_STYLE_USAGE(.BOTH.,#2117);
#2098=SURFACE_STYLE_USAGE(.BOTH.,#2118);
#2099=SURFACE_STYLE_USAGE(.BOTH.,#2119);
#2100=SURFACE_STYLE_USAGE(.BOTH.,#2120);
#2101=SURFACE_STYLE_USAGE(.BOTH.,#2121);
#2102=SURFACE_STYLE_USAGE(.BOTH.,#2122);
#2103=SURFACE_STYLE_USAGE(.BOTH.,#2123);
#2104=SURFACE_STYLE_USAGE(.BOTH.,#2124);
#2105=SURFACE_STYLE_USAGE(.BOTH.,#2125);
#2106=SURFACE_STYLE_USAGE(.BOTH.,#2126);
#2107=SURFACE_STYLE_USAGE(.BOTH.,#2127);
#2108=SURFACE_STYLE_USAGE(.BOTH.,#2128);
#2109=SURFACE_STYLE_USAGE(.BOTH.,#2129);
#2110=SURFACE_STYLE_USAGE(.BOTH.,#2130);
#2111=SURFACE_STYLE_USAGE(.BOTH.,#2131);
#2112=SURFACE_STYLE_USAGE(.BOTH.,#2132);
#2113=SURFACE_STYLE_USAGE(.BOTH.,#2133);
#2114=SURFACE_SIDE_STYLE('',(#2134));
#2115=SURFACE_SIDE_STYLE('',(#2135));
#2116=SURFACE_SIDE_STYLE('',(#2136));
#2117=SURFACE_SIDE_STYLE('',(#2137));
#2118=SURFACE_SIDE_STYLE('',(#2138));
#2119=SURFACE_SIDE_STYLE('',(#2139));
#2120=SURFACE_SIDE_STYLE('',(#2140));
#2121=SURFACE_SIDE_STYLE('',(#2141));
#2122=SURFACE_SIDE_STYLE('',(#2142));
#2123=SURFACE_SIDE_STYLE('',(#2143));
#2124=SURFACE_SIDE_STYLE('',(#2144));
#2125=SURFACE_SIDE_STYLE('',(#2145));
#2126=SURFACE_SIDE_STYLE('',(#2146));
#2127=SURFACE_SIDE_STYLE('',(#2147));
#2128=SURFACE_SIDE_STYLE('',(#2148));
#2129=SURFACE_SIDE_STYLE('',(#2149));
#2130=SURFACE_SIDE_STYLE('',(#2150));
#2131=SURFACE_SIDE_STYLE('',(#2151));
#2132=SURFACE_SIDE_STYLE('',(#2152));
#2133=SURFACE_SIDE_STYLE('',(#2153));
#2134=SURFACE_STYLE_FILL_AREA(#2154);
#2135=SURFACE_STYLE_FILL_AREA(#2155);
#2136=SURFACE_STYLE_FILL_AREA(#2156);
#2137=SURFACE_STYLE_FILL_AREA(#2157);
#2138=SURFACE_STYLE_FILL_AREA(#2158);
#2139=SURFACE_STYLE_FILL_AREA(#2159);
#2140=SURFACE_STYLE_FILL_AREA(#2160);
#2141=SURFACE_STYLE_FILL_AREA(#2161);
#2142=SURFACE_STYLE_FILL_AREA(#2162);
#2143=SURFACE_STYLE_FILL_AREA(#2163);
#2144=SURFACE_STYLE_FILL_AREA(#2164);
#2145=SURFACE_STYLE_FILL_AREA(#2165);
#2146=SURFACE_STYLE_FILL_AREA(#2166);
#2147=SURFACE_STYLE_FILL_AREA(#2167);
#2148=SURFACE_STYLE_FILL_AREA(#2168);
#2149=SURFACE_STYLE_FILL_AREA(#2169);
#2150=SURFACE_STYLE_FILL_AREA(#2170);
#2151=SURFACE_STYLE_FILL_AREA(#2171);
#2152=SURFACE_STYLE_FILL_AREA(#2172);
#2153=SURFACE_STYLE_FILL_AREA(#2173);
#2154=FILL_AREA_STYLE('',(#2174));
#2155=FILL_AREA_STYLE('',(#2175));
#2156=FILL_AREA_STYLE('',(#2176));
#2157=FILL_AREA_STYLE('',(#2177));
#2158=FILL_AREA_STYLE('',(#2178));
#2159=FILL_AREA_STYLE('',(#2179));
#2160=FILL_AREA_STYLE('',(#2180));
#2161=FILL_AREA_STYLE('',(#2181));
#2162=FILL_AREA_STYLE('',(#2182));
#2163=FILL_AREA_STYLE('',(#2183));
#2164=FILL_AREA_STYLE('',(#2184));
#2165=FILL_AREA_STYLE('',(#2185));
#2166=FILL_AREA_STYLE('',(#2186));
#2167=FILL_AREA_STYLE('',(#2187));
#2168=FILL_AREA_STYLE('',(#2188));
#2169=FILL_AREA_STYLE('',(#2189));
#2170=FILL_AREA_STYLE('',(#2190));
#2171=FILL_AREA_STYLE('',(#2191));
#2172=FILL_AREA_STYLE('',(#2192));
#2173=FILL_AREA_STYLE('',(#2193));
#2174=FILL_AREA_STYLE_COLOUR('',#2194);
#2175=FILL_AREA_STYLE_COLOUR('',#2195);
#2176=FILL_AREA_STYLE_COLOUR('',#2196);
#2177=FILL_AREA_STYLE_COLOUR('',#2197);
#2178=FILL_AREA_STYLE_COLOUR('',#2196);
#2179=FILL_AREA_STYLE_COLOUR('',#2198);
#2180=FILL_AREA_STYLE_COLOUR('',#2196);
#2181=FILL_AREA_STYLE_COLOUR('',#2199);
#2182=FILL_AREA_STYLE_COLOUR('',#2200);
#2183=FILL_AREA_STYLE_COLOUR('',#2196);
#2184=FILL_AREA_STYLE_COLOUR('',#2196);
#2185=FILL_AREA_STYLE_COLOUR('',#2201);
#2186=FILL_AREA_STYLE_COLOUR('',#2194);
#2187=FILL_AREA_STYLE_COLOUR('',#2202);
#2188=FILL_AREA_STYLE_COLOUR('',#2195);
#2189=FILL_AREA_STYLE_COLOUR('',#2196);
#2190=FILL_AREA_STYLE_COLOUR('',#2195);
#2191=FILL_AREA_STYLE_COLOUR('',#2196);
#2192=FILL_AREA_STYLE_COLOUR('',#2195);
#2193=FILL_AREA_STYLE_COLOUR('',#2196);
#2194=COLOUR_RGB('',0.117647058823529,0.117647058823529,0.117647058823529);
#2195=COLOUR_RGB('',0.235294117647059,0.164705882352941,0.117647058823529);
#2196=COLOUR_RGB('',0.764705882352941,0.690196078431373,0.568627450980392);
#2197=COLOUR_RGB('',0.972549019607843,0.529411764705882,0.00392156862745098);
#2198=COLOUR_RGB('',0.498039215686275,0.498039215686275,0.498039215686275);
#2199=COLOUR_RGB('',0.980392156862745,0.713725490196078,0.00392156862745098);
#2200=COLOUR_RGB('',0.615686274509804,0.811764705882353,0.929411764705882);
#2201=COLOUR_RGB('',0.647058823529412,0.647058823529412,0.647058823529412);
#2202=COLOUR_RGB('',0.231372549019608,0.380392156862745,0.705882352941177);
#2203=MANIFOLD_SOLID_BREP('Part 15',#2042);
#2204=MANIFOLD_SOLID_BREP('Part 1',#2043);
#2205=MANIFOLD_SOLID_BREP('Part 9',#2044);
#2206=MANIFOLD_SOLID_BREP('Part 7',#2045);
#2207=MANIFOLD_SOLID_BREP('Part 10',#2046);
#2208=MANIFOLD_SOLID_BREP('Part 8',#2047);
#2209=MANIFOLD_SOLID_BREP('Part 11',#2048);
#2210=MANIFOLD_SOLID_BREP('Part 12',#2049);
#2211=MANIFOLD_SOLID_BREP('Part 6',#2050);
#2212=MANIFOLD_SOLID_BREP('Part 5',#2051);
#2213=MANIFOLD_SOLID_BREP('Part 13',#2052);
#2214=MANIFOLD_SOLID_BREP('Part 18',#2053);
#2215=MANIFOLD_SOLID_BREP('Part 14',#2054);
#2216=MANIFOLD_SOLID_BREP('Part 4',#2055);
#2217=MANIFOLD_SOLID_BREP('Part 2',#2056);
#2218=MANIFOLD_SOLID_BREP('Part 3',#2057);
#2219=SHAPE_DEFINITION_REPRESENTATION(#3703,#2235);
#2220=SHAPE_DEFINITION_REPRESENTATION(#3704,#2236);
#2221=SHAPE_DEFINITION_REPRESENTATION(#3705,#2237);
#2222=SHAPE_DEFINITION_REPRESENTATION(#3706,#2238);
#2223=SHAPE_DEFINITION_REPRESENTATION(#3707,#2239);
#2224=SHAPE_DEFINITION_REPRESENTATION(#3708,#2240);
#2225=SHAPE_DEFINITION_REPRESENTATION(#3709,#2241);
#2226=SHAPE_DEFINITION_REPRESENTATION(#3710,#2242);
#2227=SHAPE_DEFINITION_REPRESENTATION(#3711,#2243);
#2228=SHAPE_DEFINITION_REPRESENTATION(#3712,#2244);
#2229=SHAPE_DEFINITION_REPRESENTATION(#3713,#2245);
#2230=SHAPE_DEFINITION_REPRESENTATION(#3714,#2246);
#2231=SHAPE_DEFINITION_REPRESENTATION(#3715,#2247);
#2232=SHAPE_DEFINITION_REPRESENTATION(#3716,#2248);
#2233=SHAPE_DEFINITION_REPRESENTATION(#3717,#2249);
#2234=SHAPE_DEFINITION_REPRESENTATION(#3718,#2250);
#2235=SHAPE_REPRESENTATION('Part 15',(#2251),#3623);
#2236=SHAPE_REPRESENTATION('Part 1',(#2300),#3624);
#2237=SHAPE_REPRESENTATION('Part 9',(#2309),#3625);
#2238=SHAPE_REPRESENTATION('Part 7',(#2315),#3626);
#2239=SHAPE_REPRESENTATION('Part 10',(#2322),#3627);
#2240=SHAPE_REPRESENTATION('Part 8',(#2328),#3628);
#2241=SHAPE_REPRESENTATION('Part 11',(#2335),#3629);
#2242=SHAPE_REPRESENTATION('Part 12',(#2341),#3630);
#2243=SHAPE_REPRESENTATION('Part 6',(#2347),#3631);
#2244=SHAPE_REPRESENTATION('Part 5',(#2354),#3632);
#2245=SHAPE_REPRESENTATION('Part 13',(#2361),#3633);
#2246=SHAPE_REPRESENTATION('Part 18',(#2367),#3634);
#2247=SHAPE_REPRESENTATION('Part 14',(#2419),#3635);
#2248=SHAPE_REPRESENTATION('Part 4',(#2425),#3636);
#2249=SHAPE_REPRESENTATION('Part 2',(#2434),#3637);
#2250=SHAPE_REPRESENTATION('Part 3',(#2445),#3638);
#2251=AXIS2_PLACEMENT_3D('',#3042,#2454,#2455);
#2252=AXIS2_PLACEMENT_3D('',#3043,#2456,#2457);
#2253=AXIS2_PLACEMENT_3D('',#3052,#2462,#2463);
#2254=AXIS2_PLACEMENT_3D('',#3058,#2467,#2468);
#2255=AXIS2_PLACEMENT_3D('',#3064,#2472,#2473);
#2256=AXIS2_PLACEMENT_3D('',#3065,#2474,#2475);
#2257=AXIS2_PLACEMENT_3D('',#3067,#2476,#2477);
#2258=AXIS2_PLACEMENT_3D('',#3069,#2478,#2479);
#2259=AXIS2_PLACEMENT_3D('',#3070,#2480,#2481);
#2260=AXIS2_PLACEMENT_3D('',#3072,#2482,#2483);
#2261=AXIS2_PLACEMENT_3D('',#3074,#2484,#2485);
#2262=AXIS2_PLACEMENT_3D('',#3075,#2486,#2487);
#2263=AXIS2_PLACEMENT_3D('',#3077,#2488,#2489);
#2264=AXIS2_PLACEMENT_3D('',#3079,#2490,#2491);
#2265=AXIS2_PLACEMENT_3D('',#3080,#2492,#2493);
#2266=AXIS2_PLACEMENT_3D('',#3082,#2494,#2495);
#2267=AXIS2_PLACEMENT_3D('',#3084,#2496,#2497);
#2268=AXIS2_PLACEMENT_3D('',#3085,#2498,#2499);
#2269=AXIS2_PLACEMENT_3D('',#3087,#2500,#2501);
#2270=AXIS2_PLACEMENT_3D('',#3089,#2502,#2503);
#2271=AXIS2_PLACEMENT_3D('',#3090,#2504,#2505);
#2272=AXIS2_PLACEMENT_3D('',#3092,#2506,#2507);
#2273=AXIS2_PLACEMENT_3D('',#3094,#2508,#2509);
#2274=AXIS2_PLACEMENT_3D('',#3097,#2512,#2513);
#2275=AXIS2_PLACEMENT_3D('',#3106,#2518,#2519);
#2276=AXIS2_PLACEMENT_3D('',#3107,#2520,#2521);
#2277=AXIS2_PLACEMENT_3D('',#3109,#2522,#2523);
#2278=AXIS2_PLACEMENT_3D('',#3111,#2524,#2525);
#2279=AXIS2_PLACEMENT_3D('',#3113,#2526,#2527);
#2280=AXIS2_PLACEMENT_3D('',#3115,#2528,#2529);
#2281=AXIS2_PLACEMENT_3D('',#3117,#2530,#2531);
#2282=AXIS2_PLACEMENT_3D('',#3119,#2532,#2533);
#2283=AXIS2_PLACEMENT_3D('',#3120,#2534,#2535);
#2284=AXIS2_PLACEMENT_3D('',#3122,#2536,#2537);
#2285=AXIS2_PLACEMENT_3D('',#3123,#2538,#2539);
#2286=AXIS2_PLACEMENT_3D('',#3124,#2540,#2541);
#2287=AXIS2_PLACEMENT_3D('',#3126,#2542,#2543);
#2288=AXIS2_PLACEMENT_3D('',#3127,#2544,#2545);
#2289=AXIS2_PLACEMENT_3D('',#3129,#2546,#2547);
#2290=AXIS2_PLACEMENT_3D('',#3130,#2548,#2549);
#2291=AXIS2_PLACEMENT_3D('',#3132,#2550,#2551);
#2292=AXIS2_PLACEMENT_3D('',#3133,#2552,#2553);
#2293=AXIS2_PLACEMENT_3D('',#3135,#2554,#2555);
#2294=AXIS2_PLACEMENT_3D('',#3136,#2556,#2557);
#2295=AXIS2_PLACEMENT_3D('',#3138,#2558,#2559);
#2296=AXIS2_PLACEMENT_3D('',#3139,#2560,#2561);
#2297=AXIS2_PLACEMENT_3D('',#3142,#2564,#2565);
#2298=AXIS2_PLACEMENT_3D('',#3144,#2567,#2568);
#2299=AXIS2_PLACEMENT_3D('',#3146,#2570,#2571);
#2300=AXIS2_PLACEMENT_3D('',#3147,#2572,#2573);
#2301=AXIS2_PLACEMENT_3D('',#3148,#2574,#2575);
#2302=AXIS2_PLACEMENT_3D('',#3157,#2580,#2581);
#2303=AXIS2_PLACEMENT_3D('',#3166,#2586,#2587);
#2304=AXIS2_PLACEMENT_3D('',#3172,#2591,#2592);
#2305=AXIS2_PLACEMENT_3D('',#3178,#2596,#2597);
#2306=AXIS2_PLACEMENT_3D('',#3181,#2600,#2601);
#2307=AXIS2_PLACEMENT_3D('',#3183,#2603,#2604);
#2308=AXIS2_PLACEMENT_3D('',#3185,#2606,#2607);
#2309=AXIS2_PLACEMENT_3D('',#3186,#2608,#2609);
#2310=AXIS2_PLACEMENT_3D('',#3187,#2610,#2611);
#2311=AXIS2_PLACEMENT_3D('',#3188,#2612,#2613);
#2312=AXIS2_PLACEMENT_3D('',#3190,#2614,#2615);
#2313=AXIS2_PLACEMENT_3D('',#3192,#2616,#2617);
#2314=AXIS2_PLACEMENT_3D('',#3193,#2618,#2619);
#2315=AXIS2_PLACEMENT_3D('',#3194,#2620,#2621);
#2316=AXIS2_PLACEMENT_3D('',#3195,#2622,#2623);
#2317=AXIS2_PLACEMENT_3D('',#3204,#2628,#2629);
#2318=AXIS2_PLACEMENT_3D('',#3210,#2633,#2634);
#2319=AXIS2_PLACEMENT_3D('',#3216,#2638,#2639);
#2320=AXIS2_PLACEMENT_3D('',#3219,#2642,#2643);
#2321=AXIS2_PLACEMENT_3D('',#3220,#2644,#2645);
#2322=AXIS2_PLACEMENT_3D('',#3221,#2646,#2647);
#2323=AXIS2_PLACEMENT_3D('',#3222,#2648,#2649);
#2324=AXIS2_PLACEMENT_3D('',#3223,#2650,#2651);
#2325=AXIS2_PLACEMENT_3D('',#3225,#2652,#2653);
#2326=AXIS2_PLACEMENT_3D('',#3227,#2654,#2655);
#2327=AXIS2_PLACEMENT_3D('',#3228,#2656,#2657);
#2328=AXIS2_PLACEMENT_3D('',#3229,#2658,#2659);
#2329=AXIS2_PLACEMENT_3D('',#3230,#2660,#2661);
#2330=AXIS2_PLACEMENT_3D('',#3239,#2666,#2667);
#2331=AXIS2_PLACEMENT_3D('',#3245,#2671,#2672);
#2332=AXIS2_PLACEMENT_3D('',#3251,#2676,#2677);
#2333=AXIS2_PLACEMENT_3D('',#3254,#2680,#2681);
#2334=AXIS2_PLACEMENT_3D('',#3255,#2682,#2683);
#2335=AXIS2_PLACEMENT_3D('',#3256,#2684,#2685);
#2336=AXIS2_PLACEMENT_3D('',#3257,#2686,#2687);
#2337=AXIS2_PLACEMENT_3D('',#3258,#2688,#2689);
#2338=AXIS2_PLACEMENT_3D('',#3260,#2690,#2691);
#2339=AXIS2_PLACEMENT_3D('',#3262,#2692,#2693);
#2340=AXIS2_PLACEMENT_3D('',#3263,#2694,#2695);
#2341=AXIS2_PLACEMENT_3D('',#3264,#2696,#2697);
#2342=AXIS2_PLACEMENT_3D('',#3265,#2698,#2699);
#2343=AXIS2_PLACEMENT_3D('',#3266,#2700,#2701);
#2344=AXIS2_PLACEMENT_3D('',#3268,#2702,#2703);
#2345=AXIS2_PLACEMENT_3D('',#3270,#2704,#2705);
#2346=AXIS2_PLACEMENT_3D('',#3271,#2706,#2707);
#2347=AXIS2_PLACEMENT_3D('',#3272,#2708,#2709);
#2348=AXIS2_PLACEMENT_3D('',#3273,#2710,#2711);
#2349=AXIS2_PLACEMENT_3D('',#3282,#2716,#2717);
#2350=AXIS2_PLACEMENT_3D('',#3291,#2722,#2723);
#2351=AXIS2_PLACEMENT_3D('',#3294,#2726,#2727);
#2352=AXIS2_PLACEMENT_3D('',#3296,#2729,#2730);
#2353=AXIS2_PLACEMENT_3D('',#3298,#2732,#2733);
#2354=AXIS2_PLACEMENT_3D('',#3299,#2734,#2735);
#2355=AXIS2_PLACEMENT_3D('',#3300,#2736,#2737);
#2356=AXIS2_PLACEMENT_3D('',#3309,#2742,#2743);
#2357=AXIS2_PLACEMENT_3D('',#3318,#2748,#2749);
#2358=AXIS2_PLACEMENT_3D('',#3321,#2752,#2753);
#2359=AXIS2_PLACEMENT_3D('',#3323,#2755,#2756);
#2360=AXIS2_PLACEMENT_3D('',#3325,#2758,#2759);
#2361=AXIS2_PLACEMENT_3D('',#3326,#2760,#2761);
#2362=AXIS2_PLACEMENT_3D('',#3327,#2762,#2763);
#2363=AXIS2_PLACEMENT_3D('',#3328,#2764,#2765);
#2364=AXIS2_PLACEMENT_3D('',#3330,#2766,#2767);
#2365=AXIS2_PLACEMENT_3D('',#3332,#2768,#2769);
#2366=AXIS2_PLACEMENT_3D('',#3333,#2770,#2771);
#2367=AXIS2_PLACEMENT_3D('',#3334,#2772,#2773);
#2368=AXIS2_PLACEMENT_3D('',#3335,#2774,#2775);
#2369=AXIS2_PLACEMENT_3D('',#3344,#2780,#2781);
#2370=AXIS2_PLACEMENT_3D('',#3350,#2785,#2786);
#2371=AXIS2_PLACEMENT_3D('',#3356,#2790,#2791);
#2372=AXIS2_PLACEMENT_3D('',#3365,#2796,#2797);
#2373=AXIS2_PLACEMENT_3D('',#3371,#2801,#2802);
#2374=AXIS2_PLACEMENT_3D('',#3377,#2806,#2807);
#2375=AXIS2_PLACEMENT_3D('',#3380,#2810,#2811);
#2376=AXIS2_PLACEMENT_3D('',#3383,#2814,#2815);
#2377=AXIS2_PLACEMENT_3D('',#3384,#2816,#2817);
#2378=AXIS2_PLACEMENT_3D('',#3386,#2818,#2819);
#2379=AXIS2_PLACEMENT_3D('',#3388,#2820,#2821);
#2380=AXIS2_PLACEMENT_3D('',#3389,#2822,#2823);
#2381=AXIS2_PLACEMENT_3D('',#3391,#2824,#2825);
#2382=AXIS2_PLACEMENT_3D('',#3393,#2826,#2827);
#2383=AXIS2_PLACEMENT_3D('',#3394,#2828,#2829);
#2384=AXIS2_PLACEMENT_3D('',#3396,#2830,#2831);
#2385=AXIS2_PLACEMENT_3D('',#3398,#2832,#2833);
#2386=AXIS2_PLACEMENT_3D('',#3399,#2834,#2835);
#2387=AXIS2_PLACEMENT_3D('',#3401,#2836,#2837);
#2388=AXIS2_PLACEMENT_3D('',#3403,#2838,#2839);
#2389=AXIS2_PLACEMENT_3D('',#3404,#2840,#2841);
#2390=AXIS2_PLACEMENT_3D('',#3406,#2842,#2843);
#2391=AXIS2_PLACEMENT_3D('',#3408,#2844,#2845);
#2392=AXIS2_PLACEMENT_3D('',#3409,#2846,#2847);
#2393=AXIS2_PLACEMENT_3D('',#3411,#2848,#2849);
#2394=AXIS2_PLACEMENT_3D('',#3413,#2850,#2851);
#2395=AXIS2_PLACEMENT_3D('',#3414,#2852,#2853);
#2396=AXIS2_PLACEMENT_3D('',#3416,#2854,#2855);
#2397=AXIS2_PLACEMENT_3D('',#3418,#2856,#2857);
#2398=AXIS2_PLACEMENT_3D('',#3419,#2858,#2859);
#2399=AXIS2_PLACEMENT_3D('',#3421,#2860,#2861);
#2400=AXIS2_PLACEMENT_3D('',#3423,#2862,#2863);
#2401=AXIS2_PLACEMENT_3D('',#3424,#2864,#2865);
#2402=AXIS2_PLACEMENT_3D('',#3426,#2866,#2867);
#2403=AXIS2_PLACEMENT_3D('',#3428,#2868,#2869);
#2404=AXIS2_PLACEMENT_3D('',#3429,#2870,#2871);
#2405=AXIS2_PLACEMENT_3D('',#3431,#2872,#2873);
#2406=AXIS2_PLACEMENT_3D('',#3433,#2874,#2875);
#2407=AXIS2_PLACEMENT_3D('',#3434,#2876,#2877);
#2408=AXIS2_PLACEMENT_3D('',#3435,#2878,#2879);
#2409=AXIS2_PLACEMENT_3D('',#3437,#2880,#2881);
#2410=AXIS2_PLACEMENT_3D('',#3447,#2886,#2887);
#2411=AXIS2_PLACEMENT_3D('',#3453,#2891,#2892);
#2412=AXIS2_PLACEMENT_3D('',#3457,#2895,#2896);
#2413=AXIS2_PLACEMENT_3D('',#3461,#2899,#2900);
#2414=AXIS2_PLACEMENT_3D('',#3463,#2902,#2903);
#2415=AXIS2_PLACEMENT_3D('',#3464,#2904,#2905);
#2416=AXIS2_PLACEMENT_3D('',#3466,#2906,#2907);
#2417=AXIS2_PLACEMENT_3D('',#3467,#2908,#2909);
#2418=AXIS2_PLACEMENT_3D('',#3469,#2910,#2911);
#2419=AXIS2_PLACEMENT_3D('',#3470,#2912,#2913);
#2420=AXIS2_PLACEMENT_3D('',#3471,#2914,#2915);
#2421=AXIS2_PLACEMENT_3D('',#3472,#2916,#2917);
#2422=AXIS2_PLACEMENT_3D('',#3474,#2918,#2919);
#2423=AXIS2_PLACEMENT_3D('',#3476,#2920,#2921);
#2424=AXIS2_PLACEMENT_3D('',#3477,#2922,#2923);
#2425=AXIS2_PLACEMENT_3D('',#3478,#2924,#2925);
#2426=AXIS2_PLACEMENT_3D('',#3479,#2926,#2927);
#2427=AXIS2_PLACEMENT_3D('',#3492,#2934,#2935);
#2428=AXIS2_PLACEMENT_3D('',#3498,#2939,#2940);
#2429=AXIS2_PLACEMENT_3D('',#3502,#2943,#2944);
#2430=AXIS2_PLACEMENT_3D('',#3506,#2947,#2948);
#2431=AXIS2_PLACEMENT_3D('',#3510,#2951,#2952);
#2432=AXIS2_PLACEMENT_3D('',#3514,#2955,#2956);
#2433=AXIS2_PLACEMENT_3D('',#3516,#2958,#2959);
#2434=AXIS2_PLACEMENT_3D('',#3517,#2960,#2961);
#2435=AXIS2_PLACEMENT_3D('',#3518,#2962,#2963);
#2436=AXIS2_PLACEMENT_3D('',#3527,#2968,#2969);
#2437=AXIS2_PLACEMENT_3D('',#3537,#2975,#2976);
#2438=AXIS2_PLACEMENT_3D('',#3543,#2980,#2981);
#2439=AXIS2_PLACEMENT_3D('',#3552,#2986,#2987);
#2440=AXIS2_PLACEMENT_3D('',#3556,#2991,#2992);
#2441=AXIS2_PLACEMENT_3D('',#3557,#2993,#2994);
#2442=AXIS2_PLACEMENT_3D('',#3563,#2998,#2999);
#2443=AXIS2_PLACEMENT_3D('',#3566,#3002,#3003);
#2444=AXIS2_PLACEMENT_3D('',#3567,#3004,#3005);
#2445=AXIS2_PLACEMENT_3D('',#3568,#3006,#3007);
#2446=AXIS2_PLACEMENT_3D('',#3569,#3008,#3009);
#2447=AXIS2_PLACEMENT_3D('',#3582,#3016,#3017);
#2448=AXIS2_PLACEMENT_3D('',#3595,#3024,#3025);
#2449=AXIS2_PLACEMENT_3D('',#3598,#3028,#3029);
#2450=AXIS2_PLACEMENT_3D('',#3600,#3031,#3032);
#2451=AXIS2_PLACEMENT_3D('',#3602,#3034,#3035);
#2452=AXIS2_PLACEMENT_3D('',#3604,#3037,#3038);
#2453=AXIS2_PLACEMENT_3D('',#3606,#3040,#3041);
#2454=DIRECTION('',(0.,0.,1.));
#2455=DIRECTION('',(1.,0.,0.));
#2456=DIRECTION('',(1.,0.,0.));
#2457=DIRECTION('',(0.,0.,-1.));
#2458=DIRECTION('',(0.,1.,0.));
#2459=DIRECTION('',(0.,0.,1.));
#2460=DIRECTION('',(0.,1.,0.));
#2461=DIRECTION('',(0.,0.,-1.));
#2462=DIRECTION('',(0.,0.,1.));
#2463=DIRECTION('',(1.,0.,0.));
#2464=DIRECTION('',(0.,1.,0.));
#2465=DIRECTION('',(-1.,0.,0.));
#2466=DIRECTION('',(1.,0.,0.));
#2467=DIRECTION('',(-1.,0.,0.));
#2468=DIRECTION('',(0.,0.,1.));
#2469=DIRECTION('',(0.,1.,0.));
#2470=DIRECTION('',(0.,0.,-1.));
#2471=DIRECTION('',(0.,0.,1.));
#2472=DIRECTION('',(0.,1.,0.));
#2473=DIRECTION('',(0.,0.,1.));
#2474=DIRECTION('',(0.,-1.,0.));
#2475=DIRECTION('',(0.,0.,-1.));
#2476=DIRECTION('',(0.,-1.,0.));
#2477=DIRECTION('',(0.,0.,-1.));
#2478=DIRECTION('',(0.,1.,0.));
#2479=DIRECTION('',(0.,0.,1.));
#2480=DIRECTION('',(0.,-1.,0.));
#2481=DIRECTION('',(0.,0.,-1.));
#2482=DIRECTION('',(0.,-1.,0.));
#2483=DIRECTION('',(0.,0.,-1.));
#2484=DIRECTION('',(0.,1.,0.));
#2485=DIRECTION('',(0.,0.,1.));
#2486=DIRECTION('',(0.,-1.,0.));
#2487=DIRECTION('',(0.,0.,-1.));
#2488=DIRECTION('',(0.,-1.,0.));
#2489=DIRECTION('',(0.,0.,-1.));
#2490=DIRECTION('',(0.,1.,0.));
#2491=DIRECTION('',(0.,0.,1.));
#2492=DIRECTION('',(0.,-1.,0.));
#2493=DIRECTION('',(0.,0.,-1.));
#2494=DIRECTION('',(0.,-1.,0.));
#2495=DIRECTION('',(0.,0.,-1.));
#2496=DIRECTION('',(0.,1.,0.));
#2497=DIRECTION('',(0.,0.,1.));
#2498=DIRECTION('',(0.,-1.,0.));
#2499=DIRECTION('',(0.,0.,-1.));
#2500=DIRECTION('',(0.,-1.,0.));
#2501=DIRECTION('',(0.,0.,-1.));
#2502=DIRECTION('',(0.,1.,0.));
#2503=DIRECTION('',(0.,0.,1.));
#2504=DIRECTION('',(0.,-1.,0.));
#2505=DIRECTION('',(0.,0.,-1.));
#2506=DIRECTION('',(0.,-1.,0.));
#2507=DIRECTION('',(0.,0.,-1.));
#2508=DIRECTION('',(0.,0.,-1.));
#2509=DIRECTION('',(-1.,0.,0.));
#2510=DIRECTION('',(1.,0.,0.));
#2511=DIRECTION('',(-1.,0.,0.));
#2512=DIRECTION('',(0.,-1.,0.));
#2513=DIRECTION('',(1.,0.,0.));
#2514=DIRECTION('',(-1.,0.,0.));
#2515=DIRECTION('',(0.,0.,-1.));
#2516=DIRECTION('',(1.,0.,0.));
#2517=DIRECTION('',(0.,0.,1.));
#2518=DIRECTION('',(0.,-1.,0.));
#2519=DIRECTION('',(1.,0.,0.));
#2520=DIRECTION('',(0.,-1.,0.));
#2521=DIRECTION('',(0.,0.,-1.));
#2522=DIRECTION('',(0.,-1.,0.));
#2523=DIRECTION('',(0.,0.,-1.));
#2524=DIRECTION('',(0.,-1.,0.));
#2525=DIRECTION('',(0.,0.,-1.));
#2526=DIRECTION('',(0.,-1.,0.));
#2527=DIRECTION('',(0.,0.,-1.));
#2528=DIRECTION('',(0.,-1.,0.));
#2529=DIRECTION('',(0.,0.,-1.));
#2530=DIRECTION('',(0.,-1.,0.));
#2531=DIRECTION('',(0.,0.,-1.));
#2532=DIRECTION('',(0.,1.,0.));
#2533=DIRECTION('',(0.,0.,1.));
#2534=DIRECTION('',(0.,-1.,0.));
#2535=DIRECTION('',(0.,0.,-1.));
#2536=DIRECTION('',(0.,-1.,0.));
#2537=DIRECTION('',(1.,0.,0.));
#2538=DIRECTION('',(0.,1.,0.));
#2539=DIRECTION('',(0.,0.,1.));
#2540=DIRECTION('',(0.,-1.,0.));
#2541=DIRECTION('',(0.,0.,-1.));
#2542=DIRECTION('',(0.,1.,0.));
#2543=DIRECTION('',(0.,0.,1.));
#2544=DIRECTION('',(0.,-1.,0.));
#2545=DIRECTION('',(0.,0.,-1.));
#2546=DIRECTION('',(0.,1.,0.));
#2547=DIRECTION('',(0.,0.,1.));
#2548=DIRECTION('',(0.,-1.,0.));
#2549=DIRECTION('',(0.,0.,-1.));
#2550=DIRECTION('',(0.,1.,0.));
#2551=DIRECTION('',(0.,0.,1.));
#2552=DIRECTION('',(0.,-1.,0.));
#2553=DIRECTION('',(0.,0.,-1.));
#2554=DIRECTION('',(0.,1.,0.));
#2555=DIRECTION('',(0.,0.,1.));
#2556=DIRECTION('',(0.,-1.,0.));
#2557=DIRECTION('',(0.,0.,-1.));
#2558=DIRECTION('',(0.,-1.,0.));
#2559=DIRECTION('',(1.,0.,0.));
#2560=DIRECTION('',(0.707106781186547,-0.707106781186548,0.));
#2561=DIRECTION('',(0.,0.,-1.));
#2562=DIRECTION('',(-0.577350269189626,-0.577350269189625,0.577350269189626));
#2563=DIRECTION('',(-0.577350269189626,-0.577350269189625,-0.577350269189626));
#2564=DIRECTION('',(0.,-0.707106781186548,0.707106781186547));
#2565=DIRECTION('',(1.,0.,0.));
#2566=DIRECTION('',(0.577350269189626,-0.577350269189625,-0.577350269189626));
#2567=DIRECTION('',(0.,-0.707106781186548,-0.707106781186547));
#2568=DIRECTION('',(-1.,0.,0.));
#2569=DIRECTION('',(-0.577350269189626,0.577350269189625,-0.577350269189626));
#2570=DIRECTION('',(-0.707106781186547,-0.707106781186548,0.));
#2571=DIRECTION('',(0.,0.,1.));
#2572=DIRECTION('',(0.,0.,1.));
#2573=DIRECTION('',(1.,0.,0.));
#2574=DIRECTION('',(0.,1.,0.));
#2575=DIRECTION('',(0.,0.,1.));
#2576=DIRECTION('',(0.707106781186548,0.,0.707106781186548));
#2577=DIRECTION('',(1.,0.,0.));
#2578=DIRECTION('',(-0.707106781186547,0.,0.707106781186548));
#2579=DIRECTION('',(1.,0.,0.));
#2580=DIRECTION('',(0.,0.,1.));
#2581=DIRECTION('',(1.,0.,0.));
#2582=DIRECTION('',(1.,0.,0.));
#2583=DIRECTION('',(-2.37227142013923E-16,1.,0.));
#2584=DIRECTION('',(1.,0.,0.));
#2585=DIRECTION('',(0.,-1.,0.));
#2586=DIRECTION('',(0.,1.,0.));
#2587=DIRECTION('',(0.,0.,1.));
#2588=DIRECTION('',(1.,0.,0.));
#2589=DIRECTION('',(-0.707106781186548,0.,-0.707106781186548));
#2590=DIRECTION('',(0.707106781186547,0.,-0.707106781186548));
#2591=DIRECTION('',(0.,-1.,0.));
#2592=DIRECTION('',(0.,0.,-1.));
#2593=DIRECTION('',(1.,0.,0.));
#2594=DIRECTION('',(-0.707106781186547,0.,0.707106781186548));
#2595=DIRECTION('',(0.707106781186548,0.,0.707106781186548));
#2596=DIRECTION('',(0.,0.,1.));
#2597=DIRECTION('',(1.,0.,0.));
#2598=DIRECTION('',(-2.37227142013923E-16,1.,0.));
#2599=DIRECTION('',(0.,1.,0.));
#2600=DIRECTION('',(0.707106781186548,1.67744920799548E-16,0.707106781186547));
#2601=DIRECTION('',(2.37227142013923E-16,-1.,0.));
#2602=DIRECTION('',(2.37227142013923E-16,-1.,0.));
#2603=DIRECTION('',(0.707106781186548,0.,-0.707106781186548));
#2604=DIRECTION('',(0.,1.,0.));
#2605=DIRECTION('',(0.,1.,0.));
#2606=DIRECTION('',(0.,0.,1.));
#2607=DIRECTION('',(1.,0.,0.));
#2608=DIRECTION('',(0.,0.,1.));
#2609=DIRECTION('',(1.,0.,0.));
#2610=DIRECTION('',(0.,1.,0.));
#2611=DIRECTION('',(0.,0.,1.));
#2612=DIRECTION('',(0.,1.,0.));
#2613=DIRECTION('',(0.,0.,1.));
#2614=DIRECTION('',(0.,1.,0.));
#2615=DIRECTION('',(0.,0.,1.));
#2616=DIRECTION('',(0.,1.,0.));
#2617=DIRECTION('',(-1.,0.,0.));
#2618=DIRECTION('',(0.,1.,0.));
#2619=DIRECTION('',(-1.,0.,0.));
#2620=DIRECTION('',(0.,0.,1.));
#2621=DIRECTION('',(1.,0.,0.));
#2622=DIRECTION('',(0.,0.,1.));
#2623=DIRECTION('',(1.,0.,0.));
#2624=DIRECTION('',(2.37227142013923E-16,1.,0.));
#2625=DIRECTION('',(-1.,2.37227142013923E-16,0.));
#2626=DIRECTION('',(2.37227142013923E-16,1.,0.));
#2627=DIRECTION('',(-1.,2.37227142013923E-16,0.));
#2628=DIRECTION('',(2.37227142013923E-16,1.,0.));
#2629=DIRECTION('',(-1.,2.37227142013923E-16,0.));
#2630=DIRECTION('',(0.,0.,-1.));
#2631=DIRECTION('',(-1.,2.37227142013923E-16,0.));
#2632=DIRECTION('',(0.,0.,-1.));
#2633=DIRECTION('',(0.,0.,1.));
#2634=DIRECTION('',(1.,0.,0.));
#2635=DIRECTION('',(2.37227142013923E-16,1.,0.));
#2636=DIRECTION('',(-1.,2.37227142013923E-16,0.));
#2637=DIRECTION('',(2.37227142013923E-16,1.,0.));
#2638=DIRECTION('',(2.37227142013923E-16,1.,0.));
#2639=DIRECTION('',(-1.,2.37227142013923E-16,0.));
#2640=DIRECTION('',(0.,0.,-1.));
#2641=DIRECTION('',(0.,0.,-1.));
#2642=DIRECTION('',(1.,-2.37227142013923E-16,0.));
#2643=DIRECTION('',(2.37227142013923E-16,1.,0.));
#2644=DIRECTION('',(1.,-2.37227142013923E-16,0.));
#2645=DIRECTION('',(2.37227142013923E-16,1.,0.));
#2646=DIRECTION('',(0.,0.,1.));
#2647=DIRECTION('',(1.,0.,0.));
#2648=DIRECTION('',(0.,1.,0.));
#2649=DIRECTION('',(0.,0.,1.));
#2650=DIRECTION('',(0.,1.,0.));
#2651=DIRECTION('',(0.,0.,1.));
#2652=DIRECTION('',(0.,1.,0.));
#2653=DIRECTION('',(0.,0.,1.));
#2654=DIRECTION('',(0.,1.,0.));
#2655=DIRECTION('',(-1.,0.,0.));
#2656=DIRECTION('',(0.,1.,0.));
#2657=DIRECTION('',(-1.,0.,0.));
#2658=DIRECTION('',(0.,0.,1.));
#2659=DIRECTION('',(1.,0.,0.));
#2660=DIRECTION('',(0.,0.,1.));
#2661=DIRECTION('',(-1.,0.,0.));
#2662=DIRECTION('',(-2.37227142013923E-16,1.,0.));
#2663=DIRECTION('',(1.,2.37227142013923E-16,0.));
#2664=DIRECTION('',(-2.37227142013923E-16,1.,0.));
#2665=DIRECTION('',(1.,2.37227142013923E-16,0.));
#2666=DIRECTION('',(-2.37227142013923E-16,1.,0.));
#2667=DIRECTION('',(1.,2.37227142013923E-16,0.));
#2668=DIRECTION('',(0.,0.,-1.));
#2669=DIRECTION('',(0.,0.,-1.));
#2670=DIRECTION('',(1.,2.37227142013923E-16,0.));
#2671=DIRECTION('',(0.,0.,1.));
#2672=DIRECTION('',(-1.,0.,0.));
#2673=DIRECTION('',(-2.37227142013923E-16,1.,0.));
#2674=DIRECTION('',(-2.37227142013923E-16,1.,0.));
#2675=DIRECTION('',(1.,2.37227142013923E-16,0.));
#2676=DIRECTION('',(-2.37227142013923E-16,1.,0.));
#2677=DIRECTION('',(1.,2.37227142013923E-16,0.));
#2678=DIRECTION('',(0.,0.,-1.));
#2679=DIRECTION('',(0.,0.,-1.));
#2680=DIRECTION('',(-1.,-2.37227142013923E-16,0.));
#2681=DIRECTION('',(-2.37227142013923E-16,1.,0.));
#2682=DIRECTION('',(-1.,-2.37227142013923E-16,0.));
#2683=DIRECTION('',(-2.37227142013923E-16,1.,0.));
#2684=DIRECTION('',(0.,0.,1.));
#2685=DIRECTION('',(1.,0.,0.));
#2686=DIRECTION('',(0.,1.,0.));
#2687=DIRECTION('',(0.,0.,1.));
#2688=DIRECTION('',(0.,1.,0.));
#2689=DIRECTION('',(0.,0.,1.));
#2690=DIRECTION('',(0.,1.,0.));
#2691=DIRECTION('',(0.,0.,1.));
#2692=DIRECTION('',(0.,1.,0.));
#2693=DIRECTION('',(-1.,0.,0.));
#2694=DIRECTION('',(0.,1.,0.));
#2695=DIRECTION('',(-1.,0.,0.));
#2696=DIRECTION('',(0.,0.,1.));
#2697=DIRECTION('',(1.,0.,0.));
#2698=DIRECTION('',(0.,1.,0.));
#2699=DIRECTION('',(0.,0.,1.));
#2700=DIRECTION('',(0.,1.,0.));
#2701=DIRECTION('',(0.,0.,1.));
#2702=DIRECTION('',(0.,1.,0.));
#2703=DIRECTION('',(0.,0.,1.));
#2704=DIRECTION('',(0.,1.,0.));
#2705=DIRECTION('',(-1.,0.,0.));
#2706=DIRECTION('',(0.,1.,0.));
#2707=DIRECTION('',(-1.,0.,0.));
#2708=DIRECTION('',(0.,0.,1.));
#2709=DIRECTION('',(1.,0.,0.));
#2710=DIRECTION('',(-1.,-2.37227142013923E-16,0.));
#2711=DIRECTION('',(2.37227142013923E-16,-1.,0.));
#2712=DIRECTION('',(0.,0.,1.));
#2713=DIRECTION('',(-2.37227142013923E-16,1.,0.));
#2714=DIRECTION('',(0.,0.,1.));
#2715=DIRECTION('',(-2.37227142013923E-16,1.,0.));
#2716=DIRECTION('',(1.,0.,0.));
#2717=DIRECTION('',(0.,0.,1.));
#2718=DIRECTION('',(0.,-1.,0.));
#2719=DIRECTION('',(0.,0.,1.));
#2720=DIRECTION('',(0.,-1.,0.));
#2721=DIRECTION('',(0.,0.,1.));
#2722=DIRECTION('',(0.,1.,0.));
#2723=DIRECTION('',(0.,0.,-1.));
#2724=DIRECTION('',(1.,0.,0.));
#2725=DIRECTION('',(1.,0.,0.));
#2726=DIRECTION('',(0.,0.,-1.));
#2727=DIRECTION('',(1.,0.,0.));
#2728=DIRECTION('',(1.,0.,0.));
#2729=DIRECTION('',(0.,0.,-1.));
#2730=DIRECTION('',(1.,0.,0.));
#2731=DIRECTION('',(1.,0.,0.));
#2732=DIRECTION('',(0.,1.,0.));
#2733=DIRECTION('',(0.,0.,-1.));
#2734=DIRECTION('',(0.,0.,1.));
#2735=DIRECTION('',(1.,0.,0.));
#2736=DIRECTION('',(-1.,-2.37227142013923E-16,0.));
#2737=DIRECTION('',(2.37227142013923E-16,-1.,0.));
#2738=DIRECTION('',(0.,0.,-1.));
#2739=DIRECTION('',(-2.37227142013923E-16,1.,0.));
#2740=DIRECTION('',(0.,0.,-1.));
#2741=DIRECTION('',(-2.37227142013923E-16,1.,0.));
#2742=DIRECTION('',(1.,0.,0.));
#2743=DIRECTION('',(0.,0.,-1.));
#2744=DIRECTION('',(0.,-1.,0.));
#2745=DIRECTION('',(0.,0.,-1.));
#2746=DIRECTION('',(0.,-1.,0.));
#2747=DIRECTION('',(0.,0.,-1.));
#2748=DIRECTION('',(0.,1.,0.));
#2749=DIRECTION('',(0.,0.,1.));
#2750=DIRECTION('',(1.,0.,0.));
#2751=DIRECTION('',(1.,0.,0.));
#2752=DIRECTION('',(0.,0.,1.));
#2753=DIRECTION('',(1.,0.,0.));
#2754=DIRECTION('',(1.,0.,0.));
#2755=DIRECTION('',(0.,0.,1.));
#2756=DIRECTION('',(1.,0.,0.));
#2757=DIRECTION('',(1.,0.,0.));
#2758=DIRECTION('',(0.,1.,0.));
#2759=DIRECTION('',(0.,0.,1.));
#2760=DIRECTION('',(0.,0.,1.));
#2761=DIRECTION('',(1.,0.,0.));
#2762=DIRECTION('',(0.,1.,0.));
#2763=DIRECTION('',(0.,0.,1.));
#2764=DIRECTION('',(0.,1.,0.));
#2765=DIRECTION('',(0.,0.,1.));
#2766=DIRECTION('',(0.,1.,0.));
#2767=DIRECTION('',(0.,0.,1.));
#2768=DIRECTION('',(0.,1.,0.));
#2769=DIRECTION('',(-1.,0.,0.));
#2770=DIRECTION('',(0.,1.,0.));
#2771=DIRECTION('',(-1.,0.,0.));
#2772=DIRECTION('',(0.,0.,1.));
#2773=DIRECTION('',(1.,0.,0.));
#2774=DIRECTION('',(-1.,0.,0.));
#2775=DIRECTION('',(0.,0.,1.));
#2776=DIRECTION('',(0.,0.,-1.));
#2777=DIRECTION('',(0.,-1.,0.));
#2778=DIRECTION('',(0.,0.,-1.));
#2779=DIRECTION('',(0.,-1.,0.));
#2780=DIRECTION('',(0.,0.,1.));
#2781=DIRECTION('',(1.,0.,0.));
#2782=DIRECTION('',(-1.,0.,0.));
#2783=DIRECTION('',(0.,-1.,0.));
#2784=DIRECTION('',(-1.,0.,0.));
#2785=DIRECTION('',(1.,0.,0.));
#2786=DIRECTION('',(0.,0.,-1.));
#2787=DIRECTION('',(0.,0.,1.));
#2788=DIRECTION('',(0.,-1.,0.));
#2789=DIRECTION('',(0.,0.,1.));
#2790=DIRECTION('',(0.,0.,1.));
#2791=DIRECTION('',(1.,0.,0.));
#2792=DIRECTION('',(-1.,0.,0.));
#2793=DIRECTION('',(0.,-1.,0.));
#2794=DIRECTION('',(-1.,0.,0.));
#2795=DIRECTION('',(0.,-1.,0.));
#2796=DIRECTION('',(-1.,0.,0.));
#2797=DIRECTION('',(0.,0.,1.));
#2798=DIRECTION('',(0.,0.,-1.));
#2799=DIRECTION('',(0.,-1.,0.));
#2800=DIRECTION('',(0.,0.,-1.));
#2801=DIRECTION('',(0.,0.,-1.));
#2802=DIRECTION('',(-1.,0.,0.));
#2803=DIRECTION('',(1.,0.,0.));
#2804=DIRECTION('',(0.,-1.,0.));
#2805=DIRECTION('',(1.,0.,0.));
#2806=DIRECTION('',(0.,0.,-1.));
#2807=DIRECTION('',(-1.,0.,0.));
#2808=DIRECTION('',(1.,0.,0.));
#2809=DIRECTION('',(1.,0.,0.));
#2810=DIRECTION('',(1.,0.,0.));
#2811=DIRECTION('',(0.,0.,-1.));
#2812=DIRECTION('',(0.,0.,1.));
#2813=DIRECTION('',(0.,0.,1.));
#2814=DIRECTION('',(0.,-1.,0.));
#2815=DIRECTION('',(0.,0.,-1.));
#2816=DIRECTION('',(0.,1.,0.));
#2817=DIRECTION('',(0.,0.,1.));
#2818=DIRECTION('',(0.,1.,0.));
#2819=DIRECTION('',(0.,0.,1.));
#2820=DIRECTION('',(0.,-1.,0.));
#2821=DIRECTION('',(0.,0.,-1.));
#2822=DIRECTION('',(0.,1.,0.));
#2823=DIRECTION('',(0.,0.,1.));
#2824=DIRECTION('',(0.,1.,0.));
#2825=DIRECTION('',(0.,0.,1.));
#2826=DIRECTION('',(0.,-1.,0.));
#2827=DIRECTION('',(0.,0.,-1.));
#2828=DIRECTION('',(0.,1.,0.));
#2829=DIRECTION('',(0.,0.,1.));
#2830=DIRECTION('',(0.,1.,0.));
#2831=DIRECTION('',(0.,0.,1.));
#2832=DIRECTION('',(0.,-1.,0.));
#2833=DIRECTION('',(0.,0.,-1.));
#2834=DIRECTION('',(0.,1.,0.));
#2835=DIRECTION('',(0.,0.,1.));
#2836=DIRECTION('',(0.,1.,0.));
#2837=DIRECTION('',(0.,0.,1.));
#2838=DIRECTION('',(0.,-1.,0.));
#2839=DIRECTION('',(0.,0.,-1.));
#2840=DIRECTION('',(0.,1.,0.));
#2841=DIRECTION('',(0.,0.,1.));
#2842=DIRECTION('',(0.,1.,0.));
#2843=DIRECTION('',(0.,0.,1.));
#2844=DIRECTION('',(0.,-1.,0.));
#2845=DIRECTION('',(0.,0.,-1.));
#2846=DIRECTION('',(0.,1.,0.));
#2847=DIRECTION('',(0.,0.,1.));
#2848=DIRECTION('',(0.,1.,0.));
#2849=DIRECTION('',(0.,0.,1.));
#2850=DIRECTION('',(0.,-1.,0.));
#2851=DIRECTION('',(0.,0.,-1.));
#2852=DIRECTION('',(0.,1.,0.));
#2853=DIRECTION('',(0.,0.,1.));
#2854=DIRECTION('',(0.,1.,0.));
#2855=DIRECTION('',(0.,0.,1.));
#2856=DIRECTION('',(0.,-1.,0.));
#2857=DIRECTION('',(0.,0.,-1.));
#2858=DIRECTION('',(0.,1.,0.));
#2859=DIRECTION('',(0.,0.,1.));
#2860=DIRECTION('',(0.,1.,0.));
#2861=DIRECTION('',(0.,0.,1.));
#2862=DIRECTION('',(0.,-1.,0.));
#2863=DIRECTION('',(0.,0.,-1.));
#2864=DIRECTION('',(0.,1.,0.));
#2865=DIRECTION('',(0.,0.,1.));
#2866=DIRECTION('',(0.,1.,0.));
#2867=DIRECTION('',(0.,0.,1.));
#2868=DIRECTION('',(0.,-1.,0.));
#2869=DIRECTION('',(0.,0.,-1.));
#2870=DIRECTION('',(0.,1.,0.));
#2871=DIRECTION('',(0.,0.,1.));
#2872=DIRECTION('',(0.,1.,0.));
#2873=DIRECTION('',(0.,0.,1.));
#2874=DIRECTION('',(0.,1.,0.));
#2875=DIRECTION('',(-1.,0.,0.));
#2876=DIRECTION('',(0.,1.,0.));
#2877=DIRECTION('',(-1.,0.,0.));
#2878=DIRECTION('',(0.,1.,0.));
#2879=DIRECTION('',(0.,0.,1.));
#2880=DIRECTION('',(0.,1.,0.));
#2881=DIRECTION('',(0.,0.,1.));
#2882=DIRECTION('',(-1.,0.,0.));
#2883=DIRECTION('',(0.,0.,1.));
#2884=DIRECTION('',(1.,0.,0.));
#2885=DIRECTION('',(0.,0.,-1.));
#2886=DIRECTION('',(0.,0.,1.));
#2887=DIRECTION('',(1.,0.,0.));
#2888=DIRECTION('',(0.,-1.,0.));
#2889=DIRECTION('',(-1.,0.,0.));
#2890=DIRECTION('',(0.,-1.,0.));
#2891=DIRECTION('',(-1.,0.,0.));
#2892=DIRECTION('',(0.,0.,1.));
#2893=DIRECTION('',(0.,-1.,0.));
#2894=DIRECTION('',(0.,0.,-1.));
#2895=DIRECTION('',(0.,0.,-1.));
#2896=DIRECTION('',(-1.,0.,0.));
#2897=DIRECTION('',(0.,-1.,0.));
#2898=DIRECTION('',(1.,0.,0.));
#2899=DIRECTION('',(1.,0.,0.));
#2900=DIRECTION('',(0.,0.,-1.));
#2901=DIRECTION('',(0.,0.,1.));
#2902=DIRECTION('',(0.,-1.,0.));
#2903=DIRECTION('',(0.,0.,-1.));
#2904=DIRECTION('',(0.,1.,0.));
#2905=DIRECTION('',(0.,0.,1.));
#2906=DIRECTION('',(0.,-1.,0.));
#2907=DIRECTION('',(0.,0.,-1.));
#2908=DIRECTION('',(0.,1.,0.));
#2909=DIRECTION('',(0.,0.,1.));
#2910=DIRECTION('',(0.,1.,0.));
#2911=DIRECTION('',(-1.,0.,0.));
#2912=DIRECTION('',(0.,0.,1.));
#2913=DIRECTION('',(1.,0.,0.));
#2914=DIRECTION('',(0.,1.,0.));
#2915=DIRECTION('',(0.,0.,1.));
#2916=DIRECTION('',(0.,1.,0.));
#2917=DIRECTION('',(0.,0.,1.));
#2918=DIRECTION('',(0.,1.,0.));
#2919=DIRECTION('',(0.,0.,1.));
#2920=DIRECTION('',(0.,1.,0.));
#2921=DIRECTION('',(-1.,0.,0.));
#2922=DIRECTION('',(0.,1.,0.));
#2923=DIRECTION('',(-1.,0.,0.));
#2924=DIRECTION('',(0.,0.,1.));
#2925=DIRECTION('',(1.,0.,0.));
#2926=DIRECTION('',(-0.707106781186548,1.67744920799548E-16,-0.707106781186547));
#2927=DIRECTION('',(-2.37227142013923E-16,-1.,0.));
#2928=DIRECTION('',(-0.707106781186547,0.,0.707106781186548));
#2929=DIRECTION('',(-2.37227142013923E-16,-1.,-1.74315279842105E-32));
#2930=DIRECTION('',(-0.707106781186547,0.,0.707106781186548));
#2931=DIRECTION('',(-2.37227142013923E-16,-1.,-1.74315279842105E-32));
#2932=DIRECTION('',(0.707106781186547,0.,-0.707106781186548));
#2933=DIRECTION('',(2.37227142013923E-16,1.,1.74315279842105E-32));
#2934=DIRECTION('',(0.,-1.,0.));
#2935=DIRECTION('',(0.,0.,-1.));
#2936=DIRECTION('',(0.,0.,-1.));
#2937=DIRECTION('',(0.707106781186547,0.,0.707106781186548));
#2938=DIRECTION('',(0.,0.,-1.));
#2939=DIRECTION('',(-1.,2.37227142013923E-16,0.));
#2940=DIRECTION('',(2.37227142013923E-16,1.,0.));
#2941=DIRECTION('',(0.,0.,-1.));
#2942=DIRECTION('',(-2.37227142013923E-16,-1.,0.));
#2943=DIRECTION('',(0.,1.,0.));
#2944=DIRECTION('',(0.,0.,1.));
#2945=DIRECTION('',(0.,0.,-1.));
#2946=DIRECTION('',(-0.707106781186547,0.,-0.707106781186548));
#2947=DIRECTION('',(1.,-2.37227142013923E-16,0.));
#2948=DIRECTION('',(-2.37227142013923E-16,-1.,0.));
#2949=DIRECTION('',(0.,0.,-1.));
#2950=DIRECTION('',(2.37227142013923E-16,1.,0.));
#2951=DIRECTION('',(0.,-1.,0.));
#2952=DIRECTION('',(0.,0.,-1.));
#2953=DIRECTION('',(0.,0.,-1.));
#2954=DIRECTION('',(0.707106781186547,0.,0.707106781186548));
#2955=DIRECTION('',(1.,-2.37227142013923E-16,0.));
#2956=DIRECTION('',(-2.37227142013923E-16,-1.,0.));
#2957=DIRECTION('',(2.37227142013923E-16,1.,0.));
#2958=DIRECTION('',(-0.707106781186548,1.67744920799548E-16,0.707106781186547));
#2959=DIRECTION('',(-2.37227142013923E-16,-1.,0.));
#2960=DIRECTION('',(0.,0.,1.));
#2961=DIRECTION('',(1.,0.,0.));
#2962=DIRECTION('',(-1.,0.,0.));
#2963=DIRECTION('',(0.,0.,-1.));
#2964=DIRECTION('',(0.,0.,1.));
#2965=DIRECTION('',(0.,1.,0.));
#2966=DIRECTION('',(0.,0.,1.));
#2967=DIRECTION('',(0.,1.,0.));
#2968=DIRECTION('',(0.,1.,0.));
#2969=DIRECTION('',(0.,0.,-1.));
#2970=DIRECTION('',(0.,0.,1.));
#2971=DIRECTION('',(1.,0.,0.));
#2972=DIRECTION('',(0.707106781186548,0.,-0.707106781186548));
#2973=DIRECTION('',(1.,0.,0.));
#2974=DIRECTION('',(-0.707106781186547,0.,-0.707106781186548));
#2975=DIRECTION('',(-1.,-2.37227142013923E-16,0.));
#2976=DIRECTION('',(2.37227142013923E-16,-1.,0.));
#2977=DIRECTION('',(0.,0.,1.));
#2978=DIRECTION('',(-2.37227142013923E-16,1.,0.));
#2979=DIRECTION('',(2.37227142013923E-16,-1.,0.));
#2980=DIRECTION('',(0.,0.,-1.));
#2981=DIRECTION('',(1.,0.,0.));
#2982=DIRECTION('',(1.,0.,0.));
#2983=DIRECTION('',(0.,-1.,0.));
#2984=DIRECTION('',(1.,0.,0.));
#2985=DIRECTION('',(-2.37227142013923E-16,1.,0.));
#2986=DIRECTION('',(0.,1.,0.));
#2987=DIRECTION('',(0.,0.,-1.));
#2988=DIRECTION('',(-0.707106781186548,0.,0.707106781186548));
#2989=DIRECTION('',(1.,0.,0.));
#2990=DIRECTION('',(0.707106781186547,0.,0.707106781186548));
#2991=DIRECTION('',(0.,0.,-1.));
#2992=DIRECTION('',(1.,0.,0.));
#2993=DIRECTION('',(0.,-1.,0.));
#2994=DIRECTION('',(0.,0.,1.));
#2995=DIRECTION('',(1.,0.,0.));
#2996=DIRECTION('',(0.707106781186548,0.,-0.707106781186548));
#2997=DIRECTION('',(-0.707106781186547,0.,-0.707106781186548));
#2998=DIRECTION('',(0.,0.,-1.));
#2999=DIRECTION('',(1.,0.,0.));
#3000=DIRECTION('',(0.,1.,0.));
#3001=DIRECTION('',(-2.37227142013923E-16,1.,0.));
#3002=DIRECTION('',(0.707106781186548,1.67744920799548E-16,-0.707106781186547));
#3003=DIRECTION('',(2.37227142013923E-16,-1.,0.));
#3004=DIRECTION('',(0.707106781186548,0.,0.707106781186548));
#3005=DIRECTION('',(0.,1.,0.));
#3006=DIRECTION('',(0.,0.,1.));
#3007=DIRECTION('',(1.,0.,0.));
#3008=DIRECTION('',(0.707106781186548,1.67744920799548E-16,-0.707106781186547));
#3009=DIRECTION('',(2.37227142013923E-16,-1.,0.));
#3010=DIRECTION('',(0.707106781186547,0.,0.707106781186548));
#3011=DIRECTION('',(-2.37227142013923E-16,1.,1.74315279842105E-32));
#3012=DIRECTION('',(-0.707106781186547,0.,-0.707106781186548));
#3013=DIRECTION('',(2.37227142013923E-16,-1.,-1.74315279842105E-32));
#3014=DIRECTION('',(0.707106781186547,0.,0.707106781186548));
#3015=DIRECTION('',(2.37227142013923E-16,-1.,-1.74315279842105E-32));
#3016=DIRECTION('',(0.707106781186548,1.67744920799548E-16,0.707106781186547));
#3017=DIRECTION('',(2.37227142013923E-16,-1.,0.));
#3018=DIRECTION('',(-0.707106781186547,0.,0.707106781186548));
#3019=DIRECTION('',(-2.37227142013923E-16,1.,0.));
#3020=DIRECTION('',(-0.707106781186547,0.,0.707106781186548));
#3021=DIRECTION('',(-2.37227142013923E-16,1.,0.));
#3022=DIRECTION('',(0.707106781186547,0.,-0.707106781186548));
#3023=DIRECTION('',(2.37227142013923E-16,-1.,0.));
#3024=DIRECTION('',(-1.,-2.37227142013923E-16,0.));
#3025=DIRECTION('',(2.37227142013923E-16,-1.,0.));
#3026=DIRECTION('',(0.,0.,-1.));
#3027=DIRECTION('',(0.,0.,-1.));
#3028=DIRECTION('',(0.,-1.,0.));
#3029=DIRECTION('',(0.,0.,-1.));
#3030=DIRECTION('',(0.,0.,-1.));
#3031=DIRECTION('',(-1.,-2.37227142013923E-16,0.));
#3032=DIRECTION('',(2.37227142013923E-16,-1.,0.));
#3033=DIRECTION('',(0.,0.,-1.));
#3034=DIRECTION('',(0.,1.,0.));
#3035=DIRECTION('',(0.,0.,1.));
#3036=DIRECTION('',(0.,0.,-1.));
#3037=DIRECTION('',(1.,2.37227142013923E-16,0.));
#3038=DIRECTION('',(-2.37227142013923E-16,1.,0.));
#3039=DIRECTION('',(0.,0.,-1.));
#3040=DIRECTION('',(0.,-1.,0.));
#3041=DIRECTION('',(0.,0.,-1.));
#3042=CARTESIAN_POINT('',(0.,0.,0.));
#3043=CARTESIAN_POINT('',(0.0045,-0.003,0.11));
#3044=CARTESIAN_POINT('',(0.0045,-0.003,0.005));
#3045=CARTESIAN_POINT('',(0.0045,0.002,0.005));
#3046=CARTESIAN_POINT('',(0.0045,0.009,0.005));
#3047=CARTESIAN_POINT('',(0.0045,0.002,0.215));
#3048=CARTESIAN_POINT('',(0.0045,0.002,0.215));
#3049=CARTESIAN_POINT('',(0.0045,-0.003,0.215));
#3050=CARTESIAN_POINT('',(0.0045,0.009,0.215));
#3051=CARTESIAN_POINT('',(0.0045,0.009,0.11));
#3052=CARTESIAN_POINT('',(0.0595,-0.003,0.005));
#3053=CARTESIAN_POINT('',(0.1145,-0.003,0.005));
#3054=CARTESIAN_POINT('',(0.1145,0.002,0.005));
#3055=CARTESIAN_POINT('',(0.1145,0.009,0.005));
#3056=CARTESIAN_POINT('',(0.0045,0.002,0.005));
#3057=CARTESIAN_POINT('',(0.0595,0.009,0.005));
#3058=CARTESIAN_POINT('',(0.1145,-0.003,0.11));
#3059=CARTESIAN_POINT('',(0.1145,-0.003,0.215));
#3060=CARTESIAN_POINT('',(0.1145,0.002,0.215));
#3061=CARTESIAN_POINT('',(0.1145,0.009,0.215));
#3062=CARTESIAN_POINT('',(0.1145,0.002,0.005));
#3063=CARTESIAN_POINT('',(0.1145,0.009,0.11));
#3064=CARTESIAN_POINT('',(0.0595,-0.003,0.165));
#3065=CARTESIAN_POINT('',(0.0595,0.001,0.165));
#3066=CARTESIAN_POINT('',(0.0595,0.001,0.132));
#3067=CARTESIAN_POINT('',(0.0595,-0.003,0.165));
#3068=CARTESIAN_POINT('',(0.0595,-0.003,0.132));
#3069=CARTESIAN_POINT('',(0.0595,-0.003,0.07));
#3070=CARTESIAN_POINT('',(0.0595,-0.0015,0.07));
#3071=CARTESIAN_POINT('',(0.0595,-0.0015,0.024));
#3072=CARTESIAN_POINT('',(0.0595,-0.003,0.07));
#3073=CARTESIAN_POINT('',(0.0595,-0.003,0.024));
#3074=CARTESIAN_POINT('',(0.095244,-0.003,0.105744));
#3075=CARTESIAN_POINT('',(0.095244,-0.003,0.105744));
#3076=CARTESIAN_POINT('',(0.095244,-0.003,0.104744));
#3077=CARTESIAN_POINT('',(0.095244,0.009,0.105744));
#3078=CARTESIAN_POINT('',(0.095244,0.009,0.104744));
#3079=CARTESIAN_POINT('',(0.023756,-0.003,0.105744));
#3080=CARTESIAN_POINT('',(0.023756,-0.003,0.105744));
#3081=CARTESIAN_POINT('',(0.023756,-0.003,0.104744));
#3082=CARTESIAN_POINT('',(0.023756,0.009,0.105744));
#3083=CARTESIAN_POINT('',(0.023756,0.009,0.104744));
#3084=CARTESIAN_POINT('',(0.023756,-0.003,0.034256));
#3085=CARTESIAN_POINT('',(0.023756,-0.003,0.034256));
#3086=CARTESIAN_POINT('',(0.023756,-0.003,0.033256));
#3087=CARTESIAN_POINT('',(0.023756,0.009,0.034256));
#3088=CARTESIAN_POINT('',(0.023756,0.009,0.033256));
#3089=CARTESIAN_POINT('',(0.095244,-0.003,0.034256));
#3090=CARTESIAN_POINT('',(0.095244,-0.003,0.034256));
#3091=CARTESIAN_POINT('',(0.095244,-0.003,0.033256));
#3092=CARTESIAN_POINT('',(0.095244,0.009,0.034256));
#3093=CARTESIAN_POINT('',(0.095244,0.009,0.033256));
#3094=CARTESIAN_POINT('',(0.0595,-0.003,0.215));
#3095=CARTESIAN_POINT('',(0.1145,0.002,0.215));
#3096=CARTESIAN_POINT('',(0.0595,0.009,0.215));
#3097=CARTESIAN_POINT('',(0.0595,-0.003,0.11));
#3098=CARTESIAN_POINT('',(0.0045,-0.003,0.21));
#3099=CARTESIAN_POINT('',(0.1095,-0.003,0.21));
#3100=CARTESIAN_POINT('',(0.0095,-0.003,0.21));
#3101=CARTESIAN_POINT('',(0.0095,-0.003,0.005));
#3102=CARTESIAN_POINT('',(0.0095,-0.003,0.01));
#3103=CARTESIAN_POINT('',(0.1145,-0.003,0.01));
#3104=CARTESIAN_POINT('',(0.1095,-0.003,0.01));
#3105=CARTESIAN_POINT('',(0.1095,-0.003,0.215));
#3106=CARTESIAN_POINT('',(0.0595,0.009,0.11));
#3107=CARTESIAN_POINT('',(0.0595,0.009,0.07));
#3108=CARTESIAN_POINT('',(0.0595,0.009,0.026));
#3109=CARTESIAN_POINT('',(0.0595,0.009,0.137));
#3110=CARTESIAN_POINT('',(0.0595,0.009,0.136));
#3111=CARTESIAN_POINT('',(0.0315,0.009,0.165));
#3112=CARTESIAN_POINT('',(0.0315,0.009,0.164));
#3113=CARTESIAN_POINT('',(0.0595,0.009,0.193));
#3114=CARTESIAN_POINT('',(0.0595,0.009,0.192));
#3115=CARTESIAN_POINT('',(0.0875,0.009,0.165));
#3116=CARTESIAN_POINT('',(0.0875,0.009,0.164));
#3117=CARTESIAN_POINT('',(0.0595,0.009,0.165));
#3118=CARTESIAN_POINT('',(0.0595,0.009,0.1425));
#3119=CARTESIAN_POINT('',(0.0595,-0.0015,0.07));
#3120=CARTESIAN_POINT('',(0.0595,-0.0015,0.07));
#3121=CARTESIAN_POINT('',(0.0595,-0.0015,0.026));
#3122=CARTESIAN_POINT('',(0.0595,-0.0015,0.11));
#3123=CARTESIAN_POINT('',(0.0595,0.001,0.165));
#3124=CARTESIAN_POINT('',(0.0595,0.001,0.165));
#3125=CARTESIAN_POINT('',(0.0595,0.001,0.1425));
#3126=CARTESIAN_POINT('',(0.0875,0.001,0.165));
#3127=CARTESIAN_POINT('',(0.0875,0.001,0.165));
#3128=CARTESIAN_POINT('',(0.0875,0.001,0.164));
#3129=CARTESIAN_POINT('',(0.0595,0.001,0.193));
#3130=CARTESIAN_POINT('',(0.0595,0.001,0.193));
#3131=CARTESIAN_POINT('',(0.0595,0.001,0.192));
#3132=CARTESIAN_POINT('',(0.0315,0.001,0.165));
#3133=CARTESIAN_POINT('',(0.0315,0.001,0.165));
#3134=CARTESIAN_POINT('',(0.0315,0.001,0.164));
#3135=CARTESIAN_POINT('',(0.0595,0.001,0.137));
#3136=CARTESIAN_POINT('',(0.0595,0.001,0.137));
#3137=CARTESIAN_POINT('',(0.0595,0.001,0.136));
#3138=CARTESIAN_POINT('',(0.0595,0.001,0.11));
#3139=CARTESIAN_POINT('',(0.1095,-0.003,0.11));
#3140=CARTESIAN_POINT('',(0.0928333333333333,-0.0196666666666666,0.0266666666666667));
#3141=CARTESIAN_POINT('',(0.0761666666666666,-0.0363333333333333,0.176666666666666));
#3142=CARTESIAN_POINT('',(0.0595,-0.003,0.21));
#3143=CARTESIAN_POINT('',(0.0261666666666667,-0.0196666666666666,0.193333333333333));
#3144=CARTESIAN_POINT('',(0.0595,-0.003,0.01));
#3145=CARTESIAN_POINT('',(0.0261666666666667,-0.0196666666666666,0.0266666666666667));
#3146=CARTESIAN_POINT('',(0.0095,-0.003,0.11));
#3147=CARTESIAN_POINT('',(0.,0.,0.));
#3148=CARTESIAN_POINT('',(0.0595,0.,0.009));
#3149=CARTESIAN_POINT('',(0.,0.,0.0005));
#3150=CARTESIAN_POINT('',(0.0035,0.,0.004));
#3151=CARTESIAN_POINT('',(0.,0.,0.0005));
#3152=CARTESIAN_POINT('',(0.0595,0.,0.0005));
#3153=CARTESIAN_POINT('',(0.119,0.,0.0005));
#3154=CARTESIAN_POINT('',(0.1105,0.,0.009));
#3155=CARTESIAN_POINT('',(0.1155,0.,0.004));
#3156=CARTESIAN_POINT('',(0.0595,0.,0.004));
#3157=CARTESIAN_POINT('',(0.0595,0.0585,0.009));
#3158=CARTESIAN_POINT('',(0.0595,0.009,0.009));
#3159=CARTESIAN_POINT('',(0.0085,0.009,0.009));
#3160=CARTESIAN_POINT('',(0.1105,0.009,0.009));
#3161=CARTESIAN_POINT('',(0.1105,0.117,0.009));
#3162=CARTESIAN_POINT('',(0.1105,0.117,0.009));
#3163=CARTESIAN_POINT('',(0.0595,0.117,0.009));
#3164=CARTESIAN_POINT('',(0.0085,0.117,0.009));
#3165=CARTESIAN_POINT('',(0.0085,0.0585,0.009));
#3166=CARTESIAN_POINT('',(0.0595,0.117,0.009));
#3167=CARTESIAN_POINT('',(0.0595,0.117,0.0005));
#3168=CARTESIAN_POINT('',(-2.08166817117217E-17,0.117,0.0005));
#3169=CARTESIAN_POINT('',(0.119,0.117,0.0005));
#3170=CARTESIAN_POINT('',(0.034,0.117,0.0345));
#3171=CARTESIAN_POINT('',(0.085,0.117,0.0345));
#3172=CARTESIAN_POINT('',(0.0595,0.009,0.004));
#3173=CARTESIAN_POINT('',(0.0595,0.009,0.004));
#3174=CARTESIAN_POINT('',(0.0035,0.009,0.004));
#3175=CARTESIAN_POINT('',(0.1155,0.009,0.004));
#3176=CARTESIAN_POINT('',(0.0875,0.009,0.032));
#3177=CARTESIAN_POINT('',(0.0315,0.009,0.032));
#3178=CARTESIAN_POINT('',(0.0595,0.0585,0.004));
#3179=CARTESIAN_POINT('',(0.1155,0.0585,0.004));
#3180=CARTESIAN_POINT('',(0.0035,0.0585,0.004));
#3181=CARTESIAN_POINT('',(0.1105,0.0585,0.009));
#3182=CARTESIAN_POINT('',(0.119,0.009,0.0005));
#3183=CARTESIAN_POINT('',(0.,0.0585,0.0005));
#3184=CARTESIAN_POINT('',(0.,0.0585,0.0005));
#3185=CARTESIAN_POINT('',(0.0595,0.0585,0.0005));
#3186=CARTESIAN_POINT('',(0.,0.,0.));
#3187=CARTESIAN_POINT('',(0.0585,0.098,0.206));
#3188=CARTESIAN_POINT('',(0.0585,0.098,0.206));
#3189=CARTESIAN_POINT('',(0.0585,0.098,0.207));
#3190=CARTESIAN_POINT('',(0.0585,0.108,0.206));
#3191=CARTESIAN_POINT('',(0.0585,0.108,0.207));
#3192=CARTESIAN_POINT('',(0.0595,0.098,0.112));
#3193=CARTESIAN_POINT('',(0.0595,0.108,0.112));
#3194=CARTESIAN_POINT('',(0.,0.,0.));
#3195=CARTESIAN_POINT('',(0.0185,0.103,0.201));
#3196=CARTESIAN_POINT('',(0.0085,0.103,0.201));
#3197=CARTESIAN_POINT('',(0.0085,0.098,0.201));
#3198=CARTESIAN_POINT('',(0.0085,0.108,0.201));
#3199=CARTESIAN_POINT('',(0.0185,0.098,0.201));
#3200=CARTESIAN_POINT('',(0.0185,0.098,0.201));
#3201=CARTESIAN_POINT('',(0.0185,0.103,0.201));
#3202=CARTESIAN_POINT('',(0.0185,0.108,0.201));
#3203=CARTESIAN_POINT('',(0.0185,0.108,0.201));
#3204=CARTESIAN_POINT('',(0.0185,0.098,0.11));
#3205=CARTESIAN_POINT('',(0.0085,0.098,0.11));
#3206=CARTESIAN_POINT('',(0.0085,0.098,0.019));
#3207=CARTESIAN_POINT('',(0.0185,0.098,0.019));
#3208=CARTESIAN_POINT('',(0.0185,0.098,0.019));
#3209=CARTESIAN_POINT('',(0.0185,0.098,0.11));
#3210=CARTESIAN_POINT('',(0.0185,0.103,0.019));
#3211=CARTESIAN_POINT('',(0.0085,0.103,0.019));
#3212=CARTESIAN_POINT('',(0.0085,0.108,0.019));
#3213=CARTESIAN_POINT('',(0.0185,0.108,0.019));
#3214=CARTESIAN_POINT('',(0.0185,0.108,0.019));
#3215=CARTESIAN_POINT('',(0.0185,0.103,0.019));
#3216=CARTESIAN_POINT('',(0.0185,0.108,0.11));
#3217=CARTESIAN_POINT('',(0.0085,0.108,0.11));
#3218=CARTESIAN_POINT('',(0.0185,0.108,0.11));
#3219=CARTESIAN_POINT('',(0.0185,0.063,0.11));
#3220=CARTESIAN_POINT('',(0.0085,0.063,0.11));
#3221=CARTESIAN_POINT('',(0.,0.,0.));
#3222=CARTESIAN_POINT('',(0.0135,0.098,0.171));
#3223=CARTESIAN_POINT('',(0.0135,0.098,0.171));
#3224=CARTESIAN_POINT('',(0.0135,0.098,0.172));
#3225=CARTESIAN_POINT('',(0.0135,0.108,0.171));
#3226=CARTESIAN_POINT('',(0.0135,0.108,0.172));
#3227=CARTESIAN_POINT('',(0.0595,0.098,0.112));
#3228=CARTESIAN_POINT('',(0.0595,0.108,0.112));
#3229=CARTESIAN_POINT('',(0.,0.,0.));
#3230=CARTESIAN_POINT('',(0.1005,0.103,0.201));
#3231=CARTESIAN_POINT('',(0.1105,0.103,0.201));
#3232=CARTESIAN_POINT('',(0.1105,0.098,0.201));
#3233=CARTESIAN_POINT('',(0.1105,0.108,0.201));
#3234=CARTESIAN_POINT('',(0.1005,0.108,0.201));
#3235=CARTESIAN_POINT('',(0.1005,0.108,0.201));
#3236=CARTESIAN_POINT('',(0.1005,0.103,0.201));
#3237=CARTESIAN_POINT('',(0.1005,0.098,0.201));
#3238=CARTESIAN_POINT('',(0.1005,0.098,0.201));
#3239=CARTESIAN_POINT('',(0.1005,0.098,0.11));
#3240=CARTESIAN_POINT('',(0.1105,0.098,0.11));
#3241=CARTESIAN_POINT('',(0.1105,0.098,0.019));
#3242=CARTESIAN_POINT('',(0.1005,0.098,0.11));
#3243=CARTESIAN_POINT('',(0.1005,0.098,0.019));
#3244=CARTESIAN_POINT('',(0.1005,0.098,0.019));
#3245=CARTESIAN_POINT('',(0.1005,0.103,0.019));
#3246=CARTESIAN_POINT('',(0.1105,0.103,0.019));
#3247=CARTESIAN_POINT('',(0.1105,0.108,0.019));
#3248=CARTESIAN_POINT('',(0.1005,0.103,0.019));
#3249=CARTESIAN_POINT('',(0.1005,0.108,0.019));
#3250=CARTESIAN_POINT('',(0.1005,0.108,0.019));
#3251=CARTESIAN_POINT('',(0.1005,0.108,0.11));
#3252=CARTESIAN_POINT('',(0.1105,0.108,0.11));
#3253=CARTESIAN_POINT('',(0.1005,0.108,0.11));
#3254=CARTESIAN_POINT('',(0.1005,0.063,0.11));
#3255=CARTESIAN_POINT('',(0.1105,0.063,0.11));
#3256=CARTESIAN_POINT('',(0.,0.,0.));
#3257=CARTESIAN_POINT('',(0.1055,0.098,0.171));
#3258=CARTESIAN_POINT('',(0.1055,0.098,0.171));
#3259=CARTESIAN_POINT('',(0.1055,0.098,0.172));
#3260=CARTESIAN_POINT('',(0.1055,0.108,0.171));
#3261=CARTESIAN_POINT('',(0.1055,0.108,0.172));
#3262=CARTESIAN_POINT('',(0.0595,0.098,0.112));
#3263=CARTESIAN_POINT('',(0.0595,0.108,0.112));
#3264=CARTESIAN_POINT('',(0.,0.,0.));
#3265=CARTESIAN_POINT('',(0.0585,0.098,0.014));
#3266=CARTESIAN_POINT('',(0.0585,0.098,0.014));
#3267=CARTESIAN_POINT('',(0.0585,0.098,0.015));
#3268=CARTESIAN_POINT('',(0.0585,0.108,0.014));
#3269=CARTESIAN_POINT('',(0.0585,0.108,0.015));
#3270=CARTESIAN_POINT('',(0.0595,0.098,0.112));
#3271=CARTESIAN_POINT('',(0.0595,0.108,0.112));
#3272=CARTESIAN_POINT('',(0.,0.,0.));
#3273=CARTESIAN_POINT('',(0.1105,0.117,0.201));
#3274=CARTESIAN_POINT('',(0.1105,0.108,0.201));
#3275=CARTESIAN_POINT('',(0.1105,0.108,0.201));
#3276=CARTESIAN_POINT('',(0.1105,0.108,0.211));
#3277=CARTESIAN_POINT('',(0.1105,0.117,0.211));
#3278=CARTESIAN_POINT('',(0.1105,0.098,0.211));
#3279=CARTESIAN_POINT('',(0.1105,0.098,0.201));
#3280=CARTESIAN_POINT('',(0.1105,0.098,0.201));
#3281=CARTESIAN_POINT('',(0.1105,0.117,0.201));
#3282=CARTESIAN_POINT('',(0.0085,0.0585,0.201));
#3283=CARTESIAN_POINT('',(0.0085,0.0585,0.201));
#3284=CARTESIAN_POINT('',(0.0085,0.108,0.201));
#3285=CARTESIAN_POINT('',(0.0085,0.098,0.201));
#3286=CARTESIAN_POINT('',(0.0085,0.098,0.201));
#3287=CARTESIAN_POINT('',(0.0085,0.098,0.211));
#3288=CARTESIAN_POINT('',(0.0085,0.0585,0.211));
#3289=CARTESIAN_POINT('',(0.0085,0.108,0.211));
#3290=CARTESIAN_POINT('',(0.0085,0.108,0.201));
#3291=CARTESIAN_POINT('',(0.0595,0.098,0.201));
#3292=CARTESIAN_POINT('',(0.0595,0.098,0.211));
#3293=CARTESIAN_POINT('',(0.0595,0.098,0.201));
#3294=CARTESIAN_POINT('',(0.0595,0.063,0.201));
#3295=CARTESIAN_POINT('',(0.0595,0.108,0.201));
#3296=CARTESIAN_POINT('',(0.0595,0.063,0.211));
#3297=CARTESIAN_POINT('',(0.0595,0.108,0.211));
#3298=CARTESIAN_POINT('',(0.0595,0.108,0.201));
#3299=CARTESIAN_POINT('',(0.,0.,0.));
#3300=CARTESIAN_POINT('',(0.1105,0.117,0.019));
#3301=CARTESIAN_POINT('',(0.1105,0.108,0.019));
#3302=CARTESIAN_POINT('',(0.1105,0.108,0.019));
#3303=CARTESIAN_POINT('',(0.1105,0.108,0.009));
#3304=CARTESIAN_POINT('',(0.1105,0.117,0.019));
#3305=CARTESIAN_POINT('',(0.1105,0.098,0.019));
#3306=CARTESIAN_POINT('',(0.1105,0.098,0.019));
#3307=CARTESIAN_POINT('',(0.1105,0.098,0.009));
#3308=CARTESIAN_POINT('',(0.1105,0.117,0.009));
#3309=CARTESIAN_POINT('',(0.0085,0.0585,0.019));
#3310=CARTESIAN_POINT('',(0.0085,0.0585,0.019));
#3311=CARTESIAN_POINT('',(0.0085,0.108,0.019));
#3312=CARTESIAN_POINT('',(0.0085,0.098,0.019));
#3313=CARTESIAN_POINT('',(0.0085,0.108,0.019));
#3314=CARTESIAN_POINT('',(0.0085,0.108,0.009));
#3315=CARTESIAN_POINT('',(0.0085,0.0585,0.009));
#3316=CARTESIAN_POINT('',(0.0085,0.098,0.009));
#3317=CARTESIAN_POINT('',(0.0085,0.098,0.019));
#3318=CARTESIAN_POINT('',(0.0595,0.098,0.019));
#3319=CARTESIAN_POINT('',(0.0595,0.098,0.009));
#3320=CARTESIAN_POINT('',(0.0595,0.098,0.019));
#3321=CARTESIAN_POINT('',(0.0595,0.063,0.019));
#3322=CARTESIAN_POINT('',(0.0595,0.108,0.019));
#3323=CARTESIAN_POINT('',(0.0595,0.063,0.009));
#3324=CARTESIAN_POINT('',(0.0595,0.108,0.009));
#3325=CARTESIAN_POINT('',(0.0595,0.108,0.019));
#3326=CARTESIAN_POINT('',(0.,0.,0.));
#3327=CARTESIAN_POINT('',(0.1055,0.098,0.049));
#3328=CARTESIAN_POINT('',(0.1055,0.098,0.049));
#3329=CARTESIAN_POINT('',(0.1055,0.098,0.05));
#3330=CARTESIAN_POINT('',(0.1055,0.108,0.049));
#3331=CARTESIAN_POINT('',(0.1055,0.108,0.05));
#3332=CARTESIAN_POINT('',(0.0595,0.098,0.112));
#3333=CARTESIAN_POINT('',(0.0595,0.108,0.112));
#3334=CARTESIAN_POINT('',(0.,0.,0.));
#3335=CARTESIAN_POINT('',(0.1095,0.12,0.11));
#3336=CARTESIAN_POINT('',(0.1095,0.108,0.11));
#3337=CARTESIAN_POINT('',(0.1095,0.108,0.21));
#3338=CARTESIAN_POINT('',(0.1095,0.108,0.01));
#3339=CARTESIAN_POINT('',(0.1095,0.12,0.01));
#3340=CARTESIAN_POINT('',(0.1095,0.12,0.01));
#3341=CARTESIAN_POINT('',(0.1095,0.12,0.11));
#3342=CARTESIAN_POINT('',(0.1095,0.12,0.21));
#3343=CARTESIAN_POINT('',(0.1095,0.12,0.21));
#3344=CARTESIAN_POINT('',(0.0595,0.12,0.01));
#3345=CARTESIAN_POINT('',(0.0595,0.108,0.01));
#3346=CARTESIAN_POINT('',(0.0095,0.108,0.01));
#3347=CARTESIAN_POINT('',(0.0095,0.12,0.01));
#3348=CARTESIAN_POINT('',(0.0095,0.12,0.01));
#3349=CARTESIAN_POINT('',(0.0595,0.12,0.01));
#3350=CARTESIAN_POINT('',(0.0095,0.12,0.11));
#3351=CARTESIAN_POINT('',(0.0095,0.108,0.11));
#3352=CARTESIAN_POINT('',(0.0095,0.108,0.21));
#3353=CARTESIAN_POINT('',(0.0095,0.12,0.21));
#3354=CARTESIAN_POINT('',(0.0095,0.12,0.21));
#3355=CARTESIAN_POINT('',(0.0095,0.12,0.11));
#3356=CARTESIAN_POINT('',(0.0595,0.12,0.09));
#3357=CARTESIAN_POINT('',(0.0595,0.11,0.09));
#3358=CARTESIAN_POINT('',(0.0795,0.11,0.09));
#3359=CARTESIAN_POINT('',(0.0395,0.11,0.09));
#3360=CARTESIAN_POINT('',(0.0795,0.12,0.09));
#3361=CARTESIAN_POINT('',(0.0795,0.12,0.09));
#3362=CARTESIAN_POINT('',(0.0595,0.12,0.09));
#3363=CARTESIAN_POINT('',(0.0395,0.12,0.09));
#3364=CARTESIAN_POINT('',(0.0395,0.12,0.09));
#3365=CARTESIAN_POINT('',(0.0795,0.12,0.109));
#3366=CARTESIAN_POINT('',(0.0795,0.11,0.109));
#3367=CARTESIAN_POINT('',(0.0795,0.11,0.128));
#3368=CARTESIAN_POINT('',(0.0795,0.12,0.128));
#3369=CARTESIAN_POINT('',(0.0795,0.12,0.128));
#3370=CARTESIAN_POINT('',(0.0795,0.12,0.109));
#3371=CARTESIAN_POINT('',(0.0595,0.12,0.128));
#3372=CARTESIAN_POINT('',(0.0595,0.11,0.128));
#3373=CARTESIAN_POINT('',(0.0395,0.11,0.128));
#3374=CARTESIAN_POINT('',(0.0395,0.12,0.128));
#3375=CARTESIAN_POINT('',(0.0395,0.12,0.128));
#3376=CARTESIAN_POINT('',(0.0595,0.12,0.128));
#3377=CARTESIAN_POINT('',(0.0595,0.12,0.21));
#3378=CARTESIAN_POINT('',(0.0595,0.108,0.21));
#3379=CARTESIAN_POINT('',(0.0595,0.12,0.21));
#3380=CARTESIAN_POINT('',(0.0395,0.12,0.109));
#3381=CARTESIAN_POINT('',(0.0395,0.11,0.109));
#3382=CARTESIAN_POINT('',(0.0395,0.12,0.109));
#3383=CARTESIAN_POINT('',(0.0585,0.12,0.206));
#3384=CARTESIAN_POINT('',(0.0585,0.12,0.206));
#3385=CARTESIAN_POINT('',(0.0585,0.12,0.2075));
#3386=CARTESIAN_POINT('',(0.0585,0.108,0.206));
#3387=CARTESIAN_POINT('',(0.0585,0.108,0.2075));
#3388=CARTESIAN_POINT('',(0.1055,0.12,0.049));
#3389=CARTESIAN_POINT('',(0.1055,0.12,0.049));
#3390=CARTESIAN_POINT('',(0.1055,0.12,0.0505));
#3391=CARTESIAN_POINT('',(0.1055,0.108,0.049));
#3392=CARTESIAN_POINT('',(0.1055,0.108,0.0505));
#3393=CARTESIAN_POINT('',(0.1055,0.12,0.171));
#3394=CARTESIAN_POINT('',(0.1055,0.12,0.171));
#3395=CARTESIAN_POINT('',(0.1055,0.12,0.1725));
#3396=CARTESIAN_POINT('',(0.1055,0.108,0.171));
#3397=CARTESIAN_POINT('',(0.1055,0.108,0.1725));
#3398=CARTESIAN_POINT('',(0.0135,0.12,0.049));
#3399=CARTESIAN_POINT('',(0.0135,0.12,0.049));
#3400=CARTESIAN_POINT('',(0.0135,0.12,0.0505));
#3401=CARTESIAN_POINT('',(0.0135,0.108,0.049));
#3402=CARTESIAN_POINT('',(0.0135,0.108,0.0505));
#3403=CARTESIAN_POINT('',(0.0135,0.12,0.171));
#3404=CARTESIAN_POINT('',(0.0135,0.12,0.171));
#3405=CARTESIAN_POINT('',(0.0135,0.12,0.1725));
#3406=CARTESIAN_POINT('',(0.0135,0.108,0.171));
#3407=CARTESIAN_POINT('',(0.0135,0.108,0.1725));
#3408=CARTESIAN_POINT('',(0.091,0.12,0.0385));
#3409=CARTESIAN_POINT('',(0.091,0.12,0.0385));
#3410=CARTESIAN_POINT('',(0.091,0.12,0.03975));
#3411=CARTESIAN_POINT('',(0.091,0.108,0.0385));
#3412=CARTESIAN_POINT('',(0.091,0.108,0.03975));
#3413=CARTESIAN_POINT('',(0.028,0.12,0.0385));
#3414=CARTESIAN_POINT('',(0.028,0.12,0.0385));
#3415=CARTESIAN_POINT('',(0.028,0.12,0.03975));
#3416=CARTESIAN_POINT('',(0.028,0.108,0.0385));
#3417=CARTESIAN_POINT('',(0.028,0.108,0.03975));
#3418=CARTESIAN_POINT('',(0.091,0.12,0.1815));
#3419=CARTESIAN_POINT('',(0.091,0.12,0.1815));
#3420=CARTESIAN_POINT('',(0.091,0.12,0.18275));
#3421=CARTESIAN_POINT('',(0.091,0.108,0.1815));
#3422=CARTESIAN_POINT('',(0.091,0.108,0.18275));
#3423=CARTESIAN_POINT('',(0.028,0.12,0.1815));
#3424=CARTESIAN_POINT('',(0.028,0.12,0.1815));
#3425=CARTESIAN_POINT('',(0.028,0.12,0.18275));
#3426=CARTESIAN_POINT('',(0.028,0.108,0.1815));
#3427=CARTESIAN_POINT('',(0.028,0.108,0.18275));
#3428=CARTESIAN_POINT('',(0.0585,0.12,0.014));
#3429=CARTESIAN_POINT('',(0.0585,0.12,0.014));
#3430=CARTESIAN_POINT('',(0.0585,0.12,0.0155));
#3431=CARTESIAN_POINT('',(0.0585,0.108,0.014));
#3432=CARTESIAN_POINT('',(0.0585,0.108,0.0155));
#3433=CARTESIAN_POINT('',(0.0595,0.12,0.1095));
#3434=CARTESIAN_POINT('',(0.0595,0.108,0.1095));
#3435=CARTESIAN_POINT('',(0.0595,0.108,0.1));
#3436=CARTESIAN_POINT('',(0.0595,0.108,0.108));
#3437=CARTESIAN_POINT('',(0.0495,0.108,0.119));
#3438=CARTESIAN_POINT('',(0.0495,0.108,0.1225));
#3439=CARTESIAN_POINT('',(0.0685,0.108,0.116));
#3440=CARTESIAN_POINT('',(0.0755,0.108,0.116));
#3441=CARTESIAN_POINT('',(0.0615,0.108,0.116));
#3442=CARTESIAN_POINT('',(0.0615,0.108,0.119));
#3443=CARTESIAN_POINT('',(0.0615,0.108,0.122));
#3444=CARTESIAN_POINT('',(0.0685,0.108,0.122));
#3445=CARTESIAN_POINT('',(0.0755,0.108,0.122));
#3446=CARTESIAN_POINT('',(0.0755,0.108,0.119));
#3447=CARTESIAN_POINT('',(0.0685,0.11,0.116));
#3448=CARTESIAN_POINT('',(0.0755,0.11,0.116));
#3449=CARTESIAN_POINT('',(0.0755,0.11,0.116));
#3450=CARTESIAN_POINT('',(0.0685,0.11,0.116));
#3451=CARTESIAN_POINT('',(0.0615,0.11,0.116));
#3452=CARTESIAN_POINT('',(0.0615,0.11,0.116));
#3453=CARTESIAN_POINT('',(0.0755,0.11,0.119));
#3454=CARTESIAN_POINT('',(0.0755,0.11,0.122));
#3455=CARTESIAN_POINT('',(0.0755,0.11,0.122));
#3456=CARTESIAN_POINT('',(0.0755,0.11,0.119));
#3457=CARTESIAN_POINT('',(0.0685,0.11,0.122));
#3458=CARTESIAN_POINT('',(0.0615,0.11,0.122));
#3459=CARTESIAN_POINT('',(0.0615,0.11,0.122));
#3460=CARTESIAN_POINT('',(0.0685,0.11,0.122));
#3461=CARTESIAN_POINT('',(0.0615,0.11,0.119));
#3462=CARTESIAN_POINT('',(0.0615,0.11,0.119));
#3463=CARTESIAN_POINT('',(0.0495,0.11,0.119));
#3464=CARTESIAN_POINT('',(0.0495,0.11,0.119));
#3465=CARTESIAN_POINT('',(0.0495,0.11,0.1225));
#3466=CARTESIAN_POINT('',(0.0595,0.11,0.1));
#3467=CARTESIAN_POINT('',(0.0595,0.11,0.1));
#3468=CARTESIAN_POINT('',(0.0595,0.11,0.108));
#3469=CARTESIAN_POINT('',(0.0595,0.11,0.1095));
#3470=CARTESIAN_POINT('',(0.,0.,0.));
#3471=CARTESIAN_POINT('',(0.0135,0.098,0.049));
#3472=CARTESIAN_POINT('',(0.0135,0.098,0.049));
#3473=CARTESIAN_POINT('',(0.0135,0.098,0.05));
#3474=CARTESIAN_POINT('',(0.0135,0.108,0.049));
#3475=CARTESIAN_POINT('',(0.0135,0.108,0.05));
#3476=CARTESIAN_POINT('',(0.0595,0.098,0.112));
#3477=CARTESIAN_POINT('',(0.0595,0.108,0.112));
#3478=CARTESIAN_POINT('',(0.,0.,0.));
#3479=CARTESIAN_POINT('',(0.0085,0.0585,0.211));
#3480=CARTESIAN_POINT('',(-1.00000000004263E-6,0.,0.219501));
#3481=CARTESIAN_POINT('',(0.0035,0.,0.216));
#3482=CARTESIAN_POINT('',(-1.38777878078145E-17,0.,0.2195));
#3483=CARTESIAN_POINT('',(0.0035,0.0585,0.216));
#3484=CARTESIAN_POINT('',(0.0035,0.009,0.216));
#3485=CARTESIAN_POINT('',(-1.00000000007039E-6,0.009,0.219501));
#3486=CARTESIAN_POINT('',(0.0085,0.009,0.211));
#3487=CARTESIAN_POINT('',(0.0085,0.117,0.211));
#3488=CARTESIAN_POINT('',(0.0085,0.117,0.211));
#3489=CARTESIAN_POINT('',(-1.00000000004263E-6,0.117,0.219501));
#3490=CARTESIAN_POINT('',(1.38777878078145E-17,0.117,0.2195));
#3491=CARTESIAN_POINT('',(-1.38777878078145E-17,0.009,0.2195));
#3492=CARTESIAN_POINT('',(0.0085,0.,0.228002));
#3493=CARTESIAN_POINT('',(-1.38777878078145E-17,0.,0.219502));
#3494=CARTESIAN_POINT('',(-1.38777878078145E-17,0.,0.0005));
#3495=CARTESIAN_POINT('',(0.0085,0.,0.009));
#3496=CARTESIAN_POINT('',(0.0035,0.,0.004));
#3497=CARTESIAN_POINT('',(0.0035,0.,0.223002));
#3498=CARTESIAN_POINT('',(-1.38777878078145E-17,0.009,0.219502));
#3499=CARTESIAN_POINT('',(1.38777878078145E-17,0.117,0.219502));
#3500=CARTESIAN_POINT('',(1.38777878078145E-17,0.117,0.0005));
#3501=CARTESIAN_POINT('',(-1.38777878078145E-17,0.009,0.0005));
#3502=CARTESIAN_POINT('',(0.034,0.117,0.253502));
#3503=CARTESIAN_POINT('',(0.0085,0.117,0.228002));
#3504=CARTESIAN_POINT('',(0.0085,0.117,0.009));
#3505=CARTESIAN_POINT('',(0.034,0.117,0.0345));
#3506=CARTESIAN_POINT('',(0.0085,0.117,0.228002));
#3507=CARTESIAN_POINT('',(0.0085,0.009,0.228002));
#3508=CARTESIAN_POINT('',(0.0085,0.009,0.009));
#3509=CARTESIAN_POINT('',(0.0085,0.117,0.009));
#3510=CARTESIAN_POINT('',(0.0315,0.009,0.251002));
#3511=CARTESIAN_POINT('',(0.0035,0.009,0.223002));
#3512=CARTESIAN_POINT('',(0.0035,0.009,0.004));
#3513=CARTESIAN_POINT('',(0.0315,0.009,0.032));
#3514=CARTESIAN_POINT('',(0.0035,0.0585,0.223002));
#3515=CARTESIAN_POINT('',(0.0035,0.0585,0.004));
#3516=CARTESIAN_POINT('',(0.0085,0.0585,0.009));
#3517=CARTESIAN_POINT('',(0.,0.,0.));
#3518=CARTESIAN_POINT('',(0.,0.0585,0.211));
#3519=CARTESIAN_POINT('',(0.,0.,0.211));
#3520=CARTESIAN_POINT('',(0.,0.,0.2195));
#3521=CARTESIAN_POINT('',(0.,0.,0.22));
#3522=CARTESIAN_POINT('',(0.,0.0585,0.22));
#3523=CARTESIAN_POINT('',(-2.08166817117217E-17,0.117,0.22));
#3524=CARTESIAN_POINT('',(-2.08166817117217E-17,0.117,0.211));
#3525=CARTESIAN_POINT('',(-2.08166817117217E-17,0.117,0.2195));
#3526=CARTESIAN_POINT('',(0.,0.0585,0.2195));
#3527=CARTESIAN_POINT('',(0.0595,0.,0.211));
#3528=CARTESIAN_POINT('',(0.119,0.,0.211));
#3529=CARTESIAN_POINT('',(0.119,0.,0.2195));
#3530=CARTESIAN_POINT('',(0.119,0.,0.22));
#3531=CARTESIAN_POINT('',(0.0595,0.,0.22));
#3532=CARTESIAN_POINT('',(0.,0.,0.2195));
#3533=CARTESIAN_POINT('',(0.0035,0.,0.216));
#3534=CARTESIAN_POINT('',(0.0595,0.,0.216));
#3535=CARTESIAN_POINT('',(0.1155,0.,0.216));
#3536=CARTESIAN_POINT('',(0.1105,0.,0.211));
#3537=CARTESIAN_POINT('',(0.119,0.0585,0.211));
#3538=CARTESIAN_POINT('',(0.119,0.117,0.211));
#3539=CARTESIAN_POINT('',(0.119,0.117,0.2195));
#3540=CARTESIAN_POINT('',(0.119,0.117,0.22));
#3541=CARTESIAN_POINT('',(0.119,0.0585,0.22));
#3542=CARTESIAN_POINT('',(0.119,0.009,0.2195));
#3543=CARTESIAN_POINT('',(0.0595,0.0585,0.211));
#3544=CARTESIAN_POINT('',(0.0595,0.009,0.211));
#3545=CARTESIAN_POINT('',(0.0085,0.009,0.211));
#3546=CARTESIAN_POINT('',(0.1105,0.009,0.211));
#3547=CARTESIAN_POINT('',(0.0085,0.0585,0.211));
#3548=CARTESIAN_POINT('',(0.0085,0.117,0.211));
#3549=CARTESIAN_POINT('',(0.0595,0.117,0.211));
#3550=CARTESIAN_POINT('',(0.1105,0.117,0.211));
#3551=CARTESIAN_POINT('',(0.1105,0.117,0.211));
#3552=CARTESIAN_POINT('',(0.0595,0.117,0.211));
#3553=CARTESIAN_POINT('',(0.034,0.117,0.1855));
#3554=CARTESIAN_POINT('',(0.0595,0.117,0.22));
#3555=CARTESIAN_POINT('',(0.085,0.117,0.1855));
#3556=CARTESIAN_POINT('',(0.0595,0.0585,0.22));
#3557=CARTESIAN_POINT('',(0.0595,0.009,0.216));
#3558=CARTESIAN_POINT('',(0.0595,0.009,0.216));
#3559=CARTESIAN_POINT('',(0.0035,0.009,0.216));
#3560=CARTESIAN_POINT('',(0.1155,0.009,0.216));
#3561=CARTESIAN_POINT('',(0.0315,0.009,0.188));
#3562=CARTESIAN_POINT('',(0.0875,0.009,0.188));
#3563=CARTESIAN_POINT('',(0.0595,0.0585,0.216));
#3564=CARTESIAN_POINT('',(0.0035,0.0585,0.216));
#3565=CARTESIAN_POINT('',(0.1155,0.0585,0.216));
#3566=CARTESIAN_POINT('',(0.1105,0.0585,0.211));
#3567=CARTESIAN_POINT('',(0.,0.0585,0.2195));
#3568=CARTESIAN_POINT('',(0.,0.,0.));
#3569=CARTESIAN_POINT('',(0.1105,0.0585,0.211));
#3570=CARTESIAN_POINT('',(0.119001,0.,0.219501));
#3571=CARTESIAN_POINT('',(0.1155,0.,0.216));
#3572=CARTESIAN_POINT('',(0.119,0.,0.2195));
#3573=CARTESIAN_POINT('',(0.119,0.009,0.2195));
#3574=CARTESIAN_POINT('',(0.119,0.117,0.2195));
#3575=CARTESIAN_POINT('',(0.119001,0.117,0.219501));
#3576=CARTESIAN_POINT('',(0.1105,0.117,0.211));
#3577=CARTESIAN_POINT('',(0.1105,0.117,0.211));
#3578=CARTESIAN_POINT('',(0.1105,0.009,0.211));
#3579=CARTESIAN_POINT('',(0.119001,0.009,0.219501));
#3580=CARTESIAN_POINT('',(0.1155,0.009,0.216));
#3581=CARTESIAN_POINT('',(0.1155,0.0585,0.216));
#3582=CARTESIAN_POINT('',(0.1105,0.0585,0.009));
#3583=CARTESIAN_POINT('',(0.1105,0.,0.009));
#3584=CARTESIAN_POINT('',(0.119,0.,0.0005));
#3585=CARTESIAN_POINT('',(0.1155,0.,0.004));
#3586=CARTESIAN_POINT('',(0.1155,0.0585,0.004));
#3587=CARTESIAN_POINT('',(0.1155,0.009,0.004));
#3588=CARTESIAN_POINT('',(0.0875,0.009,0.032));
#3589=CARTESIAN_POINT('',(0.1105,0.009,0.009));
#3590=CARTESIAN_POINT('',(0.1105,0.117,0.009));
#3591=CARTESIAN_POINT('',(0.1105,0.117,0.009));
#3592=CARTESIAN_POINT('',(0.085,0.117,0.0345));
#3593=CARTESIAN_POINT('',(0.119,0.117,0.0005));
#3594=CARTESIAN_POINT('',(0.119,0.009,0.0005));
#3595=CARTESIAN_POINT('',(0.1155,0.0585,0.223002));
#3596=CARTESIAN_POINT('',(0.1155,0.009,0.223002));
#3597=CARTESIAN_POINT('',(0.1155,0.,0.223002));
#3598=CARTESIAN_POINT('',(0.0875,0.009,0.251002));
#3599=CARTESIAN_POINT('',(0.1105,0.009,0.228002));
#3600=CARTESIAN_POINT('',(0.1105,0.117,0.228002));
#3601=CARTESIAN_POINT('',(0.1105,0.117,0.228002));
#3602=CARTESIAN_POINT('',(0.085,0.117,0.253502));
#3603=CARTESIAN_POINT('',(0.119,0.117,0.219502));
#3604=CARTESIAN_POINT('',(0.119,0.009,0.219502));
#3605=CARTESIAN_POINT('',(0.119,0.,0.219502));
#3606=CARTESIAN_POINT('',(0.1105,0.,0.228002));
#3607=MECHANICAL_DESIGN_GEOMETRIC_PRESENTATION_REPRESENTATION('',(#2058),
#3623);
#3608=MECHANICAL_DESIGN_GEOMETRIC_PRESENTATION_REPRESENTATION('',(#2059,
#10),#3624);
#3609=MECHANICAL_DESIGN_GEOMETRIC_PRESENTATION_REPRESENTATION('',(#2060),
#3625);
#3610=MECHANICAL_DESIGN_GEOMETRIC_PRESENTATION_REPRESENTATION('',(#2061),
#3626);
#3611=MECHANICAL_DESIGN_GEOMETRIC_PRESENTATION_REPRESENTATION('',(#2062),
#3627);
#3612=MECHANICAL_DESIGN_GEOMETRIC_PRESENTATION_REPRESENTATION('',(#2063),
#3628);
#3613=MECHANICAL_DESIGN_GEOMETRIC_PRESENTATION_REPRESENTATION('',(#2064),
#3629);
#3614=MECHANICAL_DESIGN_GEOMETRIC_PRESENTATION_REPRESENTATION('',(#2065),
#3630);
#3615=MECHANICAL_DESIGN_GEOMETRIC_PRESENTATION_REPRESENTATION('',(#2066),
#3631);
#3616=MECHANICAL_DESIGN_GEOMETRIC_PRESENTATION_REPRESENTATION('',(#2067),
#3632);
#3617=MECHANICAL_DESIGN_GEOMETRIC_PRESENTATION_REPRESENTATION('',(#2068),
#3633);
#3618=MECHANICAL_DESIGN_GEOMETRIC_PRESENTATION_REPRESENTATION('',(#2069),
#3634);
#3619=MECHANICAL_DESIGN_GEOMETRIC_PRESENTATION_REPRESENTATION('',(#2070),
#3635);
#3620=MECHANICAL_DESIGN_GEOMETRIC_PRESENTATION_REPRESENTATION('',(#2071,
#11),#3636);
#3621=MECHANICAL_DESIGN_GEOMETRIC_PRESENTATION_REPRESENTATION('',(#2072,
#12),#3637);
#3622=MECHANICAL_DESIGN_GEOMETRIC_PRESENTATION_REPRESENTATION('',(#2073,
#13),#3638);
#3623=(
GEOMETRIC_REPRESENTATION_CONTEXT(3)
GLOBAL_UNCERTAINTY_ASSIGNED_CONTEXT((#3639))
GLOBAL_UNIT_ASSIGNED_CONTEXT((#3687,#3671,#3655))
REPRESENTATION_CONTEXT('Part 15','TOP_LEVEL_ASSEMBLY_PART')
);
#3624=(
GEOMETRIC_REPRESENTATION_CONTEXT(3)
GLOBAL_UNCERTAINTY_ASSIGNED_CONTEXT((#3640))
GLOBAL_UNIT_ASSIGNED_CONTEXT((#3688,#3672,#3656))
REPRESENTATION_CONTEXT('Part 1','TOP_LEVEL_ASSEMBLY_PART')
);
#3625=(
GEOMETRIC_REPRESENTATION_CONTEXT(3)
GLOBAL_UNCERTAINTY_ASSIGNED_CONTEXT((#3641))
GLOBAL_UNIT_ASSIGNED_CONTEXT((#3689,#3673,#3657))
REPRESENTATION_CONTEXT('Part 9','TOP_LEVEL_ASSEMBLY_PART')
);
#3626=(
GEOMETRIC_REPRESENTATION_CONTEXT(3)
GLOBAL_UNCERTAINTY_ASSIGNED_CONTEXT((#3642))
GLOBAL_UNIT_ASSIGNED_CONTEXT((#3690,#3674,#3658))
REPRESENTATION_CONTEXT('Part 7','TOP_LEVEL_ASSEMBLY_PART')
);
#3627=(
GEOMETRIC_REPRESENTATION_CONTEXT(3)
GLOBAL_UNCERTAINTY_ASSIGNED_CONTEXT((#3643))
GLOBAL_UNIT_ASSIGNED_CONTEXT((#3691,#3675,#3659))
REPRESENTATION_CONTEXT('Part 10','TOP_LEVEL_ASSEMBLY_PART')
);
#3628=(
GEOMETRIC_REPRESENTATION_CONTEXT(3)
GLOBAL_UNCERTAINTY_ASSIGNED_CONTEXT((#3644))
GLOBAL_UNIT_ASSIGNED_CONTEXT((#3692,#3676,#3660))
REPRESENTATION_CONTEXT('Part 8','TOP_LEVEL_ASSEMBLY_PART')
);
#3629=(
GEOMETRIC_REPRESENTATION_CONTEXT(3)
GLOBAL_UNCERTAINTY_ASSIGNED_CONTEXT((#3645))
GLOBAL_UNIT_ASSIGNED_CONTEXT((#3693,#3677,#3661))
REPRESENTATION_CONTEXT('Part 11','TOP_LEVEL_ASSEMBLY_PART')
);
#3630=(
GEOMETRIC_REPRESENTATION_CONTEXT(3)
GLOBAL_UNCERTAINTY_ASSIGNED_CONTEXT((#3646))
GLOBAL_UNIT_ASSIGNED_CONTEXT((#3694,#3678,#3662))
REPRESENTATION_CONTEXT('Part 12','TOP_LEVEL_ASSEMBLY_PART')
);
#3631=(
GEOMETRIC_REPRESENTATION_CONTEXT(3)
GLOBAL_UNCERTAINTY_ASSIGNED_CONTEXT((#3647))
GLOBAL_UNIT_ASSIGNED_CONTEXT((#3695,#3679,#3663))
REPRESENTATION_CONTEXT('Part 6','TOP_LEVEL_ASSEMBLY_PART')
);
#3632=(
GEOMETRIC_REPRESENTATION_CONTEXT(3)
GLOBAL_UNCERTAINTY_ASSIGNED_CONTEXT((#3648))
GLOBAL_UNIT_ASSIGNED_CONTEXT((#3696,#3680,#3664))
REPRESENTATION_CONTEXT('Part 5','TOP_LEVEL_ASSEMBLY_PART')
);
#3633=(
GEOMETRIC_REPRESENTATION_CONTEXT(3)
GLOBAL_UNCERTAINTY_ASSIGNED_CONTEXT((#3649))
GLOBAL_UNIT_ASSIGNED_CONTEXT((#3697,#3681,#3665))
REPRESENTATION_CONTEXT('Part 13','TOP_LEVEL_ASSEMBLY_PART')
);
#3634=(
GEOMETRIC_REPRESENTATION_CONTEXT(3)
GLOBAL_UNCERTAINTY_ASSIGNED_CONTEXT((#3650))
GLOBAL_UNIT_ASSIGNED_CONTEXT((#3698,#3682,#3666))
REPRESENTATION_CONTEXT('Part 18','TOP_LEVEL_ASSEMBLY_PART')
);
#3635=(
GEOMETRIC_REPRESENTATION_CONTEXT(3)
GLOBAL_UNCERTAINTY_ASSIGNED_CONTEXT((#3651))
GLOBAL_UNIT_ASSIGNED_CONTEXT((#3699,#3683,#3667))
REPRESENTATION_CONTEXT('Part 14','TOP_LEVEL_ASSEMBLY_PART')
);
#3636=(
GEOMETRIC_REPRESENTATION_CONTEXT(3)
GLOBAL_UNCERTAINTY_ASSIGNED_CONTEXT((#3652))
GLOBAL_UNIT_ASSIGNED_CONTEXT((#3700,#3684,#3668))
REPRESENTATION_CONTEXT('Part 4','TOP_LEVEL_ASSEMBLY_PART')
);
#3637=(
GEOMETRIC_REPRESENTATION_CONTEXT(3)
GLOBAL_UNCERTAINTY_ASSIGNED_CONTEXT((#3653))
GLOBAL_UNIT_ASSIGNED_CONTEXT((#3701,#3685,#3669))
REPRESENTATION_CONTEXT('Part 2','TOP_LEVEL_ASSEMBLY_PART')
);
#3638=(
GEOMETRIC_REPRESENTATION_CONTEXT(3)
GLOBAL_UNCERTAINTY_ASSIGNED_CONTEXT((#3654))
GLOBAL_UNIT_ASSIGNED_CONTEXT((#3702,#3686,#3670))
REPRESENTATION_CONTEXT('Part 3','TOP_LEVEL_ASSEMBLY_PART')
);
#3639=UNCERTAINTY_MEASURE_WITH_UNIT(LENGTH_MEASURE(1.E-8),#3687,
'DISTANCE_ACCURACY_VALUE','Maximum Tolerance applied to model');
#3640=UNCERTAINTY_MEASURE_WITH_UNIT(LENGTH_MEASURE(1.E-8),#3688,
'DISTANCE_ACCURACY_VALUE','Maximum Tolerance applied to model');
#3641=UNCERTAINTY_MEASURE_WITH_UNIT(LENGTH_MEASURE(1.E-8),#3689,
'DISTANCE_ACCURACY_VALUE','Maximum Tolerance applied to model');
#3642=UNCERTAINTY_MEASURE_WITH_UNIT(LENGTH_MEASURE(1.E-8),#3690,
'DISTANCE_ACCURACY_VALUE','Maximum Tolerance applied to model');
#3643=UNCERTAINTY_MEASURE_WITH_UNIT(LENGTH_MEASURE(1.E-8),#3691,
'DISTANCE_ACCURACY_VALUE','Maximum Tolerance applied to model');
#3644=UNCERTAINTY_MEASURE_WITH_UNIT(LENGTH_MEASURE(1.E-8),#3692,
'DISTANCE_ACCURACY_VALUE','Maximum Tolerance applied to model');
#3645=UNCERTAINTY_MEASURE_WITH_UNIT(LENGTH_MEASURE(1.E-8),#3693,
'DISTANCE_ACCURACY_VALUE','Maximum Tolerance applied to model');
#3646=UNCERTAINTY_MEASURE_WITH_UNIT(LENGTH_MEASURE(1.E-8),#3694,
'DISTANCE_ACCURACY_VALUE','Maximum Tolerance applied to model');
#3647=UNCERTAINTY_MEASURE_WITH_UNIT(LENGTH_MEASURE(1.E-8),#3695,
'DISTANCE_ACCURACY_VALUE','Maximum Tolerance applied to model');
#3648=UNCERTAINTY_MEASURE_WITH_UNIT(LENGTH_MEASURE(1.E-8),#3696,
'DISTANCE_ACCURACY_VALUE','Maximum Tolerance applied to model');
#3649=UNCERTAINTY_MEASURE_WITH_UNIT(LENGTH_MEASURE(1.E-8),#3697,
'DISTANCE_ACCURACY_VALUE','Maximum Tolerance applied to model');
#3650=UNCERTAINTY_MEASURE_WITH_UNIT(LENGTH_MEASURE(1.E-8),#3698,
'DISTANCE_ACCURACY_VALUE','Maximum Tolerance applied to model');
#3651=UNCERTAINTY_MEASURE_WITH_UNIT(LENGTH_MEASURE(1.E-8),#3699,
'DISTANCE_ACCURACY_VALUE','Maximum Tolerance applied to model');
#3652=UNCERTAINTY_MEASURE_WITH_UNIT(LENGTH_MEASURE(1.E-8),#3700,
'DISTANCE_ACCURACY_VALUE','Maximum Tolerance applied to model');
#3653=UNCERTAINTY_MEASURE_WITH_UNIT(LENGTH_MEASURE(1.E-8),#3701,
'DISTANCE_ACCURACY_VALUE','Maximum Tolerance applied to model');
#3654=UNCERTAINTY_MEASURE_WITH_UNIT(LENGTH_MEASURE(1.E-8),#3702,
'DISTANCE_ACCURACY_VALUE','Maximum Tolerance applied to model');
#3655=(
NAMED_UNIT(*)
SI_UNIT($,.STERADIAN.)
SOLID_ANGLE_UNIT()
);
#3656=(
NAMED_UNIT(*)
SI_UNIT($,.STERADIAN.)
SOLID_ANGLE_UNIT()
);
#3657=(
NAMED_UNIT(*)
SI_UNIT($,.STERADIAN.)
SOLID_ANGLE_UNIT()
);
#3658=(
NAMED_UNIT(*)
SI_UNIT($,.STERADIAN.)
SOLID_ANGLE_UNIT()
);
#3659=(
NAMED_UNIT(*)
SI_UNIT($,.STERADIAN.)
SOLID_ANGLE_UNIT()
);
#3660=(
NAMED_UNIT(*)
SI_UNIT($,.STERADIAN.)
SOLID_ANGLE_UNIT()
);
#3661=(
NAMED_UNIT(*)
SI_UNIT($,.STERADIAN.)
SOLID_ANGLE_UNIT()
);
#3662=(
NAMED_UNIT(*)
SI_UNIT($,.STERADIAN.)
SOLID_ANGLE_UNIT()
);
#3663=(
NAMED_UNIT(*)
SI_UNIT($,.STERADIAN.)
SOLID_ANGLE_UNIT()
);
#3664=(
NAMED_UNIT(*)
SI_UNIT($,.STERADIAN.)
SOLID_ANGLE_UNIT()
);
#3665=(
NAMED_UNIT(*)
SI_UNIT($,.STERADIAN.)
SOLID_ANGLE_UNIT()
);
#3666=(
NAMED_UNIT(*)
SI_UNIT($,.STERADIAN.)
SOLID_ANGLE_UNIT()
);
#3667=(
NAMED_UNIT(*)
SI_UNIT($,.STERADIAN.)
SOLID_ANGLE_UNIT()
);
#3668=(
NAMED_UNIT(*)
SI_UNIT($,.STERADIAN.)
SOLID_ANGLE_UNIT()
);
#3669=(
NAMED_UNIT(*)
SI_UNIT($,.STERADIAN.)
SOLID_ANGLE_UNIT()
);
#3670=(
NAMED_UNIT(*)
SI_UNIT($,.STERADIAN.)
SOLID_ANGLE_UNIT()
);
#3671=(
NAMED_UNIT(*)
PLANE_ANGLE_UNIT()
SI_UNIT($,.RADIAN.)
);
#3672=(
NAMED_UNIT(*)
PLANE_ANGLE_UNIT()
SI_UNIT($,.RADIAN.)
);
#3673=(
NAMED_UNIT(*)
PLANE_ANGLE_UNIT()
SI_UNIT($,.RADIAN.)
);
#3674=(
NAMED_UNIT(*)
PLANE_ANGLE_UNIT()
SI_UNIT($,.RADIAN.)
);
#3675=(
NAMED_UNIT(*)
PLANE_ANGLE_UNIT()
SI_UNIT($,.RADIAN.)
);
#3676=(
NAMED_UNIT(*)
PLANE_ANGLE_UNIT()
SI_UNIT($,.RADIAN.)
);
#3677=(
NAMED_UNIT(*)
PLANE_ANGLE_UNIT()
SI_UNIT($,.RADIAN.)
);
#3678=(
NAMED_UNIT(*)
PLANE_ANGLE_UNIT()
SI_UNIT($,.RADIAN.)
);
#3679=(
NAMED_UNIT(*)
PLANE_ANGLE_UNIT()
SI_UNIT($,.RADIAN.)
);
#3680=(
NAMED_UNIT(*)
PLANE_ANGLE_UNIT()
SI_UNIT($,.RADIAN.)
);
#3681=(
NAMED_UNIT(*)
PLANE_ANGLE_UNIT()
SI_UNIT($,.RADIAN.)
);
#3682=(
NAMED_UNIT(*)
PLANE_ANGLE_UNIT()
SI_UNIT($,.RADIAN.)
);
#3683=(
NAMED_UNIT(*)
PLANE_ANGLE_UNIT()
SI_UNIT($,.RADIAN.)
);
#3684=(
NAMED_UNIT(*)
PLANE_ANGLE_UNIT()
SI_UNIT($,.RADIAN.)
);
#3685=(
NAMED_UNIT(*)
PLANE_ANGLE_UNIT()
SI_UNIT($,.RADIAN.)
);
#3686=(
NAMED_UNIT(*)
PLANE_ANGLE_UNIT()
SI_UNIT($,.RADIAN.)
);
#3687=(
LENGTH_UNIT()
NAMED_UNIT(*)
SI_UNIT($,.METRE.)
);
#3688=(
LENGTH_UNIT()
NAMED_UNIT(*)
SI_UNIT($,.METRE.)
);
#3689=(
LENGTH_UNIT()
NAMED_UNIT(*)
SI_UNIT($,.METRE.)
);
#3690=(
LENGTH_UNIT()
NAMED_UNIT(*)
SI_UNIT($,.METRE.)
);
#3691=(
LENGTH_UNIT()
NAMED_UNIT(*)
SI_UNIT($,.METRE.)
);
#3692=(
LENGTH_UNIT()
NAMED_UNIT(*)
SI_UNIT($,.METRE.)
);
#3693=(
LENGTH_UNIT()
NAMED_UNIT(*)
SI_UNIT($,.METRE.)
);
#3694=(
LENGTH_UNIT()
NAMED_UNIT(*)
SI_UNIT($,.METRE.)
);
#3695=(
LENGTH_UNIT()
NAMED_UNIT(*)
SI_UNIT($,.METRE.)
);
#3696=(
LENGTH_UNIT()
NAMED_UNIT(*)
SI_UNIT($,.METRE.)
);
#3697=(
LENGTH_UNIT()
NAMED_UNIT(*)
SI_UNIT($,.METRE.)
);
#3698=(
LENGTH_UNIT()
NAMED_UNIT(*)
SI_UNIT($,.METRE.)
);
#3699=(
LENGTH_UNIT()
NAMED_UNIT(*)
SI_UNIT($,.METRE.)
);
#3700=(
LENGTH_UNIT()
NAMED_UNIT(*)
SI_UNIT($,.METRE.)
);
#3701=(
LENGTH_UNIT()
NAMED_UNIT(*)
SI_UNIT($,.METRE.)
);
#3702=(
LENGTH_UNIT()
NAMED_UNIT(*)
SI_UNIT($,.METRE.)
);
#3703=PRODUCT_DEFINITION_SHAPE('','',#3719);
#3704=PRODUCT_DEFINITION_SHAPE('','',#3720);
#3705=PRODUCT_DEFINITION_SHAPE('','',#3721);
#3706=PRODUCT_DEFINITION_SHAPE('','',#3722);
#3707=PRODUCT_DEFINITION_SHAPE('','',#3723);
#3708=PRODUCT_DEFINITION_SHAPE('','',#3724);
#3709=PRODUCT_DEFINITION_SHAPE('','',#3725);
#3710=PRODUCT_DEFINITION_SHAPE('','',#3726);
#3711=PRODUCT_DEFINITION_SHAPE('','',#3727);
#3712=PRODUCT_DEFINITION_SHAPE('','',#3728);
#3713=PRODUCT_DEFINITION_SHAPE('','',#3729);
#3714=PRODUCT_DEFINITION_SHAPE('','',#3730);
#3715=PRODUCT_DEFINITION_SHAPE('','',#3731);
#3716=PRODUCT_DEFINITION_SHAPE('','',#3732);
#3717=PRODUCT_DEFINITION_SHAPE('','',#3733);
#3718=PRODUCT_DEFINITION_SHAPE('','',#3734);
#3719=PRODUCT_DEFINITION('','',#3751,#3735);
#3720=PRODUCT_DEFINITION('','',#3752,#3736);
#3721=PRODUCT_DEFINITION('','',#3753,#3737);
#3722=PRODUCT_DEFINITION('','',#3754,#3738);
#3723=PRODUCT_DEFINITION('','',#3755,#3739);
#3724=PRODUCT_DEFINITION('','',#3756,#3740);
#3725=PRODUCT_DEFINITION('','',#3757,#3741);
#3726=PRODUCT_DEFINITION('','',#3758,#3742);
#3727=PRODUCT_DEFINITION('','',#3759,#3743);
#3728=PRODUCT_DEFINITION('','',#3760,#3744);
#3729=PRODUCT_DEFINITION('','',#3761,#3745);
#3730=PRODUCT_DEFINITION('','',#3762,#3746);
#3731=PRODUCT_DEFINITION('','',#3763,#3747);
#3732=PRODUCT_DEFINITION('','',#3764,#3748);
#3733=PRODUCT_DEFINITION('','',#3765,#3749);
#3734=PRODUCT_DEFINITION('','',#3766,#3750);
#3735=PRODUCT_DEFINITION_CONTEXT('',#3847,'design');
#3736=PRODUCT_DEFINITION_CONTEXT('',#3848,'design');
#3737=PRODUCT_DEFINITION_CONTEXT('',#3849,'design');
#3738=PRODUCT_DEFINITION_CONTEXT('',#3850,'design');
#3739=PRODUCT_DEFINITION_CONTEXT('',#3851,'design');
#3740=PRODUCT_DEFINITION_CONTEXT('',#3852,'design');
#3741=PRODUCT_DEFINITION_CONTEXT('',#3853,'design');
#3742=PRODUCT_DEFINITION_CONTEXT('',#3854,'design');
#3743=PRODUCT_DEFINITION_CONTEXT('',#3855,'design');
#3744=PRODUCT_DEFINITION_CONTEXT('',#3856,'design');
#3745=PRODUCT_DEFINITION_CONTEXT('',#3857,'design');
#3746=PRODUCT_DEFINITION_CONTEXT('',#3858,'design');
#3747=PRODUCT_DEFINITION_CONTEXT('',#3859,'design');
#3748=PRODUCT_DEFINITION_CONTEXT('',#3860,'design');
#3749=PRODUCT_DEFINITION_CONTEXT('',#3861,'design');
#3750=PRODUCT_DEFINITION_CONTEXT('',#3862,'design');
#3751=PRODUCT_DEFINITION_FORMATION_WITH_SPECIFIED_SOURCE('','',#3783,
 .NOT_KNOWN.);
#3752=PRODUCT_DEFINITION_FORMATION_WITH_SPECIFIED_SOURCE('','',#3784,
 .NOT_KNOWN.);
#3753=PRODUCT_DEFINITION_FORMATION_WITH_SPECIFIED_SOURCE('','',#3785,
 .NOT_KNOWN.);
#3754=PRODUCT_DEFINITION_FORMATION_WITH_SPECIFIED_SOURCE('','',#3786,
 .NOT_KNOWN.);
#3755=PRODUCT_DEFINITION_FORMATION_WITH_SPECIFIED_SOURCE('','',#3787,
 .NOT_KNOWN.);
#3756=PRODUCT_DEFINITION_FORMATION_WITH_SPECIFIED_SOURCE('','',#3788,
 .NOT_KNOWN.);
#3757=PRODUCT_DEFINITION_FORMATION_WITH_SPECIFIED_SOURCE('','',#3789,
 .NOT_KNOWN.);
#3758=PRODUCT_DEFINITION_FORMATION_WITH_SPECIFIED_SOURCE('','',#3790,
 .NOT_KNOWN.);
#3759=PRODUCT_DEFINITION_FORMATION_WITH_SPECIFIED_SOURCE('','',#3791,
 .NOT_KNOWN.);
#3760=PRODUCT_DEFINITION_FORMATION_WITH_SPECIFIED_SOURCE('','',#3792,
 .NOT_KNOWN.);
#3761=PRODUCT_DEFINITION_FORMATION_WITH_SPECIFIED_SOURCE('','',#3793,
 .NOT_KNOWN.);
#3762=PRODUCT_DEFINITION_FORMATION_WITH_SPECIFIED_SOURCE('','',#3794,
 .NOT_KNOWN.);
#3763=PRODUCT_DEFINITION_FORMATION_WITH_SPECIFIED_SOURCE('','',#3795,
 .NOT_KNOWN.);
#3764=PRODUCT_DEFINITION_FORMATION_WITH_SPECIFIED_SOURCE('','',#3796,
 .NOT_KNOWN.);
#3765=PRODUCT_DEFINITION_FORMATION_WITH_SPECIFIED_SOURCE('','',#3797,
 .NOT_KNOWN.);
#3766=PRODUCT_DEFINITION_FORMATION_WITH_SPECIFIED_SOURCE('','',#3798,
 .NOT_KNOWN.);
#3767=PRODUCT_RELATED_PRODUCT_CATEGORY('','',(#3783));
#3768=PRODUCT_RELATED_PRODUCT_CATEGORY('','',(#3784));
#3769=PRODUCT_RELATED_PRODUCT_CATEGORY('','',(#3785));
#3770=PRODUCT_RELATED_PRODUCT_CATEGORY('','',(#3786));
#3771=PRODUCT_RELATED_PRODUCT_CATEGORY('','',(#3787));
#3772=PRODUCT_RELATED_PRODUCT_CATEGORY('','',(#3788));
#3773=PRODUCT_RELATED_PRODUCT_CATEGORY('','',(#3789));
#3774=PRODUCT_RELATED_PRODUCT_CATEGORY('','',(#3790));
#3775=PRODUCT_RELATED_PRODUCT_CATEGORY('','',(#3791));
#3776=PRODUCT_RELATED_PRODUCT_CATEGORY('','',(#3792));
#3777=PRODUCT_RELATED_PRODUCT_CATEGORY('','',(#3793));
#3778=PRODUCT_RELATED_PRODUCT_CATEGORY('','',(#3794));
#3779=PRODUCT_RELATED_PRODUCT_CATEGORY('','',(#3795));
#3780=PRODUCT_RELATED_PRODUCT_CATEGORY('','',(#3796));
#3781=PRODUCT_RELATED_PRODUCT_CATEGORY('','',(#3797));
#3782=PRODUCT_RELATED_PRODUCT_CATEGORY('','',(#3798));
#3783=PRODUCT('Part 15','Part 15','Part 15',(#3815));
#3784=PRODUCT('Part 1','Part 1','Part 1',(#3816));
#3785=PRODUCT('Part 9','Part 9','Part 9',(#3817));
#3786=PRODUCT('Part 7','Part 7','Part 7',(#3818));
#3787=PRODUCT('Part 10','Part 10','Part 10',(#3819));
#3788=PRODUCT('Part 8','Part 8','Part 8',(#3820));
#3789=PRODUCT('Part 11','Part 11','Part 11',(#3821));
#3790=PRODUCT('Part 12','Part 12','Part 12',(#3822));
#3791=PRODUCT('Part 6','Part 6','Part 6',(#3823));
#3792=PRODUCT('Part 5','Part 5','Part 5',(#3824));
#3793=PRODUCT('Part 13','Part 13','Part 13',(#3825));
#3794=PRODUCT('Part 18','Part 18','Part 18',(#3826));
#3795=PRODUCT('Part 14','Part 14','Part 14',(#3827));
#3796=PRODUCT('Part 4','Part 4','Part 4',(#3828));
#3797=PRODUCT('Part 2','Part 2','Part 2',(#3829));
#3798=PRODUCT('Part 3','Part 3','Part 3',(#3830));
#3799=PRODUCT_CATEGORY('','');
#3800=PRODUCT_CATEGORY('','');
#3801=PRODUCT_CATEGORY('','');
#3802=PRODUCT_CATEGORY('','');
#3803=PRODUCT_CATEGORY('','');
#3804=PRODUCT_CATEGORY('','');
#3805=PRODUCT_CATEGORY('','');
#3806=PRODUCT_CATEGORY('','');
#3807=PRODUCT_CATEGORY('','');
#3808=PRODUCT_CATEGORY('','');
#3809=PRODUCT_CATEGORY('','');
#3810=PRODUCT_CATEGORY('','');
#3811=PRODUCT_CATEGORY('','');
#3812=PRODUCT_CATEGORY('','');
#3813=PRODUCT_CATEGORY('','');
#3814=PRODUCT_CATEGORY('','');
#3815=PRODUCT_CONTEXT('',#3847,'mechanical');
#3816=PRODUCT_CONTEXT('',#3848,'mechanical');
#3817=PRODUCT_CONTEXT('',#3849,'mechanical');
#3818=PRODUCT_CONTEXT('',#3850,'mechanical');
#3819=PRODUCT_CONTEXT('',#3851,'mechanical');
#3820=PRODUCT_CONTEXT('',#3852,'mechanical');
#3821=PRODUCT_CONTEXT('',#3853,'mechanical');
#3822=PRODUCT_CONTEXT('',#3854,'mechanical');
#3823=PRODUCT_CONTEXT('',#3855,'mechanical');
#3824=PRODUCT_CONTEXT('',#3856,'mechanical');
#3825=PRODUCT_CONTEXT('',#3857,'mechanical');
#3826=PRODUCT_CONTEXT('',#3858,'mechanical');
#3827=PRODUCT_CONTEXT('',#3859,'mechanical');
#3828=PRODUCT_CONTEXT('',#3860,'mechanical');
#3829=PRODUCT_CONTEXT('',#3861,'mechanical');
#3830=PRODUCT_CONTEXT('',#3862,'mechanical');
#3831=APPLICATION_PROTOCOL_DEFINITION('international standard',
'ap242_managed_model_based_3d_engineering',2020,#3847);
#3832=APPLICATION_PROTOCOL_DEFINITION('international standard',
'ap242_managed_model_based_3d_engineering',2020,#3848);
#3833=APPLICATION_PROTOCOL_DEFINITION('international standard',
'ap242_managed_model_based_3d_engineering',2020,#3849);
#3834=APPLICATION_PROTOCOL_DEFINITION('international standard',
'ap242_managed_model_based_3d_engineering',2020,#3850);
#3835=APPLICATION_PROTOCOL_DEFINITION('international standard',
'ap242_managed_model_based_3d_engineering',2020,#3851);
#3836=APPLICATION_PROTOCOL_DEFINITION('international standard',
'ap242_managed_model_based_3d_engineering',2020,#3852);
#3837=APPLICATION_PROTOCOL_DEFINITION('international standard',
'ap242_managed_model_based_3d_engineering',2020,#3853);
#3838=APPLICATION_PROTOCOL_DEFINITION('international standard',
'ap242_managed_model_based_3d_engineering',2020,#3854);
#3839=APPLICATION_PROTOCOL_DEFINITION('international standard',
'ap242_managed_model_based_3d_engineering',2020,#3855);
#3840=APPLICATION_PROTOCOL_DEFINITION('international standard',
'ap242_managed_model_based_3d_engineering',2020,#3856);
#3841=APPLICATION_PROTOCOL_DEFINITION('international standard',
'ap242_managed_model_based_3d_engineering',2020,#3857);
#3842=APPLICATION_PROTOCOL_DEFINITION('international standard',
'ap242_managed_model_based_3d_engineering',2020,#3858);
#3843=APPLICATION_PROTOCOL_DEFINITION('international standard',
'ap242_managed_model_based_3d_engineering',2020,#3859);
#3844=APPLICATION_PROTOCOL_DEFINITION('international standard',
'ap242_managed_model_based_3d_engineering',2020,#3860);
#3845=APPLICATION_PROTOCOL_DEFINITION('international standard',
'ap242_managed_model_based_3d_engineering',2020,#3861);
#3846=APPLICATION_PROTOCOL_DEFINITION('international standard',
'ap242_managed_model_based_3d_engineering',2020,#3862);
#3847=APPLICATION_CONTEXT('managed model based 3d engineering');
#3848=APPLICATION_CONTEXT('managed model based 3d engineering');
#3849=APPLICATION_CONTEXT('managed model based 3d engineering');
#3850=APPLICATION_CONTEXT('managed model based 3d engineering');
#3851=APPLICATION_CONTEXT('managed model based 3d engineering');
#3852=APPLICATION_CONTEXT('managed model based 3d engineering');
#3853=APPLICATION_CONTEXT('managed model based 3d engineering');
#3854=APPLICATION_CONTEXT('managed model based 3d engineering');
#3855=APPLICATION_CONTEXT('managed model based 3d engineering');
#3856=APPLICATION_CONTEXT('managed model based 3d engineering');
#3857=APPLICATION_CONTEXT('managed model based 3d engineering');
#3858=APPLICATION_CONTEXT('managed model based 3d engineering');
#3859=APPLICATION_CONTEXT('managed model based 3d engineering');
#3860=APPLICATION_CONTEXT('managed model based 3d engineering');
#3861=APPLICATION_CONTEXT('managed model based 3d engineering');
#3862=APPLICATION_CONTEXT('managed model based 3d engineering');
ENDSEC;
END-ISO-10303-21;
