ISO-10303-21;
HEADER;
/* Generated by software containing ST-Developer
 * from STEP Tools, Inc. (www.steptools.com) 
 */
/* OPTION: using custom renumber hook */

FILE_DESCRIPTION(
/* description */ ('STEP AP242 Edition 2',
'CAx-IF Rec.Pracs.---Representation and Presentation of Product Manufa
cturing Information (PMI)---4.0---2014-10-13',
'CAx-IF Rec.Pracs.---3D Tessellated Geometry---0.4---2014-09-14','2;1',
'CAx-IF Rec.Pracs.---User Defined Attributes---1.5---2016-08-15'),
/* implementation_level */ '2;1');

FILE_NAME(
/* name */ 'Left Speaker',
/* time_stamp */ '2026-07-30T23:37:11Z',
/* author */ (''),
/* organization */ (''),
/* preprocessor_version */ 'ST-DEVELOPER v20',
/* originating_system */ 'ONSHAPE BY PTC INC, 1.218',
/* authorisation */ '  ');

FILE_SCHEMA (('AP242_MANAGED_MODEL_BASED_3D_ENGINEERING_MIM_LF { 1 0 10303 442 3 1 4 }'));
ENDSEC;

DATA;
#10=OVER_RIDING_STYLED_ITEM('',(#1820),#1696,#1803);
#11=OVER_RIDING_STYLED_ITEM('',(#1833),#1764,#1815);
#12=OVER_RIDING_STYLED_ITEM('',(#1835),#1771,#1816);
#13=OVER_RIDING_STYLED_ITEM('',(#1837),#1782,#1817);
#14=SHAPE_REPRESENTATION_RELATIONSHIP('','',#1979,#30);
#15=SHAPE_REPRESENTATION_RELATIONSHIP('','',#1980,#31);
#16=SHAPE_REPRESENTATION_RELATIONSHIP('','',#1981,#32);
#17=SHAPE_REPRESENTATION_RELATIONSHIP('','',#1982,#33);
#18=SHAPE_REPRESENTATION_RELATIONSHIP('','',#1983,#34);
#19=SHAPE_REPRESENTATION_RELATIONSHIP('','',#1984,#35);
#20=SHAPE_REPRESENTATION_RELATIONSHIP('','',#1985,#36);
#21=SHAPE_REPRESENTATION_RELATIONSHIP('','',#1986,#37);
#22=SHAPE_REPRESENTATION_RELATIONSHIP('','',#1987,#38);
#23=SHAPE_REPRESENTATION_RELATIONSHIP('','',#1988,#39);
#24=SHAPE_REPRESENTATION_RELATIONSHIP('','',#1989,#40);
#25=SHAPE_REPRESENTATION_RELATIONSHIP('','',#1990,#41);
#26=SHAPE_REPRESENTATION_RELATIONSHIP('','',#1991,#42);
#27=SHAPE_REPRESENTATION_RELATIONSHIP('','',#1992,#43);
#28=SHAPE_REPRESENTATION_RELATIONSHIP('','',#1993,#44);
#29=SHAPE_REPRESENTATION_RELATIONSHIP('','',#1994,#45);
#30=ADVANCED_BREP_SHAPE_REPRESENTATION('',(#1947),#3215);
#31=ADVANCED_BREP_SHAPE_REPRESENTATION('',(#1948),#3216);
#32=ADVANCED_BREP_SHAPE_REPRESENTATION('',(#1949),#3217);
#33=ADVANCED_BREP_SHAPE_REPRESENTATION('',(#1950),#3218);
#34=ADVANCED_BREP_SHAPE_REPRESENTATION('',(#1951),#3219);
#35=ADVANCED_BREP_SHAPE_REPRESENTATION('',(#1952),#3220);
#36=ADVANCED_BREP_SHAPE_REPRESENTATION('',(#1953),#3221);
#37=ADVANCED_BREP_SHAPE_REPRESENTATION('',(#1954),#3222);
#38=ADVANCED_BREP_SHAPE_REPRESENTATION('',(#1955),#3223);
#39=ADVANCED_BREP_SHAPE_REPRESENTATION('',(#1956),#3224);
#40=ADVANCED_BREP_SHAPE_REPRESENTATION('',(#1957),#3225);
#41=ADVANCED_BREP_SHAPE_REPRESENTATION('',(#1958),#3226);
#42=ADVANCED_BREP_SHAPE_REPRESENTATION('',(#1959),#3227);
#43=ADVANCED_BREP_SHAPE_REPRESENTATION('',(#1960),#3228);
#44=ADVANCED_BREP_SHAPE_REPRESENTATION('',(#1961),#3229);
#45=ADVANCED_BREP_SHAPE_REPRESENTATION('',(#1962),#3230);
#46=CIRCLE('',#2000,0.033);
#47=CIRCLE('',#2001,0.033);
#48=CIRCLE('',#2003,0.046);
#49=CIRCLE('',#2004,0.046);
#50=CIRCLE('',#2006,0.001);
#51=CIRCLE('',#2007,0.001);
#52=CIRCLE('',#2009,0.001);
#53=CIRCLE('',#2010,0.001);
#54=CIRCLE('',#2012,0.001);
#55=CIRCLE('',#2013,0.001);
#56=CIRCLE('',#2015,0.001);
#57=CIRCLE('',#2016,0.001);
#58=CIRCLE('',#2020,0.044);
#59=CIRCLE('',#2021,0.001);
#60=CIRCLE('',#2022,0.001);
#61=CIRCLE('',#2023,0.001);
#62=CIRCLE('',#2024,0.001);
#63=CIRCLE('',#2025,0.0225);
#64=CIRCLE('',#2027,0.044);
#65=CIRCLE('',#2030,0.0225);
#66=CIRCLE('',#2032,0.001);
#67=CIRCLE('',#2034,0.001);
#68=CIRCLE('',#2036,0.001);
#69=CIRCLE('',#2038,0.001);
#70=CIRCLE('',#2055,0.001);
#71=CIRCLE('',#2056,0.001);
#72=CIRCLE('',#2068,0.001);
#73=CIRCLE('',#2069,0.001);
#74=CIRCLE('',#2081,0.001);
#75=CIRCLE('',#2082,0.001);
#76=CIRCLE('',#2087,0.001);
#77=CIRCLE('',#2088,0.001);
#78=CIRCLE('',#2093,0.008);
#79=CIRCLE('',#2094,0.008);
#80=CIRCLE('',#2099,0.0015);
#81=CIRCLE('',#2100,0.0015);
#82=CIRCLE('',#2102,0.0015);
#83=CIRCLE('',#2103,0.0015);
#84=CIRCLE('',#2105,0.0015);
#85=CIRCLE('',#2106,0.0015);
#86=CIRCLE('',#2108,0.0015);
#87=CIRCLE('',#2109,0.0015);
#88=CIRCLE('',#2112,0.0015);
#89=CIRCLE('',#2113,0.0015);
#90=CIRCLE('',#2115,0.0015);
#91=CIRCLE('',#2116,0.0015);
#92=CIRCLE('',#2119,0.015);
#93=CIRCLE('',#2121,0.015);
#94=CIRCLE('',#2139,0.001);
#95=CIRCLE('',#2140,0.001);
#96=CIRCLE('',#2145,0.001);
#97=CIRCLE('',#2146,0.001);
#98=CYLINDRICAL_SURFACE('',#1999,0.033);
#99=CYLINDRICAL_SURFACE('',#2002,0.046);
#100=CYLINDRICAL_SURFACE('',#2005,0.001);
#101=CYLINDRICAL_SURFACE('',#2008,0.001);
#102=CYLINDRICAL_SURFACE('',#2011,0.001);
#103=CYLINDRICAL_SURFACE('',#2014,0.001);
#104=CYLINDRICAL_SURFACE('',#2026,0.044);
#105=CYLINDRICAL_SURFACE('',#2029,0.0225);
#106=CYLINDRICAL_SURFACE('',#2031,0.001);
#107=CYLINDRICAL_SURFACE('',#2033,0.001);
#108=CYLINDRICAL_SURFACE('',#2035,0.001);
#109=CYLINDRICAL_SURFACE('',#2037,0.001);
#110=CYLINDRICAL_SURFACE('',#2054,0.001);
#111=CYLINDRICAL_SURFACE('',#2067,0.001);
#112=CYLINDRICAL_SURFACE('',#2080,0.001);
#113=CYLINDRICAL_SURFACE('',#2086,0.001);
#114=CYLINDRICAL_SURFACE('',#2092,0.008);
#115=CYLINDRICAL_SURFACE('',#2098,0.0015);
#116=CYLINDRICAL_SURFACE('',#2101,0.0015);
#117=CYLINDRICAL_SURFACE('',#2104,0.0015);
#118=CYLINDRICAL_SURFACE('',#2107,0.0015);
#119=CYLINDRICAL_SURFACE('',#2111,0.0015);
#120=CYLINDRICAL_SURFACE('',#2114,0.0015);
#121=CYLINDRICAL_SURFACE('',#2120,0.015);
#122=CYLINDRICAL_SURFACE('',#2138,0.001);
#123=CYLINDRICAL_SURFACE('',#2144,0.001);
#124=ORIENTED_EDGE('',*,*,#544,.F.);
#125=ORIENTED_EDGE('',*,*,#545,.T.);
#126=ORIENTED_EDGE('',*,*,#546,.T.);
#127=ORIENTED_EDGE('',*,*,#547,.T.);
#128=ORIENTED_EDGE('',*,*,#548,.F.);
#129=ORIENTED_EDGE('',*,*,#549,.T.);
#130=ORIENTED_EDGE('',*,*,#544,.T.);
#131=ORIENTED_EDGE('',*,*,#550,.T.);
#132=ORIENTED_EDGE('',*,*,#551,.F.);
#133=ORIENTED_EDGE('',*,*,#552,.T.);
#134=ORIENTED_EDGE('',*,*,#548,.T.);
#135=ORIENTED_EDGE('',*,*,#553,.T.);
#136=ORIENTED_EDGE('',*,*,#554,.F.);
#137=ORIENTED_EDGE('',*,*,#555,.T.);
#138=ORIENTED_EDGE('',*,*,#556,.F.);
#139=ORIENTED_EDGE('',*,*,#557,.T.);
#140=ORIENTED_EDGE('',*,*,#558,.T.);
#141=ORIENTED_EDGE('',*,*,#559,.F.);
#142=ORIENTED_EDGE('',*,*,#560,.T.);
#143=ORIENTED_EDGE('',*,*,#561,.F.);
#144=ORIENTED_EDGE('',*,*,#562,.T.);
#145=ORIENTED_EDGE('',*,*,#563,.F.);
#146=ORIENTED_EDGE('',*,*,#564,.T.);
#147=ORIENTED_EDGE('',*,*,#565,.F.);
#148=ORIENTED_EDGE('',*,*,#546,.F.);
#149=ORIENTED_EDGE('',*,*,#566,.T.);
#150=ORIENTED_EDGE('',*,*,#551,.T.);
#151=ORIENTED_EDGE('',*,*,#567,.T.);
#152=ORIENTED_EDGE('',*,*,#568,.T.);
#153=ORIENTED_EDGE('',*,*,#569,.T.);
#154=ORIENTED_EDGE('',*,*,#570,.T.);
#155=ORIENTED_EDGE('',*,*,#571,.T.);
#156=ORIENTED_EDGE('',*,*,#564,.F.);
#157=ORIENTED_EDGE('',*,*,#562,.F.);
#158=ORIENTED_EDGE('',*,*,#560,.F.);
#159=ORIENTED_EDGE('',*,*,#558,.F.);
#160=ORIENTED_EDGE('',*,*,#557,.F.);
#161=ORIENTED_EDGE('',*,*,#555,.F.);
#162=ORIENTED_EDGE('',*,*,#565,.T.);
#163=ORIENTED_EDGE('',*,*,#563,.T.);
#164=ORIENTED_EDGE('',*,*,#561,.T.);
#165=ORIENTED_EDGE('',*,*,#559,.T.);
#166=ORIENTED_EDGE('',*,*,#547,.F.);
#167=ORIENTED_EDGE('',*,*,#567,.F.);
#168=ORIENTED_EDGE('',*,*,#553,.F.);
#169=ORIENTED_EDGE('',*,*,#550,.F.);
#170=ORIENTED_EDGE('',*,*,#572,.T.);
#171=ORIENTED_EDGE('',*,*,#573,.T.);
#172=ORIENTED_EDGE('',*,*,#574,.T.);
#173=ORIENTED_EDGE('',*,*,#575,.T.);
#174=ORIENTED_EDGE('',*,*,#576,.T.);
#175=ORIENTED_EDGE('',*,*,#577,.T.);
#176=ORIENTED_EDGE('',*,*,#578,.T.);
#177=ORIENTED_EDGE('',*,*,#572,.F.);
#178=ORIENTED_EDGE('',*,*,#578,.F.);
#179=ORIENTED_EDGE('',*,*,#556,.T.);
#180=ORIENTED_EDGE('',*,*,#579,.T.);
#181=ORIENTED_EDGE('',*,*,#577,.F.);
#182=ORIENTED_EDGE('',*,*,#580,.T.);
#183=ORIENTED_EDGE('',*,*,#576,.F.);
#184=ORIENTED_EDGE('',*,*,#581,.T.);
#185=ORIENTED_EDGE('',*,*,#575,.F.);
#186=ORIENTED_EDGE('',*,*,#582,.T.);
#187=ORIENTED_EDGE('',*,*,#574,.F.);
#188=ORIENTED_EDGE('',*,*,#583,.T.);
#189=ORIENTED_EDGE('',*,*,#573,.F.);
#190=ORIENTED_EDGE('',*,*,#583,.F.);
#191=ORIENTED_EDGE('',*,*,#582,.F.);
#192=ORIENTED_EDGE('',*,*,#581,.F.);
#193=ORIENTED_EDGE('',*,*,#580,.F.);
#194=ORIENTED_EDGE('',*,*,#579,.F.);
#195=ORIENTED_EDGE('',*,*,#554,.T.);
#196=ORIENTED_EDGE('',*,*,#584,.F.);
#197=ORIENTED_EDGE('',*,*,#552,.F.);
#198=ORIENTED_EDGE('',*,*,#585,.F.);
#199=ORIENTED_EDGE('',*,*,#571,.F.);
#200=ORIENTED_EDGE('',*,*,#585,.T.);
#201=ORIENTED_EDGE('',*,*,#566,.F.);
#202=ORIENTED_EDGE('',*,*,#586,.F.);
#203=ORIENTED_EDGE('',*,*,#568,.F.);
#204=ORIENTED_EDGE('',*,*,#584,.T.);
#205=ORIENTED_EDGE('',*,*,#570,.F.);
#206=ORIENTED_EDGE('',*,*,#587,.F.);
#207=ORIENTED_EDGE('',*,*,#549,.F.);
#208=ORIENTED_EDGE('',*,*,#586,.T.);
#209=ORIENTED_EDGE('',*,*,#545,.F.);
#210=ORIENTED_EDGE('',*,*,#587,.T.);
#211=ORIENTED_EDGE('',*,*,#569,.F.);
#212=ORIENTED_EDGE('',*,*,#588,.T.);
#213=ORIENTED_EDGE('',*,*,#589,.T.);
#214=ORIENTED_EDGE('',*,*,#590,.T.);
#215=ORIENTED_EDGE('',*,*,#591,.F.);
#216=ORIENTED_EDGE('',*,*,#592,.T.);
#217=ORIENTED_EDGE('',*,*,#593,.T.);
#218=ORIENTED_EDGE('',*,*,#594,.F.);
#219=ORIENTED_EDGE('',*,*,#595,.T.);
#220=ORIENTED_EDGE('',*,*,#596,.F.);
#221=ORIENTED_EDGE('',*,*,#597,.T.);
#222=ORIENTED_EDGE('',*,*,#594,.T.);
#223=ORIENTED_EDGE('',*,*,#598,.T.);
#224=ORIENTED_EDGE('',*,*,#599,.T.);
#225=ORIENTED_EDGE('',*,*,#600,.T.);
#226=ORIENTED_EDGE('',*,*,#592,.F.);
#227=ORIENTED_EDGE('',*,*,#601,.T.);
#228=ORIENTED_EDGE('',*,*,#591,.T.);
#229=ORIENTED_EDGE('',*,*,#602,.T.);
#230=ORIENTED_EDGE('',*,*,#599,.F.);
#231=ORIENTED_EDGE('',*,*,#603,.T.);
#232=ORIENTED_EDGE('',*,*,#590,.F.);
#233=ORIENTED_EDGE('',*,*,#604,.F.);
#234=ORIENTED_EDGE('',*,*,#598,.F.);
#235=ORIENTED_EDGE('',*,*,#593,.F.);
#236=ORIENTED_EDGE('',*,*,#600,.F.);
#237=ORIENTED_EDGE('',*,*,#602,.F.);
#238=ORIENTED_EDGE('',*,*,#601,.F.);
#239=ORIENTED_EDGE('',*,*,#595,.F.);
#240=ORIENTED_EDGE('',*,*,#597,.F.);
#241=ORIENTED_EDGE('',*,*,#605,.F.);
#242=ORIENTED_EDGE('',*,*,#588,.F.);
#243=ORIENTED_EDGE('',*,*,#603,.F.);
#244=ORIENTED_EDGE('',*,*,#605,.T.);
#245=ORIENTED_EDGE('',*,*,#596,.T.);
#246=ORIENTED_EDGE('',*,*,#604,.T.);
#247=ORIENTED_EDGE('',*,*,#589,.F.);
#248=ORIENTED_EDGE('',*,*,#606,.T.);
#249=ORIENTED_EDGE('',*,*,#607,.F.);
#250=ORIENTED_EDGE('',*,*,#606,.F.);
#251=ORIENTED_EDGE('',*,*,#607,.T.);
#252=ORIENTED_EDGE('',*,*,#608,.F.);
#253=ORIENTED_EDGE('',*,*,#609,.F.);
#254=ORIENTED_EDGE('',*,*,#610,.T.);
#255=ORIENTED_EDGE('',*,*,#611,.T.);
#256=ORIENTED_EDGE('',*,*,#612,.T.);
#257=ORIENTED_EDGE('',*,*,#613,.F.);
#258=ORIENTED_EDGE('',*,*,#614,.F.);
#259=ORIENTED_EDGE('',*,*,#609,.T.);
#260=ORIENTED_EDGE('',*,*,#615,.T.);
#261=ORIENTED_EDGE('',*,*,#616,.F.);
#262=ORIENTED_EDGE('',*,*,#617,.F.);
#263=ORIENTED_EDGE('',*,*,#613,.T.);
#264=ORIENTED_EDGE('',*,*,#618,.F.);
#265=ORIENTED_EDGE('',*,*,#611,.F.);
#266=ORIENTED_EDGE('',*,*,#619,.T.);
#267=ORIENTED_EDGE('',*,*,#616,.T.);
#268=ORIENTED_EDGE('',*,*,#610,.F.);
#269=ORIENTED_EDGE('',*,*,#614,.T.);
#270=ORIENTED_EDGE('',*,*,#617,.T.);
#271=ORIENTED_EDGE('',*,*,#619,.F.);
#272=ORIENTED_EDGE('',*,*,#608,.T.);
#273=ORIENTED_EDGE('',*,*,#618,.T.);
#274=ORIENTED_EDGE('',*,*,#615,.F.);
#275=ORIENTED_EDGE('',*,*,#612,.F.);
#276=ORIENTED_EDGE('',*,*,#620,.T.);
#277=ORIENTED_EDGE('',*,*,#621,.F.);
#278=ORIENTED_EDGE('',*,*,#620,.F.);
#279=ORIENTED_EDGE('',*,*,#621,.T.);
#280=ORIENTED_EDGE('',*,*,#622,.T.);
#281=ORIENTED_EDGE('',*,*,#623,.F.);
#282=ORIENTED_EDGE('',*,*,#624,.F.);
#283=ORIENTED_EDGE('',*,*,#625,.T.);
#284=ORIENTED_EDGE('',*,*,#626,.F.);
#285=ORIENTED_EDGE('',*,*,#625,.F.);
#286=ORIENTED_EDGE('',*,*,#627,.T.);
#287=ORIENTED_EDGE('',*,*,#628,.T.);
#288=ORIENTED_EDGE('',*,*,#629,.F.);
#289=ORIENTED_EDGE('',*,*,#628,.F.);
#290=ORIENTED_EDGE('',*,*,#630,.T.);
#291=ORIENTED_EDGE('',*,*,#631,.T.);
#292=ORIENTED_EDGE('',*,*,#632,.T.);
#293=ORIENTED_EDGE('',*,*,#631,.F.);
#294=ORIENTED_EDGE('',*,*,#633,.F.);
#295=ORIENTED_EDGE('',*,*,#623,.T.);
#296=ORIENTED_EDGE('',*,*,#624,.T.);
#297=ORIENTED_EDGE('',*,*,#633,.T.);
#298=ORIENTED_EDGE('',*,*,#630,.F.);
#299=ORIENTED_EDGE('',*,*,#627,.F.);
#300=ORIENTED_EDGE('',*,*,#622,.F.);
#301=ORIENTED_EDGE('',*,*,#626,.T.);
#302=ORIENTED_EDGE('',*,*,#629,.T.);
#303=ORIENTED_EDGE('',*,*,#632,.F.);
#304=ORIENTED_EDGE('',*,*,#634,.T.);
#305=ORIENTED_EDGE('',*,*,#635,.F.);
#306=ORIENTED_EDGE('',*,*,#634,.F.);
#307=ORIENTED_EDGE('',*,*,#635,.T.);
#308=ORIENTED_EDGE('',*,*,#636,.T.);
#309=ORIENTED_EDGE('',*,*,#637,.F.);
#310=ORIENTED_EDGE('',*,*,#636,.F.);
#311=ORIENTED_EDGE('',*,*,#637,.T.);
#312=ORIENTED_EDGE('',*,*,#638,.T.);
#313=ORIENTED_EDGE('',*,*,#639,.F.);
#314=ORIENTED_EDGE('',*,*,#640,.T.);
#315=ORIENTED_EDGE('',*,*,#641,.F.);
#316=ORIENTED_EDGE('',*,*,#642,.F.);
#317=ORIENTED_EDGE('',*,*,#643,.T.);
#318=ORIENTED_EDGE('',*,*,#644,.T.);
#319=ORIENTED_EDGE('',*,*,#645,.F.);
#320=ORIENTED_EDGE('',*,*,#646,.F.);
#321=ORIENTED_EDGE('',*,*,#641,.T.);
#322=ORIENTED_EDGE('',*,*,#647,.T.);
#323=ORIENTED_EDGE('',*,*,#648,.F.);
#324=ORIENTED_EDGE('',*,*,#649,.F.);
#325=ORIENTED_EDGE('',*,*,#645,.T.);
#326=ORIENTED_EDGE('',*,*,#650,.T.);
#327=ORIENTED_EDGE('',*,*,#651,.F.);
#328=ORIENTED_EDGE('',*,*,#652,.T.);
#329=ORIENTED_EDGE('',*,*,#653,.F.);
#330=ORIENTED_EDGE('',*,*,#654,.T.);
#331=ORIENTED_EDGE('',*,*,#655,.F.);
#332=ORIENTED_EDGE('',*,*,#656,.T.);
#333=ORIENTED_EDGE('',*,*,#657,.F.);
#334=ORIENTED_EDGE('',*,*,#658,.T.);
#335=ORIENTED_EDGE('',*,*,#643,.F.);
#336=ORIENTED_EDGE('',*,*,#659,.F.);
#337=ORIENTED_EDGE('',*,*,#648,.T.);
#338=ORIENTED_EDGE('',*,*,#660,.T.);
#339=ORIENTED_EDGE('',*,*,#661,.F.);
#340=ORIENTED_EDGE('',*,*,#662,.T.);
#341=ORIENTED_EDGE('',*,*,#663,.F.);
#342=ORIENTED_EDGE('',*,*,#660,.F.);
#343=ORIENTED_EDGE('',*,*,#642,.T.);
#344=ORIENTED_EDGE('',*,*,#646,.T.);
#345=ORIENTED_EDGE('',*,*,#649,.T.);
#346=ORIENTED_EDGE('',*,*,#659,.T.);
#347=ORIENTED_EDGE('',*,*,#638,.F.);
#348=ORIENTED_EDGE('',*,*,#656,.F.);
#349=ORIENTED_EDGE('',*,*,#654,.F.);
#350=ORIENTED_EDGE('',*,*,#652,.F.);
#351=ORIENTED_EDGE('',*,*,#650,.F.);
#352=ORIENTED_EDGE('',*,*,#662,.F.);
#353=ORIENTED_EDGE('',*,*,#664,.F.);
#354=ORIENTED_EDGE('',*,*,#661,.T.);
#355=ORIENTED_EDGE('',*,*,#640,.F.);
#356=ORIENTED_EDGE('',*,*,#658,.F.);
#357=ORIENTED_EDGE('',*,*,#647,.F.);
#358=ORIENTED_EDGE('',*,*,#644,.F.);
#359=ORIENTED_EDGE('',*,*,#657,.T.);
#360=ORIENTED_EDGE('',*,*,#655,.T.);
#361=ORIENTED_EDGE('',*,*,#653,.T.);
#362=ORIENTED_EDGE('',*,*,#651,.T.);
#363=ORIENTED_EDGE('',*,*,#663,.T.);
#364=ORIENTED_EDGE('',*,*,#665,.F.);
#365=ORIENTED_EDGE('',*,*,#664,.T.);
#366=ORIENTED_EDGE('',*,*,#639,.T.);
#367=ORIENTED_EDGE('',*,*,#665,.T.);
#368=ORIENTED_EDGE('',*,*,#666,.T.);
#369=ORIENTED_EDGE('',*,*,#667,.F.);
#370=ORIENTED_EDGE('',*,*,#668,.F.);
#371=ORIENTED_EDGE('',*,*,#669,.T.);
#372=ORIENTED_EDGE('',*,*,#670,.T.);
#373=ORIENTED_EDGE('',*,*,#671,.T.);
#374=ORIENTED_EDGE('',*,*,#672,.F.);
#375=ORIENTED_EDGE('',*,*,#673,.F.);
#376=ORIENTED_EDGE('',*,*,#674,.F.);
#377=ORIENTED_EDGE('',*,*,#671,.F.);
#378=ORIENTED_EDGE('',*,*,#675,.T.);
#379=ORIENTED_EDGE('',*,*,#668,.T.);
#380=ORIENTED_EDGE('',*,*,#676,.T.);
#381=ORIENTED_EDGE('',*,*,#669,.F.);
#382=ORIENTED_EDGE('',*,*,#675,.F.);
#383=ORIENTED_EDGE('',*,*,#670,.F.);
#384=ORIENTED_EDGE('',*,*,#672,.T.);
#385=ORIENTED_EDGE('',*,*,#674,.T.);
#386=ORIENTED_EDGE('',*,*,#667,.T.);
#387=ORIENTED_EDGE('',*,*,#677,.F.);
#388=ORIENTED_EDGE('',*,*,#677,.T.);
#389=ORIENTED_EDGE('',*,*,#666,.F.);
#390=ORIENTED_EDGE('',*,*,#676,.F.);
#391=ORIENTED_EDGE('',*,*,#673,.T.);
#392=ORIENTED_EDGE('',*,*,#678,.F.);
#393=ORIENTED_EDGE('',*,*,#679,.F.);
#394=ORIENTED_EDGE('',*,*,#680,.T.);
#395=ORIENTED_EDGE('',*,*,#681,.T.);
#396=ORIENTED_EDGE('',*,*,#682,.F.);
#397=ORIENTED_EDGE('',*,*,#683,.T.);
#398=ORIENTED_EDGE('',*,*,#684,.T.);
#399=ORIENTED_EDGE('',*,*,#685,.F.);
#400=ORIENTED_EDGE('',*,*,#686,.T.);
#401=ORIENTED_EDGE('',*,*,#680,.F.);
#402=ORIENTED_EDGE('',*,*,#687,.F.);
#403=ORIENTED_EDGE('',*,*,#685,.T.);
#404=ORIENTED_EDGE('',*,*,#688,.F.);
#405=ORIENTED_EDGE('',*,*,#682,.T.);
#406=ORIENTED_EDGE('',*,*,#687,.T.);
#407=ORIENTED_EDGE('',*,*,#679,.T.);
#408=ORIENTED_EDGE('',*,*,#684,.F.);
#409=ORIENTED_EDGE('',*,*,#689,.T.);
#410=ORIENTED_EDGE('',*,*,#681,.F.);
#411=ORIENTED_EDGE('',*,*,#686,.F.);
#412=ORIENTED_EDGE('',*,*,#689,.F.);
#413=ORIENTED_EDGE('',*,*,#683,.F.);
#414=ORIENTED_EDGE('',*,*,#688,.T.);
#415=ORIENTED_EDGE('',*,*,#678,.T.);
#416=ORIENTED_EDGE('',*,*,#690,.T.);
#417=ORIENTED_EDGE('',*,*,#691,.F.);
#418=ORIENTED_EDGE('',*,*,#690,.F.);
#419=ORIENTED_EDGE('',*,*,#691,.T.);
#420=ORIENTED_EDGE('',*,*,#692,.T.);
#421=ORIENTED_EDGE('',*,*,#693,.F.);
#422=ORIENTED_EDGE('',*,*,#692,.F.);
#423=ORIENTED_EDGE('',*,*,#693,.T.);
#424=ORIENTED_EDGE('',*,*,#694,.F.);
#425=ORIENTED_EDGE('',*,*,#695,.F.);
#426=ORIENTED_EDGE('',*,*,#696,.F.);
#427=ORIENTED_EDGE('',*,*,#697,.F.);
#428=ORIENTED_EDGE('',*,*,#698,.F.);
#429=ORIENTED_EDGE('',*,*,#699,.F.);
#430=ORIENTED_EDGE('',*,*,#694,.T.);
#431=ORIENTED_EDGE('',*,*,#700,.T.);
#432=ORIENTED_EDGE('',*,*,#701,.T.);
#433=ORIENTED_EDGE('',*,*,#702,.F.);
#434=ORIENTED_EDGE('',*,*,#699,.T.);
#435=ORIENTED_EDGE('',*,*,#703,.T.);
#436=ORIENTED_EDGE('',*,*,#704,.T.);
#437=ORIENTED_EDGE('',*,*,#700,.F.);
#438=ORIENTED_EDGE('',*,*,#698,.T.);
#439=ORIENTED_EDGE('',*,*,#705,.T.);
#440=ORIENTED_EDGE('',*,*,#706,.T.);
#441=ORIENTED_EDGE('',*,*,#703,.F.);
#442=ORIENTED_EDGE('',*,*,#697,.T.);
#443=ORIENTED_EDGE('',*,*,#707,.T.);
#444=ORIENTED_EDGE('',*,*,#708,.T.);
#445=ORIENTED_EDGE('',*,*,#705,.F.);
#446=ORIENTED_EDGE('',*,*,#696,.T.);
#447=ORIENTED_EDGE('',*,*,#709,.T.);
#448=ORIENTED_EDGE('',*,*,#710,.T.);
#449=ORIENTED_EDGE('',*,*,#707,.F.);
#450=ORIENTED_EDGE('',*,*,#695,.T.);
#451=ORIENTED_EDGE('',*,*,#702,.T.);
#452=ORIENTED_EDGE('',*,*,#711,.T.);
#453=ORIENTED_EDGE('',*,*,#709,.F.);
#454=ORIENTED_EDGE('',*,*,#701,.F.);
#455=ORIENTED_EDGE('',*,*,#704,.F.);
#456=ORIENTED_EDGE('',*,*,#706,.F.);
#457=ORIENTED_EDGE('',*,*,#708,.F.);
#458=ORIENTED_EDGE('',*,*,#710,.F.);
#459=ORIENTED_EDGE('',*,*,#711,.F.);
#460=ORIENTED_EDGE('',*,*,#712,.T.);
#461=ORIENTED_EDGE('',*,*,#713,.T.);
#462=ORIENTED_EDGE('',*,*,#714,.F.);
#463=ORIENTED_EDGE('',*,*,#715,.F.);
#464=ORIENTED_EDGE('',*,*,#716,.T.);
#465=ORIENTED_EDGE('',*,*,#717,.F.);
#466=ORIENTED_EDGE('',*,*,#712,.F.);
#467=ORIENTED_EDGE('',*,*,#718,.F.);
#468=ORIENTED_EDGE('',*,*,#719,.T.);
#469=ORIENTED_EDGE('',*,*,#720,.F.);
#470=ORIENTED_EDGE('',*,*,#721,.T.);
#471=ORIENTED_EDGE('',*,*,#722,.F.);
#472=ORIENTED_EDGE('',*,*,#716,.F.);
#473=ORIENTED_EDGE('',*,*,#723,.F.);
#474=ORIENTED_EDGE('',*,*,#724,.F.);
#475=ORIENTED_EDGE('',*,*,#725,.F.);
#476=ORIENTED_EDGE('',*,*,#726,.T.);
#477=ORIENTED_EDGE('',*,*,#727,.F.);
#478=ORIENTED_EDGE('',*,*,#726,.F.);
#479=ORIENTED_EDGE('',*,*,#728,.F.);
#480=ORIENTED_EDGE('',*,*,#714,.T.);
#481=ORIENTED_EDGE('',*,*,#729,.T.);
#482=ORIENTED_EDGE('',*,*,#721,.F.);
#483=ORIENTED_EDGE('',*,*,#730,.F.);
#484=ORIENTED_EDGE('',*,*,#713,.F.);
#485=ORIENTED_EDGE('',*,*,#717,.T.);
#486=ORIENTED_EDGE('',*,*,#722,.T.);
#487=ORIENTED_EDGE('',*,*,#729,.F.);
#488=ORIENTED_EDGE('',*,*,#731,.F.);
#489=ORIENTED_EDGE('',*,*,#732,.F.);
#490=ORIENTED_EDGE('',*,*,#724,.T.);
#491=ORIENTED_EDGE('',*,*,#733,.F.);
#492=ORIENTED_EDGE('',*,*,#719,.F.);
#493=ORIENTED_EDGE('',*,*,#734,.F.);
#494=ORIENTED_EDGE('',*,*,#731,.T.);
#495=ORIENTED_EDGE('',*,*,#735,.F.);
#496=ORIENTED_EDGE('',*,*,#720,.T.);
#497=ORIENTED_EDGE('',*,*,#735,.T.);
#498=ORIENTED_EDGE('',*,*,#733,.T.);
#499=ORIENTED_EDGE('',*,*,#727,.T.);
#500=ORIENTED_EDGE('',*,*,#730,.T.);
#501=ORIENTED_EDGE('',*,*,#723,.T.);
#502=ORIENTED_EDGE('',*,*,#732,.T.);
#503=ORIENTED_EDGE('',*,*,#734,.T.);
#504=ORIENTED_EDGE('',*,*,#718,.T.);
#505=ORIENTED_EDGE('',*,*,#715,.T.);
#506=ORIENTED_EDGE('',*,*,#728,.T.);
#507=ORIENTED_EDGE('',*,*,#725,.T.);
#508=ORIENTED_EDGE('',*,*,#736,.T.);
#509=ORIENTED_EDGE('',*,*,#737,.T.);
#510=ORIENTED_EDGE('',*,*,#738,.T.);
#511=ORIENTED_EDGE('',*,*,#739,.T.);
#512=ORIENTED_EDGE('',*,*,#740,.T.);
#513=ORIENTED_EDGE('',*,*,#741,.T.);
#514=ORIENTED_EDGE('',*,*,#742,.T.);
#515=ORIENTED_EDGE('',*,*,#743,.T.);
#516=ORIENTED_EDGE('',*,*,#744,.T.);
#517=ORIENTED_EDGE('',*,*,#745,.T.);
#518=ORIENTED_EDGE('',*,*,#746,.T.);
#519=ORIENTED_EDGE('',*,*,#747,.T.);
#520=ORIENTED_EDGE('',*,*,#741,.F.);
#521=ORIENTED_EDGE('',*,*,#748,.T.);
#522=ORIENTED_EDGE('',*,*,#743,.F.);
#523=ORIENTED_EDGE('',*,*,#749,.F.);
#524=ORIENTED_EDGE('',*,*,#740,.F.);
#525=ORIENTED_EDGE('',*,*,#750,.T.);
#526=ORIENTED_EDGE('',*,*,#744,.F.);
#527=ORIENTED_EDGE('',*,*,#748,.F.);
#528=ORIENTED_EDGE('',*,*,#739,.F.);
#529=ORIENTED_EDGE('',*,*,#751,.T.);
#530=ORIENTED_EDGE('',*,*,#745,.F.);
#531=ORIENTED_EDGE('',*,*,#750,.F.);
#532=ORIENTED_EDGE('',*,*,#738,.F.);
#533=ORIENTED_EDGE('',*,*,#752,.T.);
#534=ORIENTED_EDGE('',*,*,#746,.F.);
#535=ORIENTED_EDGE('',*,*,#751,.F.);
#536=ORIENTED_EDGE('',*,*,#737,.F.);
#537=ORIENTED_EDGE('',*,*,#753,.T.);
#538=ORIENTED_EDGE('',*,*,#747,.F.);
#539=ORIENTED_EDGE('',*,*,#752,.F.);
#540=ORIENTED_EDGE('',*,*,#736,.F.);
#541=ORIENTED_EDGE('',*,*,#749,.T.);
#542=ORIENTED_EDGE('',*,*,#742,.F.);
#543=ORIENTED_EDGE('',*,*,#753,.F.);
#544=EDGE_CURVE('',#754,#755,#910,.T.);
#545=EDGE_CURVE('',#754,#756,#911,.T.);
#546=EDGE_CURVE('',#756,#757,#912,.T.);
#547=EDGE_CURVE('',#757,#755,#913,.T.);
#548=EDGE_CURVE('',#758,#759,#914,.T.);
#549=EDGE_CURVE('',#758,#754,#915,.T.);
#550=EDGE_CURVE('',#755,#759,#916,.T.);
#551=EDGE_CURVE('',#760,#761,#917,.T.);
#552=EDGE_CURVE('',#760,#758,#918,.T.);
#553=EDGE_CURVE('',#759,#761,#919,.T.);
#554=EDGE_CURVE('',#762,#762,#46,.T.);
#555=EDGE_CURVE('',#763,#763,#47,.T.);
#556=EDGE_CURVE('',#764,#764,#48,.T.);
#557=EDGE_CURVE('',#765,#765,#49,.T.);
#558=EDGE_CURVE('',#766,#766,#50,.T.);
#559=EDGE_CURVE('',#767,#767,#51,.T.);
#560=EDGE_CURVE('',#768,#768,#52,.T.);
#561=EDGE_CURVE('',#769,#769,#53,.T.);
#562=EDGE_CURVE('',#770,#770,#54,.T.);
#563=EDGE_CURVE('',#771,#771,#55,.T.);
#564=EDGE_CURVE('',#772,#772,#56,.T.);
#565=EDGE_CURVE('',#773,#773,#57,.T.);
#566=EDGE_CURVE('',#756,#760,#920,.T.);
#567=EDGE_CURVE('',#761,#757,#921,.T.);
#568=EDGE_CURVE('',#774,#775,#922,.T.);
#569=EDGE_CURVE('',#775,#776,#923,.T.);
#570=EDGE_CURVE('',#776,#777,#924,.T.);
#571=EDGE_CURVE('',#777,#774,#925,.T.);
#572=EDGE_CURVE('',#778,#778,#58,.T.);
#573=EDGE_CURVE('',#779,#779,#59,.T.);
#574=EDGE_CURVE('',#780,#780,#60,.T.);
#575=EDGE_CURVE('',#781,#781,#61,.T.);
#576=EDGE_CURVE('',#782,#782,#62,.T.);
#577=EDGE_CURVE('',#783,#783,#63,.T.);
#578=EDGE_CURVE('',#784,#784,#64,.T.);
#579=EDGE_CURVE('',#785,#785,#65,.T.);
#580=EDGE_CURVE('',#786,#786,#66,.T.);
#581=EDGE_CURVE('',#787,#787,#67,.T.);
#582=EDGE_CURVE('',#788,#788,#68,.T.);
#583=EDGE_CURVE('',#789,#789,#69,.T.);
#584=EDGE_CURVE('',#758,#777,#926,.T.);
#585=EDGE_CURVE('',#774,#760,#927,.F.);
#586=EDGE_CURVE('',#775,#756,#928,.F.);
#587=EDGE_CURVE('',#754,#776,#929,.F.);
#588=EDGE_CURVE('',#790,#791,#930,.F.);
#589=EDGE_CURVE('',#791,#792,#931,.T.);
#590=EDGE_CURVE('',#792,#793,#932,.T.);
#591=EDGE_CURVE('',#790,#793,#933,.T.);
#592=EDGE_CURVE('',#794,#795,#934,.T.);
#593=EDGE_CURVE('',#795,#796,#935,.T.);
#594=EDGE_CURVE('',#797,#796,#936,.T.);
#595=EDGE_CURVE('',#797,#794,#937,.T.);
#596=EDGE_CURVE('',#798,#799,#938,.T.);
#597=EDGE_CURVE('',#798,#797,#939,.F.);
#598=EDGE_CURVE('',#796,#799,#940,.T.);
#599=EDGE_CURVE('',#800,#801,#941,.T.);
#600=EDGE_CURVE('',#801,#795,#942,.T.);
#601=EDGE_CURVE('',#794,#800,#943,.F.);
#602=EDGE_CURVE('',#793,#801,#944,.T.);
#603=EDGE_CURVE('',#800,#790,#945,.F.);
#604=EDGE_CURVE('',#799,#792,#946,.T.);
#605=EDGE_CURVE('',#791,#798,#947,.T.);
#606=EDGE_CURVE('',#802,#802,#70,.T.);
#607=EDGE_CURVE('',#803,#803,#71,.T.);
#608=EDGE_CURVE('',#804,#805,#948,.T.);
#609=EDGE_CURVE('',#806,#804,#949,.T.);
#610=EDGE_CURVE('',#806,#807,#950,.T.);
#611=EDGE_CURVE('',#807,#805,#951,.T.);
#612=EDGE_CURVE('',#804,#808,#952,.T.);
#613=EDGE_CURVE('',#809,#808,#953,.T.);
#614=EDGE_CURVE('',#806,#809,#954,.T.);
#615=EDGE_CURVE('',#808,#810,#955,.T.);
#616=EDGE_CURVE('',#811,#810,#956,.T.);
#617=EDGE_CURVE('',#809,#811,#957,.T.);
#618=EDGE_CURVE('',#805,#810,#958,.T.);
#619=EDGE_CURVE('',#807,#811,#959,.T.);
#620=EDGE_CURVE('',#812,#812,#72,.T.);
#621=EDGE_CURVE('',#813,#813,#73,.T.);
#622=EDGE_CURVE('',#814,#815,#960,.T.);
#623=EDGE_CURVE('',#816,#815,#961,.T.);
#624=EDGE_CURVE('',#817,#816,#962,.T.);
#625=EDGE_CURVE('',#817,#814,#963,.T.);
#626=EDGE_CURVE('',#814,#818,#964,.T.);
#627=EDGE_CURVE('',#817,#819,#965,.T.);
#628=EDGE_CURVE('',#819,#818,#966,.T.);
#629=EDGE_CURVE('',#818,#820,#967,.T.);
#630=EDGE_CURVE('',#819,#821,#968,.T.);
#631=EDGE_CURVE('',#821,#820,#969,.T.);
#632=EDGE_CURVE('',#815,#820,#970,.T.);
#633=EDGE_CURVE('',#816,#821,#971,.T.);
#634=EDGE_CURVE('',#822,#822,#74,.T.);
#635=EDGE_CURVE('',#823,#823,#75,.T.);
#636=EDGE_CURVE('',#824,#824,#76,.T.);
#637=EDGE_CURVE('',#825,#825,#77,.T.);
#638=EDGE_CURVE('',#826,#826,#78,.T.);
#639=EDGE_CURVE('',#827,#827,#79,.T.);
#640=EDGE_CURVE('',#828,#829,#972,.T.);
#641=EDGE_CURVE('',#830,#829,#973,.T.);
#642=EDGE_CURVE('',#831,#830,#974,.T.);
#643=EDGE_CURVE('',#831,#828,#975,.T.);
#644=EDGE_CURVE('',#829,#832,#976,.T.);
#645=EDGE_CURVE('',#833,#832,#977,.T.);
#646=EDGE_CURVE('',#830,#833,#978,.T.);
#647=EDGE_CURVE('',#832,#834,#979,.T.);
#648=EDGE_CURVE('',#835,#834,#980,.T.);
#649=EDGE_CURVE('',#833,#835,#981,.T.);
#650=EDGE_CURVE('',#836,#836,#80,.T.);
#651=EDGE_CURVE('',#837,#837,#81,.T.);
#652=EDGE_CURVE('',#838,#838,#82,.T.);
#653=EDGE_CURVE('',#839,#839,#83,.T.);
#654=EDGE_CURVE('',#840,#840,#84,.T.);
#655=EDGE_CURVE('',#841,#841,#85,.T.);
#656=EDGE_CURVE('',#842,#842,#86,.T.);
#657=EDGE_CURVE('',#843,#843,#87,.T.);
#658=EDGE_CURVE('',#834,#828,#982,.T.);
#659=EDGE_CURVE('',#835,#831,#983,.T.);
#660=EDGE_CURVE('',#844,#844,#88,.T.);
#661=EDGE_CURVE('',#845,#845,#89,.T.);
#662=EDGE_CURVE('',#846,#846,#90,.T.);
#663=EDGE_CURVE('',#847,#847,#91,.T.);
#664=EDGE_CURVE('',#848,#848,#92,.T.);
#665=EDGE_CURVE('',#849,#849,#93,.T.);
#666=EDGE_CURVE('',#850,#851,#984,.T.);
#667=EDGE_CURVE('',#852,#851,#985,.T.);
#668=EDGE_CURVE('',#853,#852,#986,.T.);
#669=EDGE_CURVE('',#853,#850,#987,.T.);
#670=EDGE_CURVE('',#854,#855,#988,.T.);
#671=EDGE_CURVE('',#855,#856,#989,.T.);
#672=EDGE_CURVE('',#857,#856,#990,.T.);
#673=EDGE_CURVE('',#854,#857,#991,.T.);
#674=EDGE_CURVE('',#856,#852,#992,.T.);
#675=EDGE_CURVE('',#855,#853,#993,.T.);
#676=EDGE_CURVE('',#854,#850,#994,.T.);
#677=EDGE_CURVE('',#857,#851,#995,.T.);
#678=EDGE_CURVE('',#858,#859,#996,.T.);
#679=EDGE_CURVE('',#860,#858,#997,.T.);
#680=EDGE_CURVE('',#860,#861,#998,.T.);
#681=EDGE_CURVE('',#861,#859,#999,.T.);
#682=EDGE_CURVE('',#862,#863,#1000,.T.);
#683=EDGE_CURVE('',#862,#864,#1001,.T.);
#684=EDGE_CURVE('',#864,#865,#1002,.T.);
#685=EDGE_CURVE('',#863,#865,#1003,.T.);
#686=EDGE_CURVE('',#865,#861,#1004,.T.);
#687=EDGE_CURVE('',#863,#860,#1005,.T.);
#688=EDGE_CURVE('',#862,#858,#1006,.T.);
#689=EDGE_CURVE('',#864,#859,#1007,.T.);
#690=EDGE_CURVE('',#866,#866,#94,.T.);
#691=EDGE_CURVE('',#867,#867,#95,.T.);
#692=EDGE_CURVE('',#868,#868,#96,.T.);
#693=EDGE_CURVE('',#869,#869,#97,.T.);
#694=EDGE_CURVE('',#870,#871,#1008,.T.);
#695=EDGE_CURVE('',#872,#870,#1009,.T.);
#696=EDGE_CURVE('',#873,#872,#1010,.T.);
#697=EDGE_CURVE('',#874,#873,#1011,.T.);
#698=EDGE_CURVE('',#875,#874,#1012,.T.);
#699=EDGE_CURVE('',#871,#875,#1013,.T.);
#700=EDGE_CURVE('',#871,#876,#1014,.T.);
#701=EDGE_CURVE('',#876,#877,#1015,.T.);
#702=EDGE_CURVE('',#870,#877,#1016,.T.);
#703=EDGE_CURVE('',#875,#878,#1017,.T.);
#704=EDGE_CURVE('',#878,#876,#1018,.T.);
#705=EDGE_CURVE('',#874,#879,#1019,.T.);
#706=EDGE_CURVE('',#879,#878,#1020,.T.);
#707=EDGE_CURVE('',#873,#880,#1021,.T.);
#708=EDGE_CURVE('',#880,#879,#1022,.T.);
#709=EDGE_CURVE('',#872,#881,#1023,.T.);
#710=EDGE_CURVE('',#881,#880,#1024,.T.);
#711=EDGE_CURVE('',#877,#881,#1025,.T.);
#712=EDGE_CURVE('',#882,#883,#1026,.T.);
#713=EDGE_CURVE('',#883,#884,#1027,.T.);
#714=EDGE_CURVE('',#885,#884,#1028,.T.);
#715=EDGE_CURVE('',#882,#885,#1029,.T.);
#716=EDGE_CURVE('',#886,#887,#1030,.T.);
#717=EDGE_CURVE('',#883,#887,#1031,.T.);
#718=EDGE_CURVE('',#888,#882,#1032,.F.);
#719=EDGE_CURVE('',#888,#889,#1033,.T.);
#720=EDGE_CURVE('',#886,#889,#1034,.T.);
#721=EDGE_CURVE('',#890,#891,#1035,.T.);
#722=EDGE_CURVE('',#887,#891,#1036,.T.);
#723=EDGE_CURVE('',#890,#886,#1037,.T.);
#724=EDGE_CURVE('',#892,#893,#1038,.T.);
#725=EDGE_CURVE('',#894,#892,#1039,.T.);
#726=EDGE_CURVE('',#894,#895,#1040,.T.);
#727=EDGE_CURVE('',#893,#895,#1041,.T.);
#728=EDGE_CURVE('',#885,#894,#1042,.F.);
#729=EDGE_CURVE('',#884,#891,#1043,.T.);
#730=EDGE_CURVE('',#895,#890,#1044,.T.);
#731=EDGE_CURVE('',#896,#897,#1045,.T.);
#732=EDGE_CURVE('',#892,#896,#1046,.F.);
#733=EDGE_CURVE('',#897,#893,#1047,.T.);
#734=EDGE_CURVE('',#896,#888,#1048,.F.);
#735=EDGE_CURVE('',#889,#897,#1049,.T.);
#736=EDGE_CURVE('',#898,#899,#1050,.T.);
#737=EDGE_CURVE('',#899,#900,#1051,.T.);
#738=EDGE_CURVE('',#900,#901,#1052,.T.);
#739=EDGE_CURVE('',#901,#902,#1053,.T.);
#740=EDGE_CURVE('',#902,#903,#1054,.T.);
#741=EDGE_CURVE('',#903,#898,#1055,.T.);
#742=EDGE_CURVE('',#904,#905,#1056,.T.);
#743=EDGE_CURVE('',#905,#906,#1057,.T.);
#744=EDGE_CURVE('',#906,#907,#1058,.T.);
#745=EDGE_CURVE('',#907,#908,#1059,.T.);
#746=EDGE_CURVE('',#908,#909,#1060,.T.);
#747=EDGE_CURVE('',#909,#904,#1061,.T.);
#748=EDGE_CURVE('',#903,#906,#1062,.T.);
#749=EDGE_CURVE('',#898,#905,#1063,.T.);
#750=EDGE_CURVE('',#902,#907,#1064,.T.);
#751=EDGE_CURVE('',#901,#908,#1065,.T.);
#752=EDGE_CURVE('',#900,#909,#1066,.T.);
#753=EDGE_CURVE('',#899,#904,#1067,.T.);
#754=VERTEX_POINT('',#2705);
#755=VERTEX_POINT('',#2706);
#756=VERTEX_POINT('',#2708);
#757=VERTEX_POINT('',#2710);
#758=VERTEX_POINT('',#2714);
#759=VERTEX_POINT('',#2715);
#760=VERTEX_POINT('',#2720);
#761=VERTEX_POINT('',#2721);
#762=VERTEX_POINT('',#2726);
#763=VERTEX_POINT('',#2728);
#764=VERTEX_POINT('',#2731);
#765=VERTEX_POINT('',#2733);
#766=VERTEX_POINT('',#2736);
#767=VERTEX_POINT('',#2738);
#768=VERTEX_POINT('',#2741);
#769=VERTEX_POINT('',#2743);
#770=VERTEX_POINT('',#2746);
#771=VERTEX_POINT('',#2748);
#772=VERTEX_POINT('',#2751);
#773=VERTEX_POINT('',#2753);
#774=VERTEX_POINT('',#2759);
#775=VERTEX_POINT('',#2760);
#776=VERTEX_POINT('',#2762);
#777=VERTEX_POINT('',#2764);
#778=VERTEX_POINT('',#2768);
#779=VERTEX_POINT('',#2770);
#780=VERTEX_POINT('',#2772);
#781=VERTEX_POINT('',#2774);
#782=VERTEX_POINT('',#2776);
#783=VERTEX_POINT('',#2778);
#784=VERTEX_POINT('',#2781);
#785=VERTEX_POINT('',#2785);
#786=VERTEX_POINT('',#2788);
#787=VERTEX_POINT('',#2791);
#788=VERTEX_POINT('',#2794);
#789=VERTEX_POINT('',#2797);
#790=VERTEX_POINT('',#2810);
#791=VERTEX_POINT('',#2811);
#792=VERTEX_POINT('',#2813);
#793=VERTEX_POINT('',#2815);
#794=VERTEX_POINT('',#2819);
#795=VERTEX_POINT('',#2820);
#796=VERTEX_POINT('',#2822);
#797=VERTEX_POINT('',#2824);
#798=VERTEX_POINT('',#2828);
#799=VERTEX_POINT('',#2829);
#800=VERTEX_POINT('',#2834);
#801=VERTEX_POINT('',#2835);
#802=VERTEX_POINT('',#2849);
#803=VERTEX_POINT('',#2851);
#804=VERTEX_POINT('',#2857);
#805=VERTEX_POINT('',#2858);
#806=VERTEX_POINT('',#2860);
#807=VERTEX_POINT('',#2862);
#808=VERTEX_POINT('',#2866);
#809=VERTEX_POINT('',#2868);
#810=VERTEX_POINT('',#2872);
#811=VERTEX_POINT('',#2874);
#812=VERTEX_POINT('',#2884);
#813=VERTEX_POINT('',#2886);
#814=VERTEX_POINT('',#2892);
#815=VERTEX_POINT('',#2893);
#816=VERTEX_POINT('',#2895);
#817=VERTEX_POINT('',#2897);
#818=VERTEX_POINT('',#2901);
#819=VERTEX_POINT('',#2903);
#820=VERTEX_POINT('',#2907);
#821=VERTEX_POINT('',#2909);
#822=VERTEX_POINT('',#2919);
#823=VERTEX_POINT('',#2921);
#824=VERTEX_POINT('',#2927);
#825=VERTEX_POINT('',#2929);
#826=VERTEX_POINT('',#2935);
#827=VERTEX_POINT('',#2937);
#828=VERTEX_POINT('',#2940);
#829=VERTEX_POINT('',#2941);
#830=VERTEX_POINT('',#2943);
#831=VERTEX_POINT('',#2945);
#832=VERTEX_POINT('',#2949);
#833=VERTEX_POINT('',#2951);
#834=VERTEX_POINT('',#2955);
#835=VERTEX_POINT('',#2957);
#836=VERTEX_POINT('',#2961);
#837=VERTEX_POINT('',#2963);
#838=VERTEX_POINT('',#2966);
#839=VERTEX_POINT('',#2968);
#840=VERTEX_POINT('',#2971);
#841=VERTEX_POINT('',#2973);
#842=VERTEX_POINT('',#2976);
#843=VERTEX_POINT('',#2978);
#844=VERTEX_POINT('',#2984);
#845=VERTEX_POINT('',#2986);
#846=VERTEX_POINT('',#2989);
#847=VERTEX_POINT('',#2991);
#848=VERTEX_POINT('',#2995);
#849=VERTEX_POINT('',#2998);
#850=VERTEX_POINT('',#3003);
#851=VERTEX_POINT('',#3004);
#852=VERTEX_POINT('',#3006);
#853=VERTEX_POINT('',#3008);
#854=VERTEX_POINT('',#3012);
#855=VERTEX_POINT('',#3013);
#856=VERTEX_POINT('',#3015);
#857=VERTEX_POINT('',#3017);
#858=VERTEX_POINT('',#3030);
#859=VERTEX_POINT('',#3031);
#860=VERTEX_POINT('',#3033);
#861=VERTEX_POINT('',#3035);
#862=VERTEX_POINT('',#3039);
#863=VERTEX_POINT('',#3040);
#864=VERTEX_POINT('',#3042);
#865=VERTEX_POINT('',#3044);
#866=VERTEX_POINT('',#3057);
#867=VERTEX_POINT('',#3059);
#868=VERTEX_POINT('',#3065);
#869=VERTEX_POINT('',#3067);
#870=VERTEX_POINT('',#3073);
#871=VERTEX_POINT('',#3074);
#872=VERTEX_POINT('',#3076);
#873=VERTEX_POINT('',#3078);
#874=VERTEX_POINT('',#3080);
#875=VERTEX_POINT('',#3082);
#876=VERTEX_POINT('',#3086);
#877=VERTEX_POINT('',#3088);
#878=VERTEX_POINT('',#3092);
#879=VERTEX_POINT('',#3096);
#880=VERTEX_POINT('',#3100);
#881=VERTEX_POINT('',#3104);
#882=VERTEX_POINT('',#3112);
#883=VERTEX_POINT('',#3113);
#884=VERTEX_POINT('',#3115);
#885=VERTEX_POINT('',#3117);
#886=VERTEX_POINT('',#3121);
#887=VERTEX_POINT('',#3122);
#888=VERTEX_POINT('',#3125);
#889=VERTEX_POINT('',#3127);
#890=VERTEX_POINT('',#3131);
#891=VERTEX_POINT('',#3132);
#892=VERTEX_POINT('',#3137);
#893=VERTEX_POINT('',#3138);
#894=VERTEX_POINT('',#3140);
#895=VERTEX_POINT('',#3142);
#896=VERTEX_POINT('',#3151);
#897=VERTEX_POINT('',#3152);
#898=VERTEX_POINT('',#3163);
#899=VERTEX_POINT('',#3164);
#900=VERTEX_POINT('',#3166);
#901=VERTEX_POINT('',#3168);
#902=VERTEX_POINT('',#3170);
#903=VERTEX_POINT('',#3172);
#904=VERTEX_POINT('',#3176);
#905=VERTEX_POINT('',#3177);
#906=VERTEX_POINT('',#3179);
#907=VERTEX_POINT('',#3181);
#908=VERTEX_POINT('',#3183);
#909=VERTEX_POINT('',#3185);
#910=LINE('',#2704,#1068);
#911=LINE('',#2707,#1069);
#912=LINE('',#2709,#1070);
#913=LINE('',#2711,#1071);
#914=LINE('',#2713,#1072);
#915=LINE('',#2716,#1073);
#916=LINE('',#2717,#1074);
#917=LINE('',#2719,#1075);
#918=LINE('',#2722,#1076);
#919=LINE('',#2723,#1077);
#920=LINE('',#2755,#1078);
#921=LINE('',#2756,#1079);
#922=LINE('',#2758,#1080);
#923=LINE('',#2761,#1081);
#924=LINE('',#2763,#1082);
#925=LINE('',#2765,#1083);
#926=LINE('',#2800,#1084);
#927=LINE('',#2801,#1085);
#928=LINE('',#2803,#1086);
#929=LINE('',#2805,#1087);
#930=LINE('',#2809,#1088);
#931=LINE('',#2812,#1089);
#932=LINE('',#2814,#1090);
#933=LINE('',#2816,#1091);
#934=LINE('',#2818,#1092);
#935=LINE('',#2821,#1093);
#936=LINE('',#2823,#1094);
#937=LINE('',#2825,#1095);
#938=LINE('',#2827,#1096);
#939=LINE('',#2830,#1097);
#940=LINE('',#2831,#1098);
#941=LINE('',#2833,#1099);
#942=LINE('',#2836,#1100);
#943=LINE('',#2837,#1101);
#944=LINE('',#2839,#1102);
#945=LINE('',#2840,#1103);
#946=LINE('',#2842,#1104);
#947=LINE('',#2844,#1105);
#948=LINE('',#2856,#1106);
#949=LINE('',#2859,#1107);
#950=LINE('',#2861,#1108);
#951=LINE('',#2863,#1109);
#952=LINE('',#2865,#1110);
#953=LINE('',#2867,#1111);
#954=LINE('',#2869,#1112);
#955=LINE('',#2871,#1113);
#956=LINE('',#2873,#1114);
#957=LINE('',#2875,#1115);
#958=LINE('',#2877,#1116);
#959=LINE('',#2878,#1117);
#960=LINE('',#2891,#1118);
#961=LINE('',#2894,#1119);
#962=LINE('',#2896,#1120);
#963=LINE('',#2898,#1121);
#964=LINE('',#2900,#1122);
#965=LINE('',#2902,#1123);
#966=LINE('',#2904,#1124);
#967=LINE('',#2906,#1125);
#968=LINE('',#2908,#1126);
#969=LINE('',#2910,#1127);
#970=LINE('',#2912,#1128);
#971=LINE('',#2913,#1129);
#972=LINE('',#2939,#1130);
#973=LINE('',#2942,#1131);
#974=LINE('',#2944,#1132);
#975=LINE('',#2946,#1133);
#976=LINE('',#2948,#1134);
#977=LINE('',#2950,#1135);
#978=LINE('',#2952,#1136);
#979=LINE('',#2954,#1137);
#980=LINE('',#2956,#1138);
#981=LINE('',#2958,#1139);
#982=LINE('',#2980,#1140);
#983=LINE('',#2981,#1141);
#984=LINE('',#3002,#1142);
#985=LINE('',#3005,#1143);
#986=LINE('',#3007,#1144);
#987=LINE('',#3009,#1145);
#988=LINE('',#3011,#1146);
#989=LINE('',#3014,#1147);
#990=LINE('',#3016,#1148);
#991=LINE('',#3018,#1149);
#992=LINE('',#3020,#1150);
#993=LINE('',#3021,#1151);
#994=LINE('',#3023,#1152);
#995=LINE('',#3025,#1153);
#996=LINE('',#3029,#1154);
#997=LINE('',#3032,#1155);
#998=LINE('',#3034,#1156);
#999=LINE('',#3036,#1157);
#1000=LINE('',#3038,#1158);
#1001=LINE('',#3041,#1159);
#1002=LINE('',#3043,#1160);
#1003=LINE('',#3045,#1161);
#1004=LINE('',#3047,#1162);
#1005=LINE('',#3048,#1163);
#1006=LINE('',#3050,#1164);
#1007=LINE('',#3052,#1165);
#1008=LINE('',#3072,#1166);
#1009=LINE('',#3075,#1167);
#1010=LINE('',#3077,#1168);
#1011=LINE('',#3079,#1169);
#1012=LINE('',#3081,#1170);
#1013=LINE('',#3083,#1171);
#1014=LINE('',#3085,#1172);
#1015=LINE('',#3087,#1173);
#1016=LINE('',#3089,#1174);
#1017=LINE('',#3091,#1175);
#1018=LINE('',#3093,#1176);
#1019=LINE('',#3095,#1177);
#1020=LINE('',#3097,#1178);
#1021=LINE('',#3099,#1179);
#1022=LINE('',#3101,#1180);
#1023=LINE('',#3103,#1181);
#1024=LINE('',#3105,#1182);
#1025=LINE('',#3107,#1183);
#1026=LINE('',#3111,#1184);
#1027=LINE('',#3114,#1185);
#1028=LINE('',#3116,#1186);
#1029=LINE('',#3118,#1187);
#1030=LINE('',#3120,#1188);
#1031=LINE('',#3123,#1189);
#1032=LINE('',#3124,#1190);
#1033=LINE('',#3126,#1191);
#1034=LINE('',#3128,#1192);
#1035=LINE('',#3130,#1193);
#1036=LINE('',#3133,#1194);
#1037=LINE('',#3134,#1195);
#1038=LINE('',#3136,#1196);
#1039=LINE('',#3139,#1197);
#1040=LINE('',#3141,#1198);
#1041=LINE('',#3143,#1199);
#1042=LINE('',#3145,#1200);
#1043=LINE('',#3146,#1201);
#1044=LINE('',#3147,#1202);
#1045=LINE('',#3150,#1203);
#1046=LINE('',#3153,#1204);
#1047=LINE('',#3154,#1205);
#1048=LINE('',#3156,#1206);
#1049=LINE('',#3157,#1207);
#1050=LINE('',#3162,#1208);
#1051=LINE('',#3165,#1209);
#1052=LINE('',#3167,#1210);
#1053=LINE('',#3169,#1211);
#1054=LINE('',#3171,#1212);
#1055=LINE('',#3173,#1213);
#1056=LINE('',#3175,#1214);
#1057=LINE('',#3178,#1215);
#1058=LINE('',#3180,#1216);
#1059=LINE('',#3182,#1217);
#1060=LINE('',#3184,#1218);
#1061=LINE('',#3186,#1219);
#1062=LINE('',#3188,#1220);
#1063=LINE('',#3189,#1221);
#1064=LINE('',#3191,#1222);
#1065=LINE('',#3193,#1223);
#1066=LINE('',#3195,#1224);
#1067=LINE('',#3197,#1225);
#1068=VECTOR('',#2182,1.);
#1069=VECTOR('',#2183,1.);
#1070=VECTOR('',#2184,1.);
#1071=VECTOR('',#2185,1.);
#1072=VECTOR('',#2188,1.);
#1073=VECTOR('',#2189,1.);
#1074=VECTOR('',#2190,1.);
#1075=VECTOR('',#2193,1.);
#1076=VECTOR('',#2194,1.);
#1077=VECTOR('',#2195,1.);
#1078=VECTOR('',#2234,1.);
#1079=VECTOR('',#2235,1.);
#1080=VECTOR('',#2238,1.);
#1081=VECTOR('',#2239,1.);
#1082=VECTOR('',#2240,1.);
#1083=VECTOR('',#2241,1.);
#1084=VECTOR('',#2286,1.);
#1085=VECTOR('',#2287,1.);
#1086=VECTOR('',#2290,1.);
#1087=VECTOR('',#2293,1.);
#1088=VECTOR('',#2300,1.);
#1089=VECTOR('',#2301,1.);
#1090=VECTOR('',#2302,1.);
#1091=VECTOR('',#2303,1.);
#1092=VECTOR('',#2306,1.);
#1093=VECTOR('',#2307,1.);
#1094=VECTOR('',#2308,1.);
#1095=VECTOR('',#2309,1.);
#1096=VECTOR('',#2312,1.);
#1097=VECTOR('',#2313,1.);
#1098=VECTOR('',#2314,1.);
#1099=VECTOR('',#2317,1.);
#1100=VECTOR('',#2318,1.);
#1101=VECTOR('',#2319,1.);
#1102=VECTOR('',#2322,1.);
#1103=VECTOR('',#2323,1.);
#1104=VECTOR('',#2326,1.);
#1105=VECTOR('',#2329,1.);
#1106=VECTOR('',#2348,1.);
#1107=VECTOR('',#2349,1.);
#1108=VECTOR('',#2350,1.);
#1109=VECTOR('',#2351,1.);
#1110=VECTOR('',#2354,1.);
#1111=VECTOR('',#2355,1.);
#1112=VECTOR('',#2356,1.);
#1113=VECTOR('',#2359,1.);
#1114=VECTOR('',#2360,1.);
#1115=VECTOR('',#2361,1.);
#1116=VECTOR('',#2364,1.);
#1117=VECTOR('',#2365,1.);
#1118=VECTOR('',#2386,1.);
#1119=VECTOR('',#2387,1.);
#1120=VECTOR('',#2388,1.);
#1121=VECTOR('',#2389,1.);
#1122=VECTOR('',#2392,1.);
#1123=VECTOR('',#2393,1.);
#1124=VECTOR('',#2394,1.);
#1125=VECTOR('',#2397,1.);
#1126=VECTOR('',#2398,1.);
#1127=VECTOR('',#2399,1.);
#1128=VECTOR('',#2402,1.);
#1129=VECTOR('',#2403,1.);
#1130=VECTOR('',#2442,1.);
#1131=VECTOR('',#2443,1.);
#1132=VECTOR('',#2444,1.);
#1133=VECTOR('',#2445,1.);
#1134=VECTOR('',#2448,1.);
#1135=VECTOR('',#2449,1.);
#1136=VECTOR('',#2450,1.);
#1137=VECTOR('',#2453,1.);
#1138=VECTOR('',#2454,1.);
#1139=VECTOR('',#2455,1.);
#1140=VECTOR('',#2482,1.);
#1141=VECTOR('',#2483,1.);
#1142=VECTOR('',#2512,1.);
#1143=VECTOR('',#2513,1.);
#1144=VECTOR('',#2514,1.);
#1145=VECTOR('',#2515,1.);
#1146=VECTOR('',#2518,1.);
#1147=VECTOR('',#2519,1.);
#1148=VECTOR('',#2520,1.);
#1149=VECTOR('',#2521,1.);
#1150=VECTOR('',#2524,1.);
#1151=VECTOR('',#2525,1.);
#1152=VECTOR('',#2528,1.);
#1153=VECTOR('',#2531,1.);
#1154=VECTOR('',#2538,1.);
#1155=VECTOR('',#2539,1.);
#1156=VECTOR('',#2540,1.);
#1157=VECTOR('',#2541,1.);
#1158=VECTOR('',#2544,1.);
#1159=VECTOR('',#2545,1.);
#1160=VECTOR('',#2546,1.);
#1161=VECTOR('',#2547,1.);
#1162=VECTOR('',#2550,1.);
#1163=VECTOR('',#2551,1.);
#1164=VECTOR('',#2554,1.);
#1165=VECTOR('',#2557,1.);
#1166=VECTOR('',#2588,1.);
#1167=VECTOR('',#2589,1.);
#1168=VECTOR('',#2590,1.);
#1169=VECTOR('',#2591,1.);
#1170=VECTOR('',#2592,1.);
#1171=VECTOR('',#2593,1.);
#1172=VECTOR('',#2596,1.);
#1173=VECTOR('',#2597,1.);
#1174=VECTOR('',#2598,1.);
#1175=VECTOR('',#2601,1.);
#1176=VECTOR('',#2602,1.);
#1177=VECTOR('',#2605,1.);
#1178=VECTOR('',#2606,1.);
#1179=VECTOR('',#2609,1.);
#1180=VECTOR('',#2610,1.);
#1181=VECTOR('',#2613,1.);
#1182=VECTOR('',#2614,1.);
#1183=VECTOR('',#2617,1.);
#1184=VECTOR('',#2624,1.);
#1185=VECTOR('',#2625,1.);
#1186=VECTOR('',#2626,1.);
#1187=VECTOR('',#2627,1.);
#1188=VECTOR('',#2630,1.);
#1189=VECTOR('',#2631,1.);
#1190=VECTOR('',#2632,1.);
#1191=VECTOR('',#2633,1.);
#1192=VECTOR('',#2634,1.);
#1193=VECTOR('',#2637,1.);
#1194=VECTOR('',#2638,1.);
#1195=VECTOR('',#2639,1.);
#1196=VECTOR('',#2642,1.);
#1197=VECTOR('',#2643,1.);
#1198=VECTOR('',#2644,1.);
#1199=VECTOR('',#2645,1.);
#1200=VECTOR('',#2648,1.);
#1201=VECTOR('',#2649,1.);
#1202=VECTOR('',#2650,1.);
#1203=VECTOR('',#2655,1.);
#1204=VECTOR('',#2656,1.);
#1205=VECTOR('',#2657,1.);
#1206=VECTOR('',#2660,1.);
#1207=VECTOR('',#2661,1.);
#1208=VECTOR('',#2670,1.);
#1209=VECTOR('',#2671,1.);
#1210=VECTOR('',#2672,1.);
#1211=VECTOR('',#2673,1.);
#1212=VECTOR('',#2674,1.);
#1213=VECTOR('',#2675,1.);
#1214=VECTOR('',#2678,1.);
#1215=VECTOR('',#2679,1.);
#1216=VECTOR('',#2680,1.);
#1217=VECTOR('',#2681,1.);
#1218=VECTOR('',#2682,1.);
#1219=VECTOR('',#2683,1.);
#1220=VECTOR('',#2686,1.);
#1221=VECTOR('',#2687,1.);
#1222=VECTOR('',#2690,1.);
#1223=VECTOR('',#2693,1.);
#1224=VECTOR('',#2696,1.);
#1225=VECTOR('',#2699,1.);
#1226=EDGE_LOOP('',(#124,#125,#126,#127));
#1227=EDGE_LOOP('',(#128,#129,#130,#131));
#1228=EDGE_LOOP('',(#132,#133,#134,#135));
#1229=EDGE_LOOP('',(#136));
#1230=EDGE_LOOP('',(#137));
#1231=EDGE_LOOP('',(#138));
#1232=EDGE_LOOP('',(#139));
#1233=EDGE_LOOP('',(#140));
#1234=EDGE_LOOP('',(#141));
#1235=EDGE_LOOP('',(#142));
#1236=EDGE_LOOP('',(#143));
#1237=EDGE_LOOP('',(#144));
#1238=EDGE_LOOP('',(#145));
#1239=EDGE_LOOP('',(#146));
#1240=EDGE_LOOP('',(#147));
#1241=EDGE_LOOP('',(#148,#149,#150,#151));
#1242=EDGE_LOOP('',(#152,#153,#154,#155));
#1243=EDGE_LOOP('',(#156));
#1244=EDGE_LOOP('',(#157));
#1245=EDGE_LOOP('',(#158));
#1246=EDGE_LOOP('',(#159));
#1247=EDGE_LOOP('',(#160));
#1248=EDGE_LOOP('',(#161));
#1249=EDGE_LOOP('',(#162));
#1250=EDGE_LOOP('',(#163));
#1251=EDGE_LOOP('',(#164));
#1252=EDGE_LOOP('',(#165));
#1253=EDGE_LOOP('',(#166,#167,#168,#169));
#1254=EDGE_LOOP('',(#170));
#1255=EDGE_LOOP('',(#171));
#1256=EDGE_LOOP('',(#172));
#1257=EDGE_LOOP('',(#173));
#1258=EDGE_LOOP('',(#174));
#1259=EDGE_LOOP('',(#175));
#1260=EDGE_LOOP('',(#176));
#1261=EDGE_LOOP('',(#177));
#1262=EDGE_LOOP('',(#178));
#1263=EDGE_LOOP('',(#179));
#1264=EDGE_LOOP('',(#180));
#1265=EDGE_LOOP('',(#181));
#1266=EDGE_LOOP('',(#182));
#1267=EDGE_LOOP('',(#183));
#1268=EDGE_LOOP('',(#184));
#1269=EDGE_LOOP('',(#185));
#1270=EDGE_LOOP('',(#186));
#1271=EDGE_LOOP('',(#187));
#1272=EDGE_LOOP('',(#188));
#1273=EDGE_LOOP('',(#189));
#1274=EDGE_LOOP('',(#190));
#1275=EDGE_LOOP('',(#191));
#1276=EDGE_LOOP('',(#192));
#1277=EDGE_LOOP('',(#193));
#1278=EDGE_LOOP('',(#194));
#1279=EDGE_LOOP('',(#195));
#1280=EDGE_LOOP('',(#196,#197,#198,#199));
#1281=EDGE_LOOP('',(#200,#201,#202,#203));
#1282=EDGE_LOOP('',(#204,#205,#206,#207));
#1283=EDGE_LOOP('',(#208,#209,#210,#211));
#1284=EDGE_LOOP('',(#212,#213,#214,#215));
#1285=EDGE_LOOP('',(#216,#217,#218,#219));
#1286=EDGE_LOOP('',(#220,#221,#222,#223));
#1287=EDGE_LOOP('',(#224,#225,#226,#227));
#1288=EDGE_LOOP('',(#228,#229,#230,#231));
#1289=EDGE_LOOP('',(#232,#233,#234,#235,#236,#237));
#1290=EDGE_LOOP('',(#238,#239,#240,#241,#242,#243));
#1291=EDGE_LOOP('',(#244,#245,#246,#247));
#1292=EDGE_LOOP('',(#248));
#1293=EDGE_LOOP('',(#249));
#1294=EDGE_LOOP('',(#250));
#1295=EDGE_LOOP('',(#251));
#1296=EDGE_LOOP('',(#252,#253,#254,#255));
#1297=EDGE_LOOP('',(#256,#257,#258,#259));
#1298=EDGE_LOOP('',(#260,#261,#262,#263));
#1299=EDGE_LOOP('',(#264,#265,#266,#267));
#1300=EDGE_LOOP('',(#268,#269,#270,#271));
#1301=EDGE_LOOP('',(#272,#273,#274,#275));
#1302=EDGE_LOOP('',(#276));
#1303=EDGE_LOOP('',(#277));
#1304=EDGE_LOOP('',(#278));
#1305=EDGE_LOOP('',(#279));
#1306=EDGE_LOOP('',(#280,#281,#282,#283));
#1307=EDGE_LOOP('',(#284,#285,#286,#287));
#1308=EDGE_LOOP('',(#288,#289,#290,#291));
#1309=EDGE_LOOP('',(#292,#293,#294,#295));
#1310=EDGE_LOOP('',(#296,#297,#298,#299));
#1311=EDGE_LOOP('',(#300,#301,#302,#303));
#1312=EDGE_LOOP('',(#304));
#1313=EDGE_LOOP('',(#305));
#1314=EDGE_LOOP('',(#306));
#1315=EDGE_LOOP('',(#307));
#1316=EDGE_LOOP('',(#308));
#1317=EDGE_LOOP('',(#309));
#1318=EDGE_LOOP('',(#310));
#1319=EDGE_LOOP('',(#311));
#1320=EDGE_LOOP('',(#312));
#1321=EDGE_LOOP('',(#313));
#1322=EDGE_LOOP('',(#314,#315,#316,#317));
#1323=EDGE_LOOP('',(#318,#319,#320,#321));
#1324=EDGE_LOOP('',(#322,#323,#324,#325));
#1325=EDGE_LOOP('',(#326));
#1326=EDGE_LOOP('',(#327));
#1327=EDGE_LOOP('',(#328));
#1328=EDGE_LOOP('',(#329));
#1329=EDGE_LOOP('',(#330));
#1330=EDGE_LOOP('',(#331));
#1331=EDGE_LOOP('',(#332));
#1332=EDGE_LOOP('',(#333));
#1333=EDGE_LOOP('',(#334,#335,#336,#337));
#1334=EDGE_LOOP('',(#338));
#1335=EDGE_LOOP('',(#339));
#1336=EDGE_LOOP('',(#340));
#1337=EDGE_LOOP('',(#341));
#1338=EDGE_LOOP('',(#342));
#1339=EDGE_LOOP('',(#343,#344,#345,#346));
#1340=EDGE_LOOP('',(#347));
#1341=EDGE_LOOP('',(#348));
#1342=EDGE_LOOP('',(#349));
#1343=EDGE_LOOP('',(#350));
#1344=EDGE_LOOP('',(#351));
#1345=EDGE_LOOP('',(#352));
#1346=EDGE_LOOP('',(#353));
#1347=EDGE_LOOP('',(#354));
#1348=EDGE_LOOP('',(#355,#356,#357,#358));
#1349=EDGE_LOOP('',(#359));
#1350=EDGE_LOOP('',(#360));
#1351=EDGE_LOOP('',(#361));
#1352=EDGE_LOOP('',(#362));
#1353=EDGE_LOOP('',(#363));
#1354=EDGE_LOOP('',(#364));
#1355=EDGE_LOOP('',(#365));
#1356=EDGE_LOOP('',(#366));
#1357=EDGE_LOOP('',(#367));
#1358=EDGE_LOOP('',(#368,#369,#370,#371));
#1359=EDGE_LOOP('',(#372,#373,#374,#375));
#1360=EDGE_LOOP('',(#376,#377,#378,#379));
#1361=EDGE_LOOP('',(#380,#381,#382,#383));
#1362=EDGE_LOOP('',(#384,#385,#386,#387));
#1363=EDGE_LOOP('',(#388,#389,#390,#391));
#1364=EDGE_LOOP('',(#392,#393,#394,#395));
#1365=EDGE_LOOP('',(#396,#397,#398,#399));
#1366=EDGE_LOOP('',(#400,#401,#402,#403));
#1367=EDGE_LOOP('',(#404,#405,#406,#407));
#1368=EDGE_LOOP('',(#408,#409,#410,#411));
#1369=EDGE_LOOP('',(#412,#413,#414,#415));
#1370=EDGE_LOOP('',(#416));
#1371=EDGE_LOOP('',(#417));
#1372=EDGE_LOOP('',(#418));
#1373=EDGE_LOOP('',(#419));
#1374=EDGE_LOOP('',(#420));
#1375=EDGE_LOOP('',(#421));
#1376=EDGE_LOOP('',(#422));
#1377=EDGE_LOOP('',(#423));
#1378=EDGE_LOOP('',(#424,#425,#426,#427,#428,#429));
#1379=EDGE_LOOP('',(#430,#431,#432,#433));
#1380=EDGE_LOOP('',(#434,#435,#436,#437));
#1381=EDGE_LOOP('',(#438,#439,#440,#441));
#1382=EDGE_LOOP('',(#442,#443,#444,#445));
#1383=EDGE_LOOP('',(#446,#447,#448,#449));
#1384=EDGE_LOOP('',(#450,#451,#452,#453));
#1385=EDGE_LOOP('',(#454,#455,#456,#457,#458,#459));
#1386=EDGE_LOOP('',(#460,#461,#462,#463));
#1387=EDGE_LOOP('',(#464,#465,#466,#467,#468,#469));
#1388=EDGE_LOOP('',(#470,#471,#472,#473));
#1389=EDGE_LOOP('',(#474,#475,#476,#477));
#1390=EDGE_LOOP('',(#478,#479,#480,#481,#482,#483));
#1391=EDGE_LOOP('',(#484,#485,#486,#487));
#1392=EDGE_LOOP('',(#488,#489,#490,#491));
#1393=EDGE_LOOP('',(#492,#493,#494,#495));
#1394=EDGE_LOOP('',(#496,#497,#498,#499,#500,#501));
#1395=EDGE_LOOP('',(#502,#503,#504,#505,#506,#507));
#1396=EDGE_LOOP('',(#508,#509,#510,#511,#512,#513));
#1397=EDGE_LOOP('',(#514,#515,#516,#517,#518,#519));
#1398=EDGE_LOOP('',(#520,#521,#522,#523));
#1399=EDGE_LOOP('',(#524,#525,#526,#527));
#1400=EDGE_LOOP('',(#528,#529,#530,#531));
#1401=EDGE_LOOP('',(#532,#533,#534,#535));
#1402=EDGE_LOOP('',(#536,#537,#538,#539));
#1403=EDGE_LOOP('',(#540,#541,#542,#543));
#1404=FACE_BOUND('',#1226,.T.);
#1405=FACE_BOUND('',#1227,.T.);
#1406=FACE_BOUND('',#1228,.T.);
#1407=FACE_BOUND('',#1229,.T.);
#1408=FACE_BOUND('',#1230,.T.);
#1409=FACE_BOUND('',#1231,.T.);
#1410=FACE_BOUND('',#1232,.T.);
#1411=FACE_BOUND('',#1233,.T.);
#1412=FACE_BOUND('',#1234,.T.);
#1413=FACE_BOUND('',#1235,.T.);
#1414=FACE_BOUND('',#1236,.T.);
#1415=FACE_BOUND('',#1237,.T.);
#1416=FACE_BOUND('',#1238,.T.);
#1417=FACE_BOUND('',#1239,.T.);
#1418=FACE_BOUND('',#1240,.T.);
#1419=FACE_BOUND('',#1241,.T.);
#1420=FACE_BOUND('',#1242,.T.);
#1421=FACE_BOUND('',#1243,.T.);
#1422=FACE_BOUND('',#1244,.T.);
#1423=FACE_BOUND('',#1245,.T.);
#1424=FACE_BOUND('',#1246,.T.);
#1425=FACE_BOUND('',#1247,.T.);
#1426=FACE_BOUND('',#1248,.T.);
#1427=FACE_BOUND('',#1249,.T.);
#1428=FACE_BOUND('',#1250,.T.);
#1429=FACE_BOUND('',#1251,.T.);
#1430=FACE_BOUND('',#1252,.T.);
#1431=FACE_BOUND('',#1253,.T.);
#1432=FACE_BOUND('',#1254,.T.);
#1433=FACE_BOUND('',#1255,.T.);
#1434=FACE_BOUND('',#1256,.T.);
#1435=FACE_BOUND('',#1257,.T.);
#1436=FACE_BOUND('',#1258,.T.);
#1437=FACE_BOUND('',#1259,.T.);
#1438=FACE_BOUND('',#1260,.T.);
#1439=FACE_BOUND('',#1261,.T.);
#1440=FACE_BOUND('',#1262,.T.);
#1441=FACE_BOUND('',#1263,.T.);
#1442=FACE_BOUND('',#1264,.T.);
#1443=FACE_BOUND('',#1265,.T.);
#1444=FACE_BOUND('',#1266,.T.);
#1445=FACE_BOUND('',#1267,.T.);
#1446=FACE_BOUND('',#1268,.T.);
#1447=FACE_BOUND('',#1269,.T.);
#1448=FACE_BOUND('',#1270,.T.);
#1449=FACE_BOUND('',#1271,.T.);
#1450=FACE_BOUND('',#1272,.T.);
#1451=FACE_BOUND('',#1273,.T.);
#1452=FACE_BOUND('',#1274,.T.);
#1453=FACE_BOUND('',#1275,.T.);
#1454=FACE_BOUND('',#1276,.T.);
#1455=FACE_BOUND('',#1277,.T.);
#1456=FACE_BOUND('',#1278,.T.);
#1457=FACE_BOUND('',#1279,.T.);
#1458=FACE_BOUND('',#1280,.T.);
#1459=FACE_BOUND('',#1281,.T.);
#1460=FACE_BOUND('',#1282,.T.);
#1461=FACE_BOUND('',#1283,.T.);
#1462=FACE_BOUND('',#1284,.T.);
#1463=FACE_BOUND('',#1285,.T.);
#1464=FACE_BOUND('',#1286,.T.);
#1465=FACE_BOUND('',#1287,.T.);
#1466=FACE_BOUND('',#1288,.T.);
#1467=FACE_BOUND('',#1289,.T.);
#1468=FACE_BOUND('',#1290,.T.);
#1469=FACE_BOUND('',#1291,.T.);
#1470=FACE_BOUND('',#1292,.T.);
#1471=FACE_BOUND('',#1293,.T.);
#1472=FACE_BOUND('',#1294,.T.);
#1473=FACE_BOUND('',#1295,.T.);
#1474=FACE_BOUND('',#1296,.T.);
#1475=FACE_BOUND('',#1297,.T.);
#1476=FACE_BOUND('',#1298,.T.);
#1477=FACE_BOUND('',#1299,.T.);
#1478=FACE_BOUND('',#1300,.T.);
#1479=FACE_BOUND('',#1301,.T.);
#1480=FACE_BOUND('',#1302,.T.);
#1481=FACE_BOUND('',#1303,.T.);
#1482=FACE_BOUND('',#1304,.T.);
#1483=FACE_BOUND('',#1305,.T.);
#1484=FACE_BOUND('',#1306,.T.);
#1485=FACE_BOUND('',#1307,.T.);
#1486=FACE_BOUND('',#1308,.T.);
#1487=FACE_BOUND('',#1309,.T.);
#1488=FACE_BOUND('',#1310,.T.);
#1489=FACE_BOUND('',#1311,.T.);
#1490=FACE_BOUND('',#1312,.T.);
#1491=FACE_BOUND('',#1313,.T.);
#1492=FACE_BOUND('',#1314,.T.);
#1493=FACE_BOUND('',#1315,.T.);
#1494=FACE_BOUND('',#1316,.T.);
#1495=FACE_BOUND('',#1317,.T.);
#1496=FACE_BOUND('',#1318,.T.);
#1497=FACE_BOUND('',#1319,.T.);
#1498=FACE_BOUND('',#1320,.T.);
#1499=FACE_BOUND('',#1321,.T.);
#1500=FACE_BOUND('',#1322,.T.);
#1501=FACE_BOUND('',#1323,.T.);
#1502=FACE_BOUND('',#1324,.T.);
#1503=FACE_BOUND('',#1325,.T.);
#1504=FACE_BOUND('',#1326,.T.);
#1505=FACE_BOUND('',#1327,.T.);
#1506=FACE_BOUND('',#1328,.T.);
#1507=FACE_BOUND('',#1329,.T.);
#1508=FACE_BOUND('',#1330,.T.);
#1509=FACE_BOUND('',#1331,.T.);
#1510=FACE_BOUND('',#1332,.T.);
#1511=FACE_BOUND('',#1333,.T.);
#1512=FACE_BOUND('',#1334,.T.);
#1513=FACE_BOUND('',#1335,.T.);
#1514=FACE_BOUND('',#1336,.T.);
#1515=FACE_BOUND('',#1337,.T.);
#1516=FACE_BOUND('',#1338,.T.);
#1517=FACE_BOUND('',#1339,.T.);
#1518=FACE_BOUND('',#1340,.T.);
#1519=FACE_BOUND('',#1341,.T.);
#1520=FACE_BOUND('',#1342,.T.);
#1521=FACE_BOUND('',#1343,.T.);
#1522=FACE_BOUND('',#1344,.T.);
#1523=FACE_BOUND('',#1345,.T.);
#1524=FACE_BOUND('',#1346,.T.);
#1525=FACE_BOUND('',#1347,.T.);
#1526=FACE_BOUND('',#1348,.T.);
#1527=FACE_BOUND('',#1349,.T.);
#1528=FACE_BOUND('',#1350,.T.);
#1529=FACE_BOUND('',#1351,.T.);
#1530=FACE_BOUND('',#1352,.T.);
#1531=FACE_BOUND('',#1353,.T.);
#1532=FACE_BOUND('',#1354,.T.);
#1533=FACE_BOUND('',#1355,.T.);
#1534=FACE_BOUND('',#1356,.T.);
#1535=FACE_BOUND('',#1357,.T.);
#1536=FACE_BOUND('',#1358,.T.);
#1537=FACE_BOUND('',#1359,.T.);
#1538=FACE_BOUND('',#1360,.T.);
#1539=FACE_BOUND('',#1361,.T.);
#1540=FACE_BOUND('',#1362,.T.);
#1541=FACE_BOUND('',#1363,.T.);
#1542=FACE_BOUND('',#1364,.T.);
#1543=FACE_BOUND('',#1365,.T.);
#1544=FACE_BOUND('',#1366,.T.);
#1545=FACE_BOUND('',#1367,.T.);
#1546=FACE_BOUND('',#1368,.T.);
#1547=FACE_BOUND('',#1369,.T.);
#1548=FACE_BOUND('',#1370,.T.);
#1549=FACE_BOUND('',#1371,.T.);
#1550=FACE_BOUND('',#1372,.T.);
#1551=FACE_BOUND('',#1373,.T.);
#1552=FACE_BOUND('',#1374,.T.);
#1553=FACE_BOUND('',#1375,.T.);
#1554=FACE_BOUND('',#1376,.T.);
#1555=FACE_BOUND('',#1377,.T.);
#1556=FACE_BOUND('',#1378,.T.);
#1557=FACE_BOUND('',#1379,.T.);
#1558=FACE_BOUND('',#1380,.T.);
#1559=FACE_BOUND('',#1381,.T.);
#1560=FACE_BOUND('',#1382,.T.);
#1561=FACE_BOUND('',#1383,.T.);
#1562=FACE_BOUND('',#1384,.T.);
#1563=FACE_BOUND('',#1385,.T.);
#1564=FACE_BOUND('',#1386,.T.);
#1565=FACE_BOUND('',#1387,.T.);
#1566=FACE_BOUND('',#1388,.T.);
#1567=FACE_BOUND('',#1389,.T.);
#1568=FACE_BOUND('',#1390,.T.);
#1569=FACE_BOUND('',#1391,.T.);
#1570=FACE_BOUND('',#1392,.T.);
#1571=FACE_BOUND('',#1393,.T.);
#1572=FACE_BOUND('',#1394,.T.);
#1573=FACE_BOUND('',#1395,.T.);
#1574=FACE_BOUND('',#1396,.T.);
#1575=FACE_BOUND('',#1397,.T.);
#1576=FACE_BOUND('',#1398,.T.);
#1577=FACE_BOUND('',#1399,.T.);
#1578=FACE_BOUND('',#1400,.T.);
#1579=FACE_BOUND('',#1401,.T.);
#1580=FACE_BOUND('',#1402,.T.);
#1581=FACE_BOUND('',#1403,.T.);
#1582=PLANE('',#1996);
#1583=PLANE('',#1997);
#1584=PLANE('',#1998);
#1585=PLANE('',#2017);
#1586=PLANE('',#2018);
#1587=PLANE('',#2019);
#1588=PLANE('',#2028);
#1589=PLANE('',#2039);
#1590=PLANE('',#2040);
#1591=PLANE('',#2041);
#1592=PLANE('',#2042);
#1593=PLANE('',#2043);
#1594=PLANE('',#2045);
#1595=PLANE('',#2046);
#1596=PLANE('',#2047);
#1597=PLANE('',#2048);
#1598=PLANE('',#2049);
#1599=PLANE('',#2050);
#1600=PLANE('',#2051);
#1601=PLANE('',#2052);
#1602=PLANE('',#2057);
#1603=PLANE('',#2058);
#1604=PLANE('',#2060);
#1605=PLANE('',#2061);
#1606=PLANE('',#2062);
#1607=PLANE('',#2063);
#1608=PLANE('',#2064);
#1609=PLANE('',#2065);
#1610=PLANE('',#2070);
#1611=PLANE('',#2071);
#1612=PLANE('',#2073);
#1613=PLANE('',#2074);
#1614=PLANE('',#2075);
#1615=PLANE('',#2076);
#1616=PLANE('',#2077);
#1617=PLANE('',#2078);
#1618=PLANE('',#2083);
#1619=PLANE('',#2084);
#1620=PLANE('',#2089);
#1621=PLANE('',#2090);
#1622=PLANE('',#2095);
#1623=PLANE('',#2096);
#1624=PLANE('',#2097);
#1625=PLANE('',#2110);
#1626=PLANE('',#2117);
#1627=PLANE('',#2118);
#1628=PLANE('',#2122);
#1629=PLANE('',#2124);
#1630=PLANE('',#2125);
#1631=PLANE('',#2126);
#1632=PLANE('',#2127);
#1633=PLANE('',#2128);
#1634=PLANE('',#2129);
#1635=PLANE('',#2131);
#1636=PLANE('',#2132);
#1637=PLANE('',#2133);
#1638=PLANE('',#2134);
#1639=PLANE('',#2135);
#1640=PLANE('',#2136);
#1641=PLANE('',#2141);
#1642=PLANE('',#2142);
#1643=PLANE('',#2147);
#1644=PLANE('',#2148);
#1645=PLANE('',#2150);
#1646=PLANE('',#2151);
#1647=PLANE('',#2152);
#1648=PLANE('',#2153);
#1649=PLANE('',#2154);
#1650=PLANE('',#2155);
#1651=PLANE('',#2156);
#1652=PLANE('',#2157);
#1653=PLANE('',#2159);
#1654=PLANE('',#2160);
#1655=PLANE('',#2161);
#1656=PLANE('',#2162);
#1657=PLANE('',#2163);
#1658=PLANE('',#2164);
#1659=PLANE('',#2165);
#1660=PLANE('',#2166);
#1661=PLANE('',#2167);
#1662=PLANE('',#2168);
#1663=PLANE('',#2170);
#1664=PLANE('',#2171);
#1665=PLANE('',#2172);
#1666=PLANE('',#2173);
#1667=PLANE('',#2174);
#1668=PLANE('',#2175);
#1669=PLANE('',#2176);
#1670=PLANE('',#2177);
#1671=ADVANCED_FACE('',(#1404),#1582,.F.);
#1672=ADVANCED_FACE('',(#1405),#1583,.F.);
#1673=ADVANCED_FACE('',(#1406),#1584,.F.);
#1674=ADVANCED_FACE('',(#1407,#1408),#98,.F.);
#1675=ADVANCED_FACE('',(#1409,#1410),#99,.F.);
#1676=ADVANCED_FACE('',(#1411,#1412),#100,.F.);
#1677=ADVANCED_FACE('',(#1413,#1414),#101,.F.);
#1678=ADVANCED_FACE('',(#1415,#1416),#102,.F.);
#1679=ADVANCED_FACE('',(#1417,#1418),#103,.F.);
#1680=ADVANCED_FACE('',(#1419),#1585,.F.);
#1681=ADVANCED_FACE('',(#1420,#1421,#1422,#1423,#1424,#1425,#1426),#1586,
 .T.);
#1682=ADVANCED_FACE('',(#1427,#1428,#1429,#1430,#1431,#1432,#1433,#1434,
#1435,#1436,#1437),#1587,.F.);
#1683=ADVANCED_FACE('',(#1438,#1439),#104,.F.);
#1684=ADVANCED_FACE('',(#1440,#1441),#1588,.T.);
#1685=ADVANCED_FACE('',(#1442,#1443),#105,.F.);
#1686=ADVANCED_FACE('',(#1444,#1445),#106,.F.);
#1687=ADVANCED_FACE('',(#1446,#1447),#107,.F.);
#1688=ADVANCED_FACE('',(#1448,#1449),#108,.F.);
#1689=ADVANCED_FACE('',(#1450,#1451),#109,.F.);
#1690=ADVANCED_FACE('',(#1452,#1453,#1454,#1455,#1456,#1457),#1589,.T.);
#1691=ADVANCED_FACE('',(#1458),#1590,.T.);
#1692=ADVANCED_FACE('',(#1459),#1591,.T.);
#1693=ADVANCED_FACE('',(#1460),#1592,.T.);
#1694=ADVANCED_FACE('',(#1461),#1593,.T.);
#1695=ADVANCED_FACE('',(#1462),#1594,.F.);
#1696=ADVANCED_FACE('Face appearance 1',(#1463),#1595,.T.);
#1697=ADVANCED_FACE('',(#1464),#1596,.T.);
#1698=ADVANCED_FACE('',(#1465),#1597,.T.);
#1699=ADVANCED_FACE('',(#1466),#1598,.T.);
#1700=ADVANCED_FACE('',(#1467),#1599,.T.);
#1701=ADVANCED_FACE('',(#1468),#1600,.F.);
#1702=ADVANCED_FACE('',(#1469),#1601,.F.);
#1703=ADVANCED_FACE('',(#1470,#1471),#110,.T.);
#1704=ADVANCED_FACE('',(#1472),#1602,.F.);
#1705=ADVANCED_FACE('',(#1473),#1603,.T.);
#1706=ADVANCED_FACE('',(#1474),#1604,.T.);
#1707=ADVANCED_FACE('',(#1475),#1605,.F.);
#1708=ADVANCED_FACE('',(#1476),#1606,.F.);
#1709=ADVANCED_FACE('',(#1477),#1607,.T.);
#1710=ADVANCED_FACE('',(#1478),#1608,.T.);
#1711=ADVANCED_FACE('',(#1479),#1609,.F.);
#1712=ADVANCED_FACE('',(#1480,#1481),#111,.T.);
#1713=ADVANCED_FACE('',(#1482),#1610,.F.);
#1714=ADVANCED_FACE('',(#1483),#1611,.T.);
#1715=ADVANCED_FACE('',(#1484),#1612,.T.);
#1716=ADVANCED_FACE('',(#1485),#1613,.F.);
#1717=ADVANCED_FACE('',(#1486),#1614,.F.);
#1718=ADVANCED_FACE('',(#1487),#1615,.T.);
#1719=ADVANCED_FACE('',(#1488),#1616,.T.);
#1720=ADVANCED_FACE('',(#1489),#1617,.F.);
#1721=ADVANCED_FACE('',(#1490,#1491),#112,.T.);
#1722=ADVANCED_FACE('',(#1492),#1618,.F.);
#1723=ADVANCED_FACE('',(#1493),#1619,.T.);
#1724=ADVANCED_FACE('',(#1494,#1495),#113,.T.);
#1725=ADVANCED_FACE('',(#1496),#1620,.F.);
#1726=ADVANCED_FACE('',(#1497),#1621,.T.);
#1727=ADVANCED_FACE('',(#1498,#1499),#114,.F.);
#1728=ADVANCED_FACE('',(#1500),#1622,.F.);
#1729=ADVANCED_FACE('',(#1501),#1623,.F.);
#1730=ADVANCED_FACE('',(#1502),#1624,.F.);
#1731=ADVANCED_FACE('',(#1503,#1504),#115,.F.);
#1732=ADVANCED_FACE('',(#1505,#1506),#116,.F.);
#1733=ADVANCED_FACE('',(#1507,#1508),#117,.F.);
#1734=ADVANCED_FACE('',(#1509,#1510),#118,.F.);
#1735=ADVANCED_FACE('',(#1511),#1625,.F.);
#1736=ADVANCED_FACE('',(#1512,#1513),#119,.F.);
#1737=ADVANCED_FACE('',(#1514,#1515),#120,.F.);
#1738=ADVANCED_FACE('',(#1516,#1517,#1518,#1519,#1520,#1521,#1522,#1523),
#1626,.T.);
#1739=ADVANCED_FACE('',(#1524,#1525,#1526,#1527,#1528,#1529,#1530,#1531),
#1627,.F.);
#1740=ADVANCED_FACE('',(#1532,#1533),#121,.F.);
#1741=ADVANCED_FACE('',(#1534,#1535),#1628,.T.);
#1742=ADVANCED_FACE('',(#1536),#1629,.F.);
#1743=ADVANCED_FACE('',(#1537),#1630,.F.);
#1744=ADVANCED_FACE('',(#1538),#1631,.F.);
#1745=ADVANCED_FACE('',(#1539),#1632,.T.);
#1746=ADVANCED_FACE('',(#1540),#1633,.F.);
#1747=ADVANCED_FACE('',(#1541),#1634,.T.);
#1748=ADVANCED_FACE('',(#1542),#1635,.F.);
#1749=ADVANCED_FACE('',(#1543),#1636,.F.);
#1750=ADVANCED_FACE('',(#1544),#1637,.F.);
#1751=ADVANCED_FACE('',(#1545),#1638,.T.);
#1752=ADVANCED_FACE('',(#1546),#1639,.F.);
#1753=ADVANCED_FACE('',(#1547),#1640,.T.);
#1754=ADVANCED_FACE('',(#1548,#1549),#122,.T.);
#1755=ADVANCED_FACE('',(#1550),#1641,.F.);
#1756=ADVANCED_FACE('',(#1551),#1642,.T.);
#1757=ADVANCED_FACE('',(#1552,#1553),#123,.T.);
#1758=ADVANCED_FACE('',(#1554),#1643,.F.);
#1759=ADVANCED_FACE('',(#1555),#1644,.T.);
#1760=ADVANCED_FACE('',(#1556),#1645,.F.);
#1761=ADVANCED_FACE('',(#1557),#1646,.T.);
#1762=ADVANCED_FACE('',(#1558),#1647,.T.);
#1763=ADVANCED_FACE('',(#1559),#1648,.T.);
#1764=ADVANCED_FACE('Face appearance 1',(#1560),#1649,.T.);
#1765=ADVANCED_FACE('',(#1561),#1650,.T.);
#1766=ADVANCED_FACE('',(#1562),#1651,.T.);
#1767=ADVANCED_FACE('',(#1563),#1652,.F.);
#1768=ADVANCED_FACE('',(#1564),#1653,.T.);
#1769=ADVANCED_FACE('',(#1565),#1654,.F.);
#1770=ADVANCED_FACE('',(#1566),#1655,.F.);
#1771=ADVANCED_FACE('Face appearance 1',(#1567),#1656,.T.);
#1772=ADVANCED_FACE('',(#1568),#1657,.T.);
#1773=ADVANCED_FACE('',(#1569),#1658,.F.);
#1774=ADVANCED_FACE('',(#1570),#1659,.T.);
#1775=ADVANCED_FACE('',(#1571),#1660,.T.);
#1776=ADVANCED_FACE('',(#1572),#1661,.T.);
#1777=ADVANCED_FACE('',(#1573),#1662,.F.);
#1778=ADVANCED_FACE('',(#1574),#1663,.F.);
#1779=ADVANCED_FACE('',(#1575),#1664,.F.);
#1780=ADVANCED_FACE('',(#1576),#1665,.T.);
#1781=ADVANCED_FACE('',(#1577),#1666,.T.);
#1782=ADVANCED_FACE('Face appearance 1',(#1578),#1667,.T.);
#1783=ADVANCED_FACE('',(#1579),#1668,.T.);
#1784=ADVANCED_FACE('',(#1580),#1669,.T.);
#1785=ADVANCED_FACE('',(#1581),#1670,.T.);
#1786=CLOSED_SHELL('',(#1671,#1672,#1673,#1674,#1675,#1676,#1677,#1678,
#1679,#1680,#1681,#1682,#1683,#1684,#1685,#1686,#1687,#1688,#1689,#1690,
#1691,#1692,#1693,#1694));
#1787=CLOSED_SHELL('',(#1695,#1696,#1697,#1698,#1699,#1700,#1701,#1702));
#1788=CLOSED_SHELL('',(#1703,#1704,#1705));
#1789=CLOSED_SHELL('',(#1706,#1707,#1708,#1709,#1710,#1711));
#1790=CLOSED_SHELL('',(#1712,#1713,#1714));
#1791=CLOSED_SHELL('',(#1715,#1716,#1717,#1718,#1719,#1720));
#1792=CLOSED_SHELL('',(#1721,#1722,#1723));
#1793=CLOSED_SHELL('',(#1724,#1725,#1726));
#1794=CLOSED_SHELL('',(#1727,#1728,#1729,#1730,#1731,#1732,#1733,#1734,
#1735,#1736,#1737,#1738,#1739,#1740,#1741));
#1795=CLOSED_SHELL('',(#1742,#1743,#1744,#1745,#1746,#1747));
#1796=CLOSED_SHELL('',(#1748,#1749,#1750,#1751,#1752,#1753));
#1797=CLOSED_SHELL('',(#1754,#1755,#1756));
#1798=CLOSED_SHELL('',(#1757,#1758,#1759));
#1799=CLOSED_SHELL('',(#1760,#1761,#1762,#1763,#1764,#1765,#1766,#1767));
#1800=CLOSED_SHELL('',(#1768,#1769,#1770,#1771,#1772,#1773,#1774,#1775,
#1776,#1777));
#1801=CLOSED_SHELL('',(#1778,#1779,#1780,#1781,#1782,#1783,#1784,#1785));
#1802=STYLED_ITEM('',(#1818),#1947);
#1803=STYLED_ITEM('',(#1819),#1948);
#1804=STYLED_ITEM('',(#1821),#1949);
#1805=STYLED_ITEM('',(#1822),#1950);
#1806=STYLED_ITEM('',(#1823),#1951);
#1807=STYLED_ITEM('',(#1824),#1952);
#1808=STYLED_ITEM('',(#1825),#1953);
#1809=STYLED_ITEM('',(#1826),#1954);
#1810=STYLED_ITEM('',(#1827),#1955);
#1811=STYLED_ITEM('',(#1828),#1956);
#1812=STYLED_ITEM('',(#1829),#1957);
#1813=STYLED_ITEM('',(#1830),#1958);
#1814=STYLED_ITEM('',(#1831),#1959);
#1815=STYLED_ITEM('',(#1832),#1960);
#1816=STYLED_ITEM('',(#1834),#1961);
#1817=STYLED_ITEM('',(#1836),#1962);
#1818=PRESENTATION_STYLE_ASSIGNMENT((#1838));
#1819=PRESENTATION_STYLE_ASSIGNMENT((#1839));
#1820=PRESENTATION_STYLE_ASSIGNMENT((#1840));
#1821=PRESENTATION_STYLE_ASSIGNMENT((#1841));
#1822=PRESENTATION_STYLE_ASSIGNMENT((#1842));
#1823=PRESENTATION_STYLE_ASSIGNMENT((#1843));
#1824=PRESENTATION_STYLE_ASSIGNMENT((#1844));
#1825=PRESENTATION_STYLE_ASSIGNMENT((#1845));
#1826=PRESENTATION_STYLE_ASSIGNMENT((#1846));
#1827=PRESENTATION_STYLE_ASSIGNMENT((#1847));
#1828=PRESENTATION_STYLE_ASSIGNMENT((#1848));
#1829=PRESENTATION_STYLE_ASSIGNMENT((#1849));
#1830=PRESENTATION_STYLE_ASSIGNMENT((#1850));
#1831=PRESENTATION_STYLE_ASSIGNMENT((#1851));
#1832=PRESENTATION_STYLE_ASSIGNMENT((#1852));
#1833=PRESENTATION_STYLE_ASSIGNMENT((#1853));
#1834=PRESENTATION_STYLE_ASSIGNMENT((#1854));
#1835=PRESENTATION_STYLE_ASSIGNMENT((#1855));
#1836=PRESENTATION_STYLE_ASSIGNMENT((#1856));
#1837=PRESENTATION_STYLE_ASSIGNMENT((#1857));
#1838=SURFACE_STYLE_USAGE(.BOTH.,#1858);
#1839=SURFACE_STYLE_USAGE(.BOTH.,#1859);
#1840=SURFACE_STYLE_USAGE(.BOTH.,#1860);
#1841=SURFACE_STYLE_USAGE(.BOTH.,#1861);
#1842=SURFACE_STYLE_USAGE(.BOTH.,#1862);
#1843=SURFACE_STYLE_USAGE(.BOTH.,#1863);
#1844=SURFACE_STYLE_USAGE(.BOTH.,#1864);
#1845=SURFACE_STYLE_USAGE(.BOTH.,#1865);
#1846=SURFACE_STYLE_USAGE(.BOTH.,#1866);
#1847=SURFACE_STYLE_USAGE(.BOTH.,#1867);
#1848=SURFACE_STYLE_USAGE(.BOTH.,#1868);
#1849=SURFACE_STYLE_USAGE(.BOTH.,#1869);
#1850=SURFACE_STYLE_USAGE(.BOTH.,#1870);
#1851=SURFACE_STYLE_USAGE(.BOTH.,#1871);
#1852=SURFACE_STYLE_USAGE(.BOTH.,#1872);
#1853=SURFACE_STYLE_USAGE(.BOTH.,#1873);
#1854=SURFACE_STYLE_USAGE(.BOTH.,#1874);
#1855=SURFACE_STYLE_USAGE(.BOTH.,#1875);
#1856=SURFACE_STYLE_USAGE(.BOTH.,#1876);
#1857=SURFACE_STYLE_USAGE(.BOTH.,#1877);
#1858=SURFACE_SIDE_STYLE('',(#1878));
#1859=SURFACE_SIDE_STYLE('',(#1879));
#1860=SURFACE_SIDE_STYLE('',(#1880));
#1861=SURFACE_SIDE_STYLE('',(#1881));
#1862=SURFACE_SIDE_STYLE('',(#1882));
#1863=SURFACE_SIDE_STYLE('',(#1883));
#1864=SURFACE_SIDE_STYLE('',(#1884));
#1865=SURFACE_SIDE_STYLE('',(#1885));
#1866=SURFACE_SIDE_STYLE('',(#1886));
#1867=SURFACE_SIDE_STYLE('',(#1887));
#1868=SURFACE_SIDE_STYLE('',(#1888));
#1869=SURFACE_SIDE_STYLE('',(#1889));
#1870=SURFACE_SIDE_STYLE('',(#1890));
#1871=SURFACE_SIDE_STYLE('',(#1891));
#1872=SURFACE_SIDE_STYLE('',(#1892));
#1873=SURFACE_SIDE_STYLE('',(#1893));
#1874=SURFACE_SIDE_STYLE('',(#1894));
#1875=SURFACE_SIDE_STYLE('',(#1895));
#1876=SURFACE_SIDE_STYLE('',(#1896));
#1877=SURFACE_SIDE_STYLE('',(#1897));
#1878=SURFACE_STYLE_FILL_AREA(#1898);
#1879=SURFACE_STYLE_FILL_AREA(#1899);
#1880=SURFACE_STYLE_FILL_AREA(#1900);
#1881=SURFACE_STYLE_FILL_AREA(#1901);
#1882=SURFACE_STYLE_FILL_AREA(#1902);
#1883=SURFACE_STYLE_FILL_AREA(#1903);
#1884=SURFACE_STYLE_FILL_AREA(#1904);
#1885=SURFACE_STYLE_FILL_AREA(#1905);
#1886=SURFACE_STYLE_FILL_AREA(#1906);
#1887=SURFACE_STYLE_FILL_AREA(#1907);
#1888=SURFACE_STYLE_FILL_AREA(#1908);
#1889=SURFACE_STYLE_FILL_AREA(#1909);
#1890=SURFACE_STYLE_FILL_AREA(#1910);
#1891=SURFACE_STYLE_FILL_AREA(#1911);
#1892=SURFACE_STYLE_FILL_AREA(#1912);
#1893=SURFACE_STYLE_FILL_AREA(#1913);
#1894=SURFACE_STYLE_FILL_AREA(#1914);
#1895=SURFACE_STYLE_FILL_AREA(#1915);
#1896=SURFACE_STYLE_FILL_AREA(#1916);
#1897=SURFACE_STYLE_FILL_AREA(#1917);
#1898=FILL_AREA_STYLE('',(#1918));
#1899=FILL_AREA_STYLE('',(#1919));
#1900=FILL_AREA_STYLE('',(#1920));
#1901=FILL_AREA_STYLE('',(#1921));
#1902=FILL_AREA_STYLE('',(#1922));
#1903=FILL_AREA_STYLE('',(#1923));
#1904=FILL_AREA_STYLE('',(#1924));
#1905=FILL_AREA_STYLE('',(#1925));
#1906=FILL_AREA_STYLE('',(#1926));
#1907=FILL_AREA_STYLE('',(#1927));
#1908=FILL_AREA_STYLE('',(#1928));
#1909=FILL_AREA_STYLE('',(#1929));
#1910=FILL_AREA_STYLE('',(#1930));
#1911=FILL_AREA_STYLE('',(#1931));
#1912=FILL_AREA_STYLE('',(#1932));
#1913=FILL_AREA_STYLE('',(#1933));
#1914=FILL_AREA_STYLE('',(#1934));
#1915=FILL_AREA_STYLE('',(#1935));
#1916=FILL_AREA_STYLE('',(#1936));
#1917=FILL_AREA_STYLE('',(#1937));
#1918=FILL_AREA_STYLE_COLOUR('',#1938);
#1919=FILL_AREA_STYLE_COLOUR('',#1939);
#1920=FILL_AREA_STYLE_COLOUR('',#1940);
#1921=FILL_AREA_STYLE_COLOUR('',#1941);
#1922=FILL_AREA_STYLE_COLOUR('',#1940);
#1923=FILL_AREA_STYLE_COLOUR('',#1942);
#1924=FILL_AREA_STYLE_COLOUR('',#1940);
#1925=FILL_AREA_STYLE_COLOUR('',#1943);
#1926=FILL_AREA_STYLE_COLOUR('',#1944);
#1927=FILL_AREA_STYLE_COLOUR('',#1938);
#1928=FILL_AREA_STYLE_COLOUR('',#1940);
#1929=FILL_AREA_STYLE_COLOUR('',#1940);
#1930=FILL_AREA_STYLE_COLOUR('',#1945);
#1931=FILL_AREA_STYLE_COLOUR('',#1946);
#1932=FILL_AREA_STYLE_COLOUR('',#1939);
#1933=FILL_AREA_STYLE_COLOUR('',#1940);
#1934=FILL_AREA_STYLE_COLOUR('',#1939);
#1935=FILL_AREA_STYLE_COLOUR('',#1940);
#1936=FILL_AREA_STYLE_COLOUR('',#1939);
#1937=FILL_AREA_STYLE_COLOUR('',#1940);
#1938=COLOUR_RGB('',0.117647058823529,0.117647058823529,0.117647058823529);
#1939=COLOUR_RGB('',0.235294117647059,0.164705882352941,0.117647058823529);
#1940=COLOUR_RGB('',0.764705882352941,0.690196078431373,0.568627450980392);
#1941=COLOUR_RGB('',0.972549019607843,0.529411764705882,0.00392156862745098);
#1942=COLOUR_RGB('',0.498039215686275,0.498039215686275,0.498039215686275);
#1943=COLOUR_RGB('',0.980392156862745,0.713725490196078,0.00392156862745098);
#1944=COLOUR_RGB('',0.615686274509804,0.811764705882353,0.929411764705882);
#1945=COLOUR_RGB('',0.647058823529412,0.647058823529412,0.647058823529412);
#1946=COLOUR_RGB('',0.231372549019608,0.380392156862745,0.705882352941177);
#1947=MANIFOLD_SOLID_BREP('Part 15',#1786);
#1948=MANIFOLD_SOLID_BREP('Part 1',#1787);
#1949=MANIFOLD_SOLID_BREP('Part 9',#1788);
#1950=MANIFOLD_SOLID_BREP('Part 7',#1789);
#1951=MANIFOLD_SOLID_BREP('Part 10',#1790);
#1952=MANIFOLD_SOLID_BREP('Part 8',#1791);
#1953=MANIFOLD_SOLID_BREP('Part 11',#1792);
#1954=MANIFOLD_SOLID_BREP('Part 12',#1793);
#1955=MANIFOLD_SOLID_BREP('Part 17',#1794);
#1956=MANIFOLD_SOLID_BREP('Part 6',#1795);
#1957=MANIFOLD_SOLID_BREP('Part 5',#1796);
#1958=MANIFOLD_SOLID_BREP('Part 13',#1797);
#1959=MANIFOLD_SOLID_BREP('Part 14',#1798);
#1960=MANIFOLD_SOLID_BREP('Part 4',#1799);
#1961=MANIFOLD_SOLID_BREP('Part 2',#1800);
#1962=MANIFOLD_SOLID_BREP('Part 3',#1801);
#1963=SHAPE_DEFINITION_REPRESENTATION(#3295,#1979);
#1964=SHAPE_DEFINITION_REPRESENTATION(#3296,#1980);
#1965=SHAPE_DEFINITION_REPRESENTATION(#3297,#1981);
#1966=SHAPE_DEFINITION_REPRESENTATION(#3298,#1982);
#1967=SHAPE_DEFINITION_REPRESENTATION(#3299,#1983);
#1968=SHAPE_DEFINITION_REPRESENTATION(#3300,#1984);
#1969=SHAPE_DEFINITION_REPRESENTATION(#3301,#1985);
#1970=SHAPE_DEFINITION_REPRESENTATION(#3302,#1986);
#1971=SHAPE_DEFINITION_REPRESENTATION(#3303,#1987);
#1972=SHAPE_DEFINITION_REPRESENTATION(#3304,#1988);
#1973=SHAPE_DEFINITION_REPRESENTATION(#3305,#1989);
#1974=SHAPE_DEFINITION_REPRESENTATION(#3306,#1990);
#1975=SHAPE_DEFINITION_REPRESENTATION(#3307,#1991);
#1976=SHAPE_DEFINITION_REPRESENTATION(#3308,#1992);
#1977=SHAPE_DEFINITION_REPRESENTATION(#3309,#1993);
#1978=SHAPE_DEFINITION_REPRESENTATION(#3310,#1994);
#1979=SHAPE_REPRESENTATION('Part 15',(#1995),#3215);
#1980=SHAPE_REPRESENTATION('Part 1',(#2044),#3216);
#1981=SHAPE_REPRESENTATION('Part 9',(#2053),#3217);
#1982=SHAPE_REPRESENTATION('Part 7',(#2059),#3218);
#1983=SHAPE_REPRESENTATION('Part 10',(#2066),#3219);
#1984=SHAPE_REPRESENTATION('Part 8',(#2072),#3220);
#1985=SHAPE_REPRESENTATION('Part 11',(#2079),#3221);
#1986=SHAPE_REPRESENTATION('Part 12',(#2085),#3222);
#1987=SHAPE_REPRESENTATION('Part 17',(#2091),#3223);
#1988=SHAPE_REPRESENTATION('Part 6',(#2123),#3224);
#1989=SHAPE_REPRESENTATION('Part 5',(#2130),#3225);
#1990=SHAPE_REPRESENTATION('Part 13',(#2137),#3226);
#1991=SHAPE_REPRESENTATION('Part 14',(#2143),#3227);
#1992=SHAPE_REPRESENTATION('Part 4',(#2149),#3228);
#1993=SHAPE_REPRESENTATION('Part 2',(#2158),#3229);
#1994=SHAPE_REPRESENTATION('Part 3',(#2169),#3230);
#1995=AXIS2_PLACEMENT_3D('',#2702,#2178,#2179);
#1996=AXIS2_PLACEMENT_3D('',#2703,#2180,#2181);
#1997=AXIS2_PLACEMENT_3D('',#2712,#2186,#2187);
#1998=AXIS2_PLACEMENT_3D('',#2718,#2191,#2192);
#1999=AXIS2_PLACEMENT_3D('',#2724,#2196,#2197);
#2000=AXIS2_PLACEMENT_3D('',#2725,#2198,#2199);
#2001=AXIS2_PLACEMENT_3D('',#2727,#2200,#2201);
#2002=AXIS2_PLACEMENT_3D('',#2729,#2202,#2203);
#2003=AXIS2_PLACEMENT_3D('',#2730,#2204,#2205);
#2004=AXIS2_PLACEMENT_3D('',#2732,#2206,#2207);
#2005=AXIS2_PLACEMENT_3D('',#2734,#2208,#2209);
#2006=AXIS2_PLACEMENT_3D('',#2735,#2210,#2211);
#2007=AXIS2_PLACEMENT_3D('',#2737,#2212,#2213);
#2008=AXIS2_PLACEMENT_3D('',#2739,#2214,#2215);
#2009=AXIS2_PLACEMENT_3D('',#2740,#2216,#2217);
#2010=AXIS2_PLACEMENT_3D('',#2742,#2218,#2219);
#2011=AXIS2_PLACEMENT_3D('',#2744,#2220,#2221);
#2012=AXIS2_PLACEMENT_3D('',#2745,#2222,#2223);
#2013=AXIS2_PLACEMENT_3D('',#2747,#2224,#2225);
#2014=AXIS2_PLACEMENT_3D('',#2749,#2226,#2227);
#2015=AXIS2_PLACEMENT_3D('',#2750,#2228,#2229);
#2016=AXIS2_PLACEMENT_3D('',#2752,#2230,#2231);
#2017=AXIS2_PLACEMENT_3D('',#2754,#2232,#2233);
#2018=AXIS2_PLACEMENT_3D('',#2757,#2236,#2237);
#2019=AXIS2_PLACEMENT_3D('',#2766,#2242,#2243);
#2020=AXIS2_PLACEMENT_3D('',#2767,#2244,#2245);
#2021=AXIS2_PLACEMENT_3D('',#2769,#2246,#2247);
#2022=AXIS2_PLACEMENT_3D('',#2771,#2248,#2249);
#2023=AXIS2_PLACEMENT_3D('',#2773,#2250,#2251);
#2024=AXIS2_PLACEMENT_3D('',#2775,#2252,#2253);
#2025=AXIS2_PLACEMENT_3D('',#2777,#2254,#2255);
#2026=AXIS2_PLACEMENT_3D('',#2779,#2256,#2257);
#2027=AXIS2_PLACEMENT_3D('',#2780,#2258,#2259);
#2028=AXIS2_PLACEMENT_3D('',#2782,#2260,#2261);
#2029=AXIS2_PLACEMENT_3D('',#2783,#2262,#2263);
#2030=AXIS2_PLACEMENT_3D('',#2784,#2264,#2265);
#2031=AXIS2_PLACEMENT_3D('',#2786,#2266,#2267);
#2032=AXIS2_PLACEMENT_3D('',#2787,#2268,#2269);
#2033=AXIS2_PLACEMENT_3D('',#2789,#2270,#2271);
#2034=AXIS2_PLACEMENT_3D('',#2790,#2272,#2273);
#2035=AXIS2_PLACEMENT_3D('',#2792,#2274,#2275);
#2036=AXIS2_PLACEMENT_3D('',#2793,#2276,#2277);
#2037=AXIS2_PLACEMENT_3D('',#2795,#2278,#2279);
#2038=AXIS2_PLACEMENT_3D('',#2796,#2280,#2281);
#2039=AXIS2_PLACEMENT_3D('',#2798,#2282,#2283);
#2040=AXIS2_PLACEMENT_3D('',#2799,#2284,#2285);
#2041=AXIS2_PLACEMENT_3D('',#2802,#2288,#2289);
#2042=AXIS2_PLACEMENT_3D('',#2804,#2291,#2292);
#2043=AXIS2_PLACEMENT_3D('',#2806,#2294,#2295);
#2044=AXIS2_PLACEMENT_3D('',#2807,#2296,#2297);
#2045=AXIS2_PLACEMENT_3D('',#2808,#2298,#2299);
#2046=AXIS2_PLACEMENT_3D('',#2817,#2304,#2305);
#2047=AXIS2_PLACEMENT_3D('',#2826,#2310,#2311);
#2048=AXIS2_PLACEMENT_3D('',#2832,#2315,#2316);
#2049=AXIS2_PLACEMENT_3D('',#2838,#2320,#2321);
#2050=AXIS2_PLACEMENT_3D('',#2841,#2324,#2325);
#2051=AXIS2_PLACEMENT_3D('',#2843,#2327,#2328);
#2052=AXIS2_PLACEMENT_3D('',#2845,#2330,#2331);
#2053=AXIS2_PLACEMENT_3D('',#2846,#2332,#2333);
#2054=AXIS2_PLACEMENT_3D('',#2847,#2334,#2335);
#2055=AXIS2_PLACEMENT_3D('',#2848,#2336,#2337);
#2056=AXIS2_PLACEMENT_3D('',#2850,#2338,#2339);
#2057=AXIS2_PLACEMENT_3D('',#2852,#2340,#2341);
#2058=AXIS2_PLACEMENT_3D('',#2853,#2342,#2343);
#2059=AXIS2_PLACEMENT_3D('',#2854,#2344,#2345);
#2060=AXIS2_PLACEMENT_3D('',#2855,#2346,#2347);
#2061=AXIS2_PLACEMENT_3D('',#2864,#2352,#2353);
#2062=AXIS2_PLACEMENT_3D('',#2870,#2357,#2358);
#2063=AXIS2_PLACEMENT_3D('',#2876,#2362,#2363);
#2064=AXIS2_PLACEMENT_3D('',#2879,#2366,#2367);
#2065=AXIS2_PLACEMENT_3D('',#2880,#2368,#2369);
#2066=AXIS2_PLACEMENT_3D('',#2881,#2370,#2371);
#2067=AXIS2_PLACEMENT_3D('',#2882,#2372,#2373);
#2068=AXIS2_PLACEMENT_3D('',#2883,#2374,#2375);
#2069=AXIS2_PLACEMENT_3D('',#2885,#2376,#2377);
#2070=AXIS2_PLACEMENT_3D('',#2887,#2378,#2379);
#2071=AXIS2_PLACEMENT_3D('',#2888,#2380,#2381);
#2072=AXIS2_PLACEMENT_3D('',#2889,#2382,#2383);
#2073=AXIS2_PLACEMENT_3D('',#2890,#2384,#2385);
#2074=AXIS2_PLACEMENT_3D('',#2899,#2390,#2391);
#2075=AXIS2_PLACEMENT_3D('',#2905,#2395,#2396);
#2076=AXIS2_PLACEMENT_3D('',#2911,#2400,#2401);
#2077=AXIS2_PLACEMENT_3D('',#2914,#2404,#2405);
#2078=AXIS2_PLACEMENT_3D('',#2915,#2406,#2407);
#2079=AXIS2_PLACEMENT_3D('',#2916,#2408,#2409);
#2080=AXIS2_PLACEMENT_3D('',#2917,#2410,#2411);
#2081=AXIS2_PLACEMENT_3D('',#2918,#2412,#2413);
#2082=AXIS2_PLACEMENT_3D('',#2920,#2414,#2415);
#2083=AXIS2_PLACEMENT_3D('',#2922,#2416,#2417);
#2084=AXIS2_PLACEMENT_3D('',#2923,#2418,#2419);
#2085=AXIS2_PLACEMENT_3D('',#2924,#2420,#2421);
#2086=AXIS2_PLACEMENT_3D('',#2925,#2422,#2423);
#2087=AXIS2_PLACEMENT_3D('',#2926,#2424,#2425);
#2088=AXIS2_PLACEMENT_3D('',#2928,#2426,#2427);
#2089=AXIS2_PLACEMENT_3D('',#2930,#2428,#2429);
#2090=AXIS2_PLACEMENT_3D('',#2931,#2430,#2431);
#2091=AXIS2_PLACEMENT_3D('',#2932,#2432,#2433);
#2092=AXIS2_PLACEMENT_3D('',#2933,#2434,#2435);
#2093=AXIS2_PLACEMENT_3D('',#2934,#2436,#2437);
#2094=AXIS2_PLACEMENT_3D('',#2936,#2438,#2439);
#2095=AXIS2_PLACEMENT_3D('',#2938,#2440,#2441);
#2096=AXIS2_PLACEMENT_3D('',#2947,#2446,#2447);
#2097=AXIS2_PLACEMENT_3D('',#2953,#2451,#2452);
#2098=AXIS2_PLACEMENT_3D('',#2959,#2456,#2457);
#2099=AXIS2_PLACEMENT_3D('',#2960,#2458,#2459);
#2100=AXIS2_PLACEMENT_3D('',#2962,#2460,#2461);
#2101=AXIS2_PLACEMENT_3D('',#2964,#2462,#2463);
#2102=AXIS2_PLACEMENT_3D('',#2965,#2464,#2465);
#2103=AXIS2_PLACEMENT_3D('',#2967,#2466,#2467);
#2104=AXIS2_PLACEMENT_3D('',#2969,#2468,#2469);
#2105=AXIS2_PLACEMENT_3D('',#2970,#2470,#2471);
#2106=AXIS2_PLACEMENT_3D('',#2972,#2472,#2473);
#2107=AXIS2_PLACEMENT_3D('',#2974,#2474,#2475);
#2108=AXIS2_PLACEMENT_3D('',#2975,#2476,#2477);
#2109=AXIS2_PLACEMENT_3D('',#2977,#2478,#2479);
#2110=AXIS2_PLACEMENT_3D('',#2979,#2480,#2481);
#2111=AXIS2_PLACEMENT_3D('',#2982,#2484,#2485);
#2112=AXIS2_PLACEMENT_3D('',#2983,#2486,#2487);
#2113=AXIS2_PLACEMENT_3D('',#2985,#2488,#2489);
#2114=AXIS2_PLACEMENT_3D('',#2987,#2490,#2491);
#2115=AXIS2_PLACEMENT_3D('',#2988,#2492,#2493);
#2116=AXIS2_PLACEMENT_3D('',#2990,#2494,#2495);
#2117=AXIS2_PLACEMENT_3D('',#2992,#2496,#2497);
#2118=AXIS2_PLACEMENT_3D('',#2993,#2498,#2499);
#2119=AXIS2_PLACEMENT_3D('',#2994,#2500,#2501);
#2120=AXIS2_PLACEMENT_3D('',#2996,#2502,#2503);
#2121=AXIS2_PLACEMENT_3D('',#2997,#2504,#2505);
#2122=AXIS2_PLACEMENT_3D('',#2999,#2506,#2507);
#2123=AXIS2_PLACEMENT_3D('',#3000,#2508,#2509);
#2124=AXIS2_PLACEMENT_3D('',#3001,#2510,#2511);
#2125=AXIS2_PLACEMENT_3D('',#3010,#2516,#2517);
#2126=AXIS2_PLACEMENT_3D('',#3019,#2522,#2523);
#2127=AXIS2_PLACEMENT_3D('',#3022,#2526,#2527);
#2128=AXIS2_PLACEMENT_3D('',#3024,#2529,#2530);
#2129=AXIS2_PLACEMENT_3D('',#3026,#2532,#2533);
#2130=AXIS2_PLACEMENT_3D('',#3027,#2534,#2535);
#2131=AXIS2_PLACEMENT_3D('',#3028,#2536,#2537);
#2132=AXIS2_PLACEMENT_3D('',#3037,#2542,#2543);
#2133=AXIS2_PLACEMENT_3D('',#3046,#2548,#2549);
#2134=AXIS2_PLACEMENT_3D('',#3049,#2552,#2553);
#2135=AXIS2_PLACEMENT_3D('',#3051,#2555,#2556);
#2136=AXIS2_PLACEMENT_3D('',#3053,#2558,#2559);
#2137=AXIS2_PLACEMENT_3D('',#3054,#2560,#2561);
#2138=AXIS2_PLACEMENT_3D('',#3055,#2562,#2563);
#2139=AXIS2_PLACEMENT_3D('',#3056,#2564,#2565);
#2140=AXIS2_PLACEMENT_3D('',#3058,#2566,#2567);
#2141=AXIS2_PLACEMENT_3D('',#3060,#2568,#2569);
#2142=AXIS2_PLACEMENT_3D('',#3061,#2570,#2571);
#2143=AXIS2_PLACEMENT_3D('',#3062,#2572,#2573);
#2144=AXIS2_PLACEMENT_3D('',#3063,#2574,#2575);
#2145=AXIS2_PLACEMENT_3D('',#3064,#2576,#2577);
#2146=AXIS2_PLACEMENT_3D('',#3066,#2578,#2579);
#2147=AXIS2_PLACEMENT_3D('',#3068,#2580,#2581);
#2148=AXIS2_PLACEMENT_3D('',#3069,#2582,#2583);
#2149=AXIS2_PLACEMENT_3D('',#3070,#2584,#2585);
#2150=AXIS2_PLACEMENT_3D('',#3071,#2586,#2587);
#2151=AXIS2_PLACEMENT_3D('',#3084,#2594,#2595);
#2152=AXIS2_PLACEMENT_3D('',#3090,#2599,#2600);
#2153=AXIS2_PLACEMENT_3D('',#3094,#2603,#2604);
#2154=AXIS2_PLACEMENT_3D('',#3098,#2607,#2608);
#2155=AXIS2_PLACEMENT_3D('',#3102,#2611,#2612);
#2156=AXIS2_PLACEMENT_3D('',#3106,#2615,#2616);
#2157=AXIS2_PLACEMENT_3D('',#3108,#2618,#2619);
#2158=AXIS2_PLACEMENT_3D('',#3109,#2620,#2621);
#2159=AXIS2_PLACEMENT_3D('',#3110,#2622,#2623);
#2160=AXIS2_PLACEMENT_3D('',#3119,#2628,#2629);
#2161=AXIS2_PLACEMENT_3D('',#3129,#2635,#2636);
#2162=AXIS2_PLACEMENT_3D('',#3135,#2640,#2641);
#2163=AXIS2_PLACEMENT_3D('',#3144,#2646,#2647);
#2164=AXIS2_PLACEMENT_3D('',#3148,#2651,#2652);
#2165=AXIS2_PLACEMENT_3D('',#3149,#2653,#2654);
#2166=AXIS2_PLACEMENT_3D('',#3155,#2658,#2659);
#2167=AXIS2_PLACEMENT_3D('',#3158,#2662,#2663);
#2168=AXIS2_PLACEMENT_3D('',#3159,#2664,#2665);
#2169=AXIS2_PLACEMENT_3D('',#3160,#2666,#2667);
#2170=AXIS2_PLACEMENT_3D('',#3161,#2668,#2669);
#2171=AXIS2_PLACEMENT_3D('',#3174,#2676,#2677);
#2172=AXIS2_PLACEMENT_3D('',#3187,#2684,#2685);
#2173=AXIS2_PLACEMENT_3D('',#3190,#2688,#2689);
#2174=AXIS2_PLACEMENT_3D('',#3192,#2691,#2692);
#2175=AXIS2_PLACEMENT_3D('',#3194,#2694,#2695);
#2176=AXIS2_PLACEMENT_3D('',#3196,#2697,#2698);
#2177=AXIS2_PLACEMENT_3D('',#3198,#2700,#2701);
#2178=DIRECTION('',(0.,0.,1.));
#2179=DIRECTION('',(1.,0.,0.));
#2180=DIRECTION('',(1.,0.,0.));
#2181=DIRECTION('',(0.,0.,-1.));
#2182=DIRECTION('',(0.,1.,0.));
#2183=DIRECTION('',(0.,0.,1.));
#2184=DIRECTION('',(0.,1.,0.));
#2185=DIRECTION('',(0.,0.,-1.));
#2186=DIRECTION('',(0.,0.,1.));
#2187=DIRECTION('',(1.,0.,0.));
#2188=DIRECTION('',(0.,1.,0.));
#2189=DIRECTION('',(-1.,0.,0.));
#2190=DIRECTION('',(1.,0.,0.));
#2191=DIRECTION('',(-1.,0.,0.));
#2192=DIRECTION('',(0.,0.,1.));
#2193=DIRECTION('',(0.,1.,0.));
#2194=DIRECTION('',(0.,0.,-1.));
#2195=DIRECTION('',(0.,0.,1.));
#2196=DIRECTION('',(0.,1.,0.));
#2197=DIRECTION('',(0.,0.,1.));
#2198=DIRECTION('',(0.,-1.,0.));
#2199=DIRECTION('',(0.,0.,-1.));
#2200=DIRECTION('',(0.,-1.,0.));
#2201=DIRECTION('',(0.,0.,-1.));
#2202=DIRECTION('',(0.,1.,0.));
#2203=DIRECTION('',(0.,0.,1.));
#2204=DIRECTION('',(0.,-1.,0.));
#2205=DIRECTION('',(0.,0.,-1.));
#2206=DIRECTION('',(0.,-1.,0.));
#2207=DIRECTION('',(0.,0.,-1.));
#2208=DIRECTION('',(0.,1.,0.));
#2209=DIRECTION('',(0.,0.,1.));
#2210=DIRECTION('',(0.,-1.,0.));
#2211=DIRECTION('',(0.,0.,-1.));
#2212=DIRECTION('',(0.,-1.,0.));
#2213=DIRECTION('',(0.,0.,-1.));
#2214=DIRECTION('',(0.,1.,0.));
#2215=DIRECTION('',(0.,0.,1.));
#2216=DIRECTION('',(0.,-1.,0.));
#2217=DIRECTION('',(0.,0.,-1.));
#2218=DIRECTION('',(0.,-1.,0.));
#2219=DIRECTION('',(0.,0.,-1.));
#2220=DIRECTION('',(0.,1.,0.));
#2221=DIRECTION('',(0.,0.,1.));
#2222=DIRECTION('',(0.,-1.,0.));
#2223=DIRECTION('',(0.,0.,-1.));
#2224=DIRECTION('',(0.,-1.,0.));
#2225=DIRECTION('',(0.,0.,-1.));
#2226=DIRECTION('',(0.,1.,0.));
#2227=DIRECTION('',(0.,0.,1.));
#2228=DIRECTION('',(0.,-1.,0.));
#2229=DIRECTION('',(0.,0.,-1.));
#2230=DIRECTION('',(0.,-1.,0.));
#2231=DIRECTION('',(0.,0.,-1.));
#2232=DIRECTION('',(0.,0.,-1.));
#2233=DIRECTION('',(-1.,0.,0.));
#2234=DIRECTION('',(1.,0.,0.));
#2235=DIRECTION('',(-1.,0.,0.));
#2236=DIRECTION('',(0.,-1.,0.));
#2237=DIRECTION('',(1.,0.,0.));
#2238=DIRECTION('',(-1.,0.,0.));
#2239=DIRECTION('',(0.,0.,-1.));
#2240=DIRECTION('',(1.,0.,0.));
#2241=DIRECTION('',(0.,0.,1.));
#2242=DIRECTION('',(0.,-1.,0.));
#2243=DIRECTION('',(1.,0.,0.));
#2244=DIRECTION('',(0.,-1.,0.));
#2245=DIRECTION('',(0.,0.,-1.));
#2246=DIRECTION('',(0.,-1.,0.));
#2247=DIRECTION('',(0.,0.,-1.));
#2248=DIRECTION('',(0.,-1.,0.));
#2249=DIRECTION('',(0.,0.,-1.));
#2250=DIRECTION('',(0.,-1.,0.));
#2251=DIRECTION('',(0.,0.,-1.));
#2252=DIRECTION('',(0.,-1.,0.));
#2253=DIRECTION('',(0.,0.,-1.));
#2254=DIRECTION('',(0.,-1.,0.));
#2255=DIRECTION('',(0.,0.,-1.));
#2256=DIRECTION('',(0.,1.,0.));
#2257=DIRECTION('',(0.,0.,1.));
#2258=DIRECTION('',(0.,-1.,0.));
#2259=DIRECTION('',(0.,0.,-1.));
#2260=DIRECTION('',(0.,-1.,0.));
#2261=DIRECTION('',(1.,0.,0.));
#2262=DIRECTION('',(0.,1.,0.));
#2263=DIRECTION('',(0.,0.,1.));
#2264=DIRECTION('',(0.,-1.,0.));
#2265=DIRECTION('',(0.,0.,-1.));
#2266=DIRECTION('',(0.,1.,0.));
#2267=DIRECTION('',(0.,0.,1.));
#2268=DIRECTION('',(0.,-1.,0.));
#2269=DIRECTION('',(0.,0.,-1.));
#2270=DIRECTION('',(0.,1.,0.));
#2271=DIRECTION('',(0.,0.,1.));
#2272=DIRECTION('',(0.,-1.,0.));
#2273=DIRECTION('',(0.,0.,-1.));
#2274=DIRECTION('',(0.,1.,0.));
#2275=DIRECTION('',(0.,0.,1.));
#2276=DIRECTION('',(0.,-1.,0.));
#2277=DIRECTION('',(0.,0.,-1.));
#2278=DIRECTION('',(0.,1.,0.));
#2279=DIRECTION('',(0.,0.,1.));
#2280=DIRECTION('',(0.,-1.,0.));
#2281=DIRECTION('',(0.,0.,-1.));
#2282=DIRECTION('',(0.,-1.,0.));
#2283=DIRECTION('',(1.,0.,0.));
#2284=DIRECTION('',(0.707106781186547,-0.707106781186548,0.));
#2285=DIRECTION('',(0.,0.,-1.));
#2286=DIRECTION('',(-0.577350269189626,-0.577350269189625,0.577350269189626));
#2287=DIRECTION('',(-0.577350269189626,-0.577350269189625,-0.577350269189626));
#2288=DIRECTION('',(0.,-0.707106781186548,0.707106781186547));
#2289=DIRECTION('',(1.,0.,0.));
#2290=DIRECTION('',(0.577350269189626,-0.577350269189625,-0.577350269189626));
#2291=DIRECTION('',(0.,-0.707106781186548,-0.707106781186547));
#2292=DIRECTION('',(-1.,0.,0.));
#2293=DIRECTION('',(-0.577350269189626,0.577350269189625,-0.577350269189626));
#2294=DIRECTION('',(-0.707106781186547,-0.707106781186548,0.));
#2295=DIRECTION('',(0.,0.,1.));
#2296=DIRECTION('',(0.,0.,1.));
#2297=DIRECTION('',(1.,0.,0.));
#2298=DIRECTION('',(0.,1.,0.));
#2299=DIRECTION('',(0.,0.,1.));
#2300=DIRECTION('',(0.707106781186548,0.,0.707106781186548));
#2301=DIRECTION('',(1.,0.,0.));
#2302=DIRECTION('',(-0.707106781186547,0.,0.707106781186548));
#2303=DIRECTION('',(1.,0.,0.));
#2304=DIRECTION('',(0.,0.,1.));
#2305=DIRECTION('',(1.,0.,0.));
#2306=DIRECTION('',(1.,0.,0.));
#2307=DIRECTION('',(-2.37227142013923E-16,1.,0.));
#2308=DIRECTION('',(1.,0.,0.));
#2309=DIRECTION('',(0.,-1.,0.));
#2310=DIRECTION('',(0.,1.,0.));
#2311=DIRECTION('',(0.,0.,1.));
#2312=DIRECTION('',(1.,0.,0.));
#2313=DIRECTION('',(-0.707106781186548,0.,-0.707106781186548));
#2314=DIRECTION('',(0.707106781186547,0.,-0.707106781186548));
#2315=DIRECTION('',(0.,-1.,0.));
#2316=DIRECTION('',(0.,0.,-1.));
#2317=DIRECTION('',(1.,0.,0.));
#2318=DIRECTION('',(-0.707106781186547,0.,0.707106781186548));
#2319=DIRECTION('',(0.707106781186548,0.,0.707106781186548));
#2320=DIRECTION('',(0.,0.,1.));
#2321=DIRECTION('',(1.,0.,0.));
#2322=DIRECTION('',(-2.37227142013923E-16,1.,0.));
#2323=DIRECTION('',(0.,1.,0.));
#2324=DIRECTION('',(0.707106781186548,1.67744920799548E-16,0.707106781186547));
#2325=DIRECTION('',(2.37227142013923E-16,-1.,0.));
#2326=DIRECTION('',(2.37227142013923E-16,-1.,0.));
#2327=DIRECTION('',(0.707106781186548,0.,-0.707106781186548));
#2328=DIRECTION('',(0.,1.,0.));
#2329=DIRECTION('',(0.,1.,0.));
#2330=DIRECTION('',(0.,0.,1.));
#2331=DIRECTION('',(1.,0.,0.));
#2332=DIRECTION('',(0.,0.,1.));
#2333=DIRECTION('',(1.,0.,0.));
#2334=DIRECTION('',(0.,1.,0.));
#2335=DIRECTION('',(0.,0.,1.));
#2336=DIRECTION('',(0.,1.,0.));
#2337=DIRECTION('',(0.,0.,1.));
#2338=DIRECTION('',(0.,1.,0.));
#2339=DIRECTION('',(0.,0.,1.));
#2340=DIRECTION('',(0.,1.,0.));
#2341=DIRECTION('',(-1.,0.,0.));
#2342=DIRECTION('',(0.,1.,0.));
#2343=DIRECTION('',(-1.,0.,0.));
#2344=DIRECTION('',(0.,0.,1.));
#2345=DIRECTION('',(1.,0.,0.));
#2346=DIRECTION('',(0.,0.,1.));
#2347=DIRECTION('',(1.,0.,0.));
#2348=DIRECTION('',(2.37227142013923E-16,1.,0.));
#2349=DIRECTION('',(-1.,2.37227142013923E-16,0.));
#2350=DIRECTION('',(2.37227142013923E-16,1.,0.));
#2351=DIRECTION('',(-1.,2.37227142013923E-16,0.));
#2352=DIRECTION('',(2.37227142013923E-16,1.,0.));
#2353=DIRECTION('',(-1.,2.37227142013923E-16,0.));
#2354=DIRECTION('',(0.,0.,-1.));
#2355=DIRECTION('',(-1.,2.37227142013923E-16,0.));
#2356=DIRECTION('',(0.,0.,-1.));
#2357=DIRECTION('',(0.,0.,1.));
#2358=DIRECTION('',(1.,0.,0.));
#2359=DIRECTION('',(2.37227142013923E-16,1.,0.));
#2360=DIRECTION('',(-1.,2.37227142013923E-16,0.));
#2361=DIRECTION('',(2.37227142013923E-16,1.,0.));
#2362=DIRECTION('',(2.37227142013923E-16,1.,0.));
#2363=DIRECTION('',(-1.,2.37227142013923E-16,0.));
#2364=DIRECTION('',(0.,0.,-1.));
#2365=DIRECTION('',(0.,0.,-1.));
#2366=DIRECTION('',(1.,-2.37227142013923E-16,0.));
#2367=DIRECTION('',(2.37227142013923E-16,1.,0.));
#2368=DIRECTION('',(1.,-2.37227142013923E-16,0.));
#2369=DIRECTION('',(2.37227142013923E-16,1.,0.));
#2370=DIRECTION('',(0.,0.,1.));
#2371=DIRECTION('',(1.,0.,0.));
#2372=DIRECTION('',(0.,1.,0.));
#2373=DIRECTION('',(0.,0.,1.));
#2374=DIRECTION('',(0.,1.,0.));
#2375=DIRECTION('',(0.,0.,1.));
#2376=DIRECTION('',(0.,1.,0.));
#2377=DIRECTION('',(0.,0.,1.));
#2378=DIRECTION('',(0.,1.,0.));
#2379=DIRECTION('',(-1.,0.,0.));
#2380=DIRECTION('',(0.,1.,0.));
#2381=DIRECTION('',(-1.,0.,0.));
#2382=DIRECTION('',(0.,0.,1.));
#2383=DIRECTION('',(1.,0.,0.));
#2384=DIRECTION('',(0.,0.,1.));
#2385=DIRECTION('',(-1.,0.,0.));
#2386=DIRECTION('',(-2.37227142013923E-16,1.,0.));
#2387=DIRECTION('',(1.,2.37227142013923E-16,0.));
#2388=DIRECTION('',(-2.37227142013923E-16,1.,0.));
#2389=DIRECTION('',(1.,2.37227142013923E-16,0.));
#2390=DIRECTION('',(-2.37227142013923E-16,1.,0.));
#2391=DIRECTION('',(1.,2.37227142013923E-16,0.));
#2392=DIRECTION('',(0.,0.,-1.));
#2393=DIRECTION('',(0.,0.,-1.));
#2394=DIRECTION('',(1.,2.37227142013923E-16,0.));
#2395=DIRECTION('',(0.,0.,1.));
#2396=DIRECTION('',(-1.,0.,0.));
#2397=DIRECTION('',(-2.37227142013923E-16,1.,0.));
#2398=DIRECTION('',(-2.37227142013923E-16,1.,0.));
#2399=DIRECTION('',(1.,2.37227142013923E-16,0.));
#2400=DIRECTION('',(-2.37227142013923E-16,1.,0.));
#2401=DIRECTION('',(1.,2.37227142013923E-16,0.));
#2402=DIRECTION('',(0.,0.,-1.));
#2403=DIRECTION('',(0.,0.,-1.));
#2404=DIRECTION('',(-1.,-2.37227142013923E-16,0.));
#2405=DIRECTION('',(-2.37227142013923E-16,1.,0.));
#2406=DIRECTION('',(-1.,-2.37227142013923E-16,0.));
#2407=DIRECTION('',(-2.37227142013923E-16,1.,0.));
#2408=DIRECTION('',(0.,0.,1.));
#2409=DIRECTION('',(1.,0.,0.));
#2410=DIRECTION('',(0.,1.,0.));
#2411=DIRECTION('',(0.,0.,1.));
#2412=DIRECTION('',(0.,1.,0.));
#2413=DIRECTION('',(0.,0.,1.));
#2414=DIRECTION('',(0.,1.,0.));
#2415=DIRECTION('',(0.,0.,1.));
#2416=DIRECTION('',(0.,1.,0.));
#2417=DIRECTION('',(-1.,0.,0.));
#2418=DIRECTION('',(0.,1.,0.));
#2419=DIRECTION('',(-1.,0.,0.));
#2420=DIRECTION('',(0.,0.,1.));
#2421=DIRECTION('',(1.,0.,0.));
#2422=DIRECTION('',(0.,1.,0.));
#2423=DIRECTION('',(0.,0.,1.));
#2424=DIRECTION('',(0.,1.,0.));
#2425=DIRECTION('',(0.,0.,1.));
#2426=DIRECTION('',(0.,1.,0.));
#2427=DIRECTION('',(0.,0.,1.));
#2428=DIRECTION('',(0.,1.,0.));
#2429=DIRECTION('',(-1.,0.,0.));
#2430=DIRECTION('',(0.,1.,0.));
#2431=DIRECTION('',(-1.,0.,0.));
#2432=DIRECTION('',(0.,0.,1.));
#2433=DIRECTION('',(1.,0.,0.));
#2434=DIRECTION('',(0.,-1.,0.));
#2435=DIRECTION('',(0.,0.,-1.));
#2436=DIRECTION('',(0.,1.,0.));
#2437=DIRECTION('',(0.,0.,1.));
#2438=DIRECTION('',(0.,1.,0.));
#2439=DIRECTION('',(0.,0.,1.));
#2440=DIRECTION('',(0.,0.,1.));
#2441=DIRECTION('',(1.,0.,0.));
#2442=DIRECTION('',(-1.,0.,0.));
#2443=DIRECTION('',(0.,-1.,0.));
#2444=DIRECTION('',(-1.,0.,0.));
#2445=DIRECTION('',(0.,-1.,0.));
#2446=DIRECTION('',(1.,0.,0.));
#2447=DIRECTION('',(0.,0.,-1.));
#2448=DIRECTION('',(0.,0.,1.));
#2449=DIRECTION('',(0.,-1.,0.));
#2450=DIRECTION('',(0.,0.,1.));
#2451=DIRECTION('',(0.,0.,-1.));
#2452=DIRECTION('',(-1.,0.,0.));
#2453=DIRECTION('',(1.,0.,0.));
#2454=DIRECTION('',(0.,-1.,0.));
#2455=DIRECTION('',(1.,0.,0.));
#2456=DIRECTION('',(0.,-1.,0.));
#2457=DIRECTION('',(0.,0.,-1.));
#2458=DIRECTION('',(0.,1.,0.));
#2459=DIRECTION('',(0.,0.,1.));
#2460=DIRECTION('',(0.,1.,0.));
#2461=DIRECTION('',(0.,0.,1.));
#2462=DIRECTION('',(0.,-1.,0.));
#2463=DIRECTION('',(0.,0.,-1.));
#2464=DIRECTION('',(0.,1.,0.));
#2465=DIRECTION('',(0.,0.,1.));
#2466=DIRECTION('',(0.,1.,0.));
#2467=DIRECTION('',(0.,0.,1.));
#2468=DIRECTION('',(0.,-1.,0.));
#2469=DIRECTION('',(0.,0.,-1.));
#2470=DIRECTION('',(0.,1.,0.));
#2471=DIRECTION('',(0.,0.,1.));
#2472=DIRECTION('',(0.,1.,0.));
#2473=DIRECTION('',(0.,0.,1.));
#2474=DIRECTION('',(0.,-1.,0.));
#2475=DIRECTION('',(0.,0.,-1.));
#2476=DIRECTION('',(0.,1.,0.));
#2477=DIRECTION('',(0.,0.,1.));
#2478=DIRECTION('',(0.,1.,0.));
#2479=DIRECTION('',(0.,0.,1.));
#2480=DIRECTION('',(-1.,0.,0.));
#2481=DIRECTION('',(0.,0.,1.));
#2482=DIRECTION('',(0.,0.,-1.));
#2483=DIRECTION('',(0.,0.,-1.));
#2484=DIRECTION('',(0.,-1.,0.));
#2485=DIRECTION('',(0.,0.,-1.));
#2486=DIRECTION('',(0.,1.,0.));
#2487=DIRECTION('',(0.,0.,1.));
#2488=DIRECTION('',(0.,1.,0.));
#2489=DIRECTION('',(0.,0.,1.));
#2490=DIRECTION('',(0.,-1.,0.));
#2491=DIRECTION('',(0.,0.,-1.));
#2492=DIRECTION('',(0.,1.,0.));
#2493=DIRECTION('',(0.,0.,1.));
#2494=DIRECTION('',(0.,1.,0.));
#2495=DIRECTION('',(0.,0.,1.));
#2496=DIRECTION('',(0.,1.,0.));
#2497=DIRECTION('',(-1.,0.,0.));
#2498=DIRECTION('',(0.,1.,0.));
#2499=DIRECTION('',(-1.,0.,0.));
#2500=DIRECTION('',(0.,-1.,0.));
#2501=DIRECTION('',(0.,0.,-1.));
#2502=DIRECTION('',(0.,-1.,0.));
#2503=DIRECTION('',(0.,0.,-1.));
#2504=DIRECTION('',(0.,-1.,0.));
#2505=DIRECTION('',(0.,0.,-1.));
#2506=DIRECTION('',(0.,-1.,0.));
#2507=DIRECTION('',(1.,0.,0.));
#2508=DIRECTION('',(0.,0.,1.));
#2509=DIRECTION('',(1.,0.,0.));
#2510=DIRECTION('',(-1.,-2.37227142013923E-16,0.));
#2511=DIRECTION('',(2.37227142013923E-16,-1.,0.));
#2512=DIRECTION('',(0.,0.,1.));
#2513=DIRECTION('',(-2.37227142013923E-16,1.,0.));
#2514=DIRECTION('',(0.,0.,1.));
#2515=DIRECTION('',(-2.37227142013923E-16,1.,0.));
#2516=DIRECTION('',(1.,0.,0.));
#2517=DIRECTION('',(0.,0.,1.));
#2518=DIRECTION('',(0.,-1.,0.));
#2519=DIRECTION('',(0.,0.,1.));
#2520=DIRECTION('',(0.,-1.,0.));
#2521=DIRECTION('',(0.,0.,1.));
#2522=DIRECTION('',(0.,1.,0.));
#2523=DIRECTION('',(0.,0.,-1.));
#2524=DIRECTION('',(1.,0.,0.));
#2525=DIRECTION('',(1.,0.,0.));
#2526=DIRECTION('',(0.,0.,-1.));
#2527=DIRECTION('',(1.,0.,0.));
#2528=DIRECTION('',(1.,0.,0.));
#2529=DIRECTION('',(0.,0.,-1.));
#2530=DIRECTION('',(1.,0.,0.));
#2531=DIRECTION('',(1.,0.,0.));
#2532=DIRECTION('',(0.,1.,0.));
#2533=DIRECTION('',(0.,0.,-1.));
#2534=DIRECTION('',(0.,0.,1.));
#2535=DIRECTION('',(1.,0.,0.));
#2536=DIRECTION('',(-1.,-2.37227142013923E-16,0.));
#2537=DIRECTION('',(2.37227142013923E-16,-1.,0.));
#2538=DIRECTION('',(0.,0.,-1.));
#2539=DIRECTION('',(-2.37227142013923E-16,1.,0.));
#2540=DIRECTION('',(0.,0.,-1.));
#2541=DIRECTION('',(-2.37227142013923E-16,1.,0.));
#2542=DIRECTION('',(1.,0.,0.));
#2543=DIRECTION('',(0.,0.,-1.));
#2544=DIRECTION('',(0.,-1.,0.));
#2545=DIRECTION('',(0.,0.,-1.));
#2546=DIRECTION('',(0.,-1.,0.));
#2547=DIRECTION('',(0.,0.,-1.));
#2548=DIRECTION('',(0.,1.,0.));
#2549=DIRECTION('',(0.,0.,1.));
#2550=DIRECTION('',(1.,0.,0.));
#2551=DIRECTION('',(1.,0.,0.));
#2552=DIRECTION('',(0.,0.,1.));
#2553=DIRECTION('',(1.,0.,0.));
#2554=DIRECTION('',(1.,0.,0.));
#2555=DIRECTION('',(0.,0.,1.));
#2556=DIRECTION('',(1.,0.,0.));
#2557=DIRECTION('',(1.,0.,0.));
#2558=DIRECTION('',(0.,1.,0.));
#2559=DIRECTION('',(0.,0.,1.));
#2560=DIRECTION('',(0.,0.,1.));
#2561=DIRECTION('',(1.,0.,0.));
#2562=DIRECTION('',(0.,1.,0.));
#2563=DIRECTION('',(0.,0.,1.));
#2564=DIRECTION('',(0.,1.,0.));
#2565=DIRECTION('',(0.,0.,1.));
#2566=DIRECTION('',(0.,1.,0.));
#2567=DIRECTION('',(0.,0.,1.));
#2568=DIRECTION('',(0.,1.,0.));
#2569=DIRECTION('',(-1.,0.,0.));
#2570=DIRECTION('',(0.,1.,0.));
#2571=DIRECTION('',(-1.,0.,0.));
#2572=DIRECTION('',(0.,0.,1.));
#2573=DIRECTION('',(1.,0.,0.));
#2574=DIRECTION('',(0.,1.,0.));
#2575=DIRECTION('',(0.,0.,1.));
#2576=DIRECTION('',(0.,1.,0.));
#2577=DIRECTION('',(0.,0.,1.));
#2578=DIRECTION('',(0.,1.,0.));
#2579=DIRECTION('',(0.,0.,1.));
#2580=DIRECTION('',(0.,1.,0.));
#2581=DIRECTION('',(-1.,0.,0.));
#2582=DIRECTION('',(0.,1.,0.));
#2583=DIRECTION('',(-1.,0.,0.));
#2584=DIRECTION('',(0.,0.,1.));
#2585=DIRECTION('',(1.,0.,0.));
#2586=DIRECTION('',(-0.707106781186548,1.67744920799548E-16,-0.707106781186547));
#2587=DIRECTION('',(-2.37227142013923E-16,-1.,0.));
#2588=DIRECTION('',(-0.707106781186547,0.,0.707106781186548));
#2589=DIRECTION('',(-2.37227142013923E-16,-1.,-1.74315279842105E-32));
#2590=DIRECTION('',(-0.707106781186547,0.,0.707106781186548));
#2591=DIRECTION('',(-2.37227142013923E-16,-1.,-1.74315279842105E-32));
#2592=DIRECTION('',(0.707106781186547,0.,-0.707106781186548));
#2593=DIRECTION('',(2.37227142013923E-16,1.,1.74315279842105E-32));
#2594=DIRECTION('',(0.,-1.,0.));
#2595=DIRECTION('',(0.,0.,-1.));
#2596=DIRECTION('',(0.,0.,-1.));
#2597=DIRECTION('',(0.707106781186547,0.,0.707106781186548));
#2598=DIRECTION('',(0.,0.,-1.));
#2599=DIRECTION('',(-1.,2.37227142013923E-16,0.));
#2600=DIRECTION('',(2.37227142013923E-16,1.,0.));
#2601=DIRECTION('',(0.,0.,-1.));
#2602=DIRECTION('',(-2.37227142013923E-16,-1.,0.));
#2603=DIRECTION('',(0.,1.,0.));
#2604=DIRECTION('',(0.,0.,1.));
#2605=DIRECTION('',(0.,0.,-1.));
#2606=DIRECTION('',(-0.707106781186547,0.,-0.707106781186548));
#2607=DIRECTION('',(1.,-2.37227142013923E-16,0.));
#2608=DIRECTION('',(-2.37227142013923E-16,-1.,0.));
#2609=DIRECTION('',(0.,0.,-1.));
#2610=DIRECTION('',(2.37227142013923E-16,1.,0.));
#2611=DIRECTION('',(0.,-1.,0.));
#2612=DIRECTION('',(0.,0.,-1.));
#2613=DIRECTION('',(0.,0.,-1.));
#2614=DIRECTION('',(0.707106781186547,0.,0.707106781186548));
#2615=DIRECTION('',(1.,-2.37227142013923E-16,0.));
#2616=DIRECTION('',(-2.37227142013923E-16,-1.,0.));
#2617=DIRECTION('',(2.37227142013923E-16,1.,0.));
#2618=DIRECTION('',(-0.707106781186548,1.67744920799548E-16,0.707106781186547));
#2619=DIRECTION('',(-2.37227142013923E-16,-1.,0.));
#2620=DIRECTION('',(0.,0.,1.));
#2621=DIRECTION('',(1.,0.,0.));
#2622=DIRECTION('',(-1.,0.,0.));
#2623=DIRECTION('',(0.,0.,-1.));
#2624=DIRECTION('',(0.,0.,1.));
#2625=DIRECTION('',(0.,1.,0.));
#2626=DIRECTION('',(0.,0.,1.));
#2627=DIRECTION('',(0.,1.,0.));
#2628=DIRECTION('',(0.,1.,0.));
#2629=DIRECTION('',(0.,0.,-1.));
#2630=DIRECTION('',(0.,0.,1.));
#2631=DIRECTION('',(1.,0.,0.));
#2632=DIRECTION('',(0.707106781186548,0.,-0.707106781186548));
#2633=DIRECTION('',(1.,0.,0.));
#2634=DIRECTION('',(-0.707106781186547,0.,-0.707106781186548));
#2635=DIRECTION('',(-1.,-2.37227142013923E-16,0.));
#2636=DIRECTION('',(2.37227142013923E-16,-1.,0.));
#2637=DIRECTION('',(0.,0.,1.));
#2638=DIRECTION('',(-2.37227142013923E-16,1.,0.));
#2639=DIRECTION('',(2.37227142013923E-16,-1.,0.));
#2640=DIRECTION('',(0.,0.,-1.));
#2641=DIRECTION('',(1.,0.,0.));
#2642=DIRECTION('',(1.,0.,0.));
#2643=DIRECTION('',(0.,-1.,0.));
#2644=DIRECTION('',(1.,0.,0.));
#2645=DIRECTION('',(-2.37227142013923E-16,1.,0.));
#2646=DIRECTION('',(0.,1.,0.));
#2647=DIRECTION('',(0.,0.,-1.));
#2648=DIRECTION('',(-0.707106781186548,0.,0.707106781186548));
#2649=DIRECTION('',(1.,0.,0.));
#2650=DIRECTION('',(0.707106781186547,0.,0.707106781186548));
#2651=DIRECTION('',(0.,0.,-1.));
#2652=DIRECTION('',(1.,0.,0.));
#2653=DIRECTION('',(0.,-1.,0.));
#2654=DIRECTION('',(0.,0.,1.));
#2655=DIRECTION('',(1.,0.,0.));
#2656=DIRECTION('',(0.707106781186548,0.,-0.707106781186548));
#2657=DIRECTION('',(-0.707106781186547,0.,-0.707106781186548));
#2658=DIRECTION('',(0.,0.,-1.));
#2659=DIRECTION('',(1.,0.,0.));
#2660=DIRECTION('',(0.,1.,0.));
#2661=DIRECTION('',(-2.37227142013923E-16,1.,0.));
#2662=DIRECTION('',(0.707106781186548,1.67744920799548E-16,-0.707106781186547));
#2663=DIRECTION('',(2.37227142013923E-16,-1.,0.));
#2664=DIRECTION('',(0.707106781186548,0.,0.707106781186548));
#2665=DIRECTION('',(0.,1.,0.));
#2666=DIRECTION('',(0.,0.,1.));
#2667=DIRECTION('',(1.,0.,0.));
#2668=DIRECTION('',(0.707106781186548,1.67744920799548E-16,-0.707106781186547));
#2669=DIRECTION('',(2.37227142013923E-16,-1.,0.));
#2670=DIRECTION('',(0.707106781186547,0.,0.707106781186548));
#2671=DIRECTION('',(-2.37227142013923E-16,1.,1.74315279842105E-32));
#2672=DIRECTION('',(-0.707106781186547,0.,-0.707106781186548));
#2673=DIRECTION('',(2.37227142013923E-16,-1.,-1.74315279842105E-32));
#2674=DIRECTION('',(0.707106781186547,0.,0.707106781186548));
#2675=DIRECTION('',(2.37227142013923E-16,-1.,-1.74315279842105E-32));
#2676=DIRECTION('',(0.707106781186548,1.67744920799548E-16,0.707106781186547));
#2677=DIRECTION('',(2.37227142013923E-16,-1.,0.));
#2678=DIRECTION('',(-0.707106781186547,0.,0.707106781186548));
#2679=DIRECTION('',(-2.37227142013923E-16,1.,0.));
#2680=DIRECTION('',(-0.707106781186547,0.,0.707106781186548));
#2681=DIRECTION('',(-2.37227142013923E-16,1.,0.));
#2682=DIRECTION('',(0.707106781186547,0.,-0.707106781186548));
#2683=DIRECTION('',(2.37227142013923E-16,-1.,0.));
#2684=DIRECTION('',(-1.,-2.37227142013923E-16,0.));
#2685=DIRECTION('',(2.37227142013923E-16,-1.,0.));
#2686=DIRECTION('',(0.,0.,-1.));
#2687=DIRECTION('',(0.,0.,-1.));
#2688=DIRECTION('',(0.,-1.,0.));
#2689=DIRECTION('',(0.,0.,-1.));
#2690=DIRECTION('',(0.,0.,-1.));
#2691=DIRECTION('',(-1.,-2.37227142013923E-16,0.));
#2692=DIRECTION('',(2.37227142013923E-16,-1.,0.));
#2693=DIRECTION('',(0.,0.,-1.));
#2694=DIRECTION('',(0.,1.,0.));
#2695=DIRECTION('',(0.,0.,1.));
#2696=DIRECTION('',(0.,0.,-1.));
#2697=DIRECTION('',(1.,2.37227142013923E-16,0.));
#2698=DIRECTION('',(-2.37227142013923E-16,1.,0.));
#2699=DIRECTION('',(0.,0.,-1.));
#2700=DIRECTION('',(0.,-1.,0.));
#2701=DIRECTION('',(0.,0.,-1.));
#2702=CARTESIAN_POINT('',(0.,0.,0.));
#2703=CARTESIAN_POINT('',(0.0045,-0.003,0.11));
#2704=CARTESIAN_POINT('',(0.0045,-0.003,0.005));
#2705=CARTESIAN_POINT('',(0.0045,0.002,0.005));
#2706=CARTESIAN_POINT('',(0.0045,0.009,0.005));
#2707=CARTESIAN_POINT('',(0.0045,0.002,0.215));
#2708=CARTESIAN_POINT('',(0.0045,0.002,0.215));
#2709=CARTESIAN_POINT('',(0.0045,-0.003,0.215));
#2710=CARTESIAN_POINT('',(0.0045,0.009,0.215));
#2711=CARTESIAN_POINT('',(0.0045,0.009,0.11));
#2712=CARTESIAN_POINT('',(0.0595,-0.003,0.005));
#2713=CARTESIAN_POINT('',(0.1145,-0.003,0.005));
#2714=CARTESIAN_POINT('',(0.1145,0.002,0.005));
#2715=CARTESIAN_POINT('',(0.1145,0.009,0.005));
#2716=CARTESIAN_POINT('',(0.0045,0.002,0.005));
#2717=CARTESIAN_POINT('',(0.0595,0.009,0.005));
#2718=CARTESIAN_POINT('',(0.1145,-0.003,0.11));
#2719=CARTESIAN_POINT('',(0.1145,-0.003,0.215));
#2720=CARTESIAN_POINT('',(0.1145,0.002,0.215));
#2721=CARTESIAN_POINT('',(0.1145,0.009,0.215));
#2722=CARTESIAN_POINT('',(0.1145,0.002,0.005));
#2723=CARTESIAN_POINT('',(0.1145,0.009,0.11));
#2724=CARTESIAN_POINT('',(0.0595,-0.003,0.165));
#2725=CARTESIAN_POINT('',(0.0595,0.001,0.165));
#2726=CARTESIAN_POINT('',(0.0595,0.001,0.132));
#2727=CARTESIAN_POINT('',(0.0595,-0.003,0.165));
#2728=CARTESIAN_POINT('',(0.0595,-0.003,0.132));
#2729=CARTESIAN_POINT('',(0.0595,-0.003,0.07));
#2730=CARTESIAN_POINT('',(0.0595,-0.0015,0.07));
#2731=CARTESIAN_POINT('',(0.0595,-0.0015,0.024));
#2732=CARTESIAN_POINT('',(0.0595,-0.003,0.07));
#2733=CARTESIAN_POINT('',(0.0595,-0.003,0.024));
#2734=CARTESIAN_POINT('',(0.095244,-0.003,0.105744));
#2735=CARTESIAN_POINT('',(0.095244,-0.003,0.105744));
#2736=CARTESIAN_POINT('',(0.095244,-0.003,0.104744));
#2737=CARTESIAN_POINT('',(0.095244,0.009,0.105744));
#2738=CARTESIAN_POINT('',(0.095244,0.009,0.104744));
#2739=CARTESIAN_POINT('',(0.023756,-0.003,0.105744));
#2740=CARTESIAN_POINT('',(0.023756,-0.003,0.105744));
#2741=CARTESIAN_POINT('',(0.023756,-0.003,0.104744));
#2742=CARTESIAN_POINT('',(0.023756,0.009,0.105744));
#2743=CARTESIAN_POINT('',(0.023756,0.009,0.104744));
#2744=CARTESIAN_POINT('',(0.023756,-0.003,0.034256));
#2745=CARTESIAN_POINT('',(0.023756,-0.003,0.034256));
#2746=CARTESIAN_POINT('',(0.023756,-0.003,0.033256));
#2747=CARTESIAN_POINT('',(0.023756,0.009,0.034256));
#2748=CARTESIAN_POINT('',(0.023756,0.009,0.033256));
#2749=CARTESIAN_POINT('',(0.095244,-0.003,0.034256));
#2750=CARTESIAN_POINT('',(0.095244,-0.003,0.034256));
#2751=CARTESIAN_POINT('',(0.095244,-0.003,0.033256));
#2752=CARTESIAN_POINT('',(0.095244,0.009,0.034256));
#2753=CARTESIAN_POINT('',(0.095244,0.009,0.033256));
#2754=CARTESIAN_POINT('',(0.0595,-0.003,0.215));
#2755=CARTESIAN_POINT('',(0.1145,0.002,0.215));
#2756=CARTESIAN_POINT('',(0.0595,0.009,0.215));
#2757=CARTESIAN_POINT('',(0.0595,-0.003,0.11));
#2758=CARTESIAN_POINT('',(0.0045,-0.003,0.21));
#2759=CARTESIAN_POINT('',(0.1095,-0.003,0.21));
#2760=CARTESIAN_POINT('',(0.0095,-0.003,0.21));
#2761=CARTESIAN_POINT('',(0.0095,-0.003,0.005));
#2762=CARTESIAN_POINT('',(0.0095,-0.003,0.01));
#2763=CARTESIAN_POINT('',(0.1145,-0.003,0.01));
#2764=CARTESIAN_POINT('',(0.1095,-0.003,0.01));
#2765=CARTESIAN_POINT('',(0.1095,-0.003,0.215));
#2766=CARTESIAN_POINT('',(0.0595,0.009,0.11));
#2767=CARTESIAN_POINT('',(0.0595,0.009,0.07));
#2768=CARTESIAN_POINT('',(0.0595,0.009,0.026));
#2769=CARTESIAN_POINT('',(0.0595,0.009,0.137));
#2770=CARTESIAN_POINT('',(0.0595,0.009,0.136));
#2771=CARTESIAN_POINT('',(0.0315,0.009,0.165));
#2772=CARTESIAN_POINT('',(0.0315,0.009,0.164));
#2773=CARTESIAN_POINT('',(0.0595,0.009,0.193));
#2774=CARTESIAN_POINT('',(0.0595,0.009,0.192));
#2775=CARTESIAN_POINT('',(0.0875,0.009,0.165));
#2776=CARTESIAN_POINT('',(0.0875,0.009,0.164));
#2777=CARTESIAN_POINT('',(0.0595,0.009,0.165));
#2778=CARTESIAN_POINT('',(0.0595,0.009,0.1425));
#2779=CARTESIAN_POINT('',(0.0595,-0.0015,0.07));
#2780=CARTESIAN_POINT('',(0.0595,-0.0015,0.07));
#2781=CARTESIAN_POINT('',(0.0595,-0.0015,0.026));
#2782=CARTESIAN_POINT('',(0.0595,-0.0015,0.11));
#2783=CARTESIAN_POINT('',(0.0595,0.001,0.165));
#2784=CARTESIAN_POINT('',(0.0595,0.001,0.165));
#2785=CARTESIAN_POINT('',(0.0595,0.001,0.1425));
#2786=CARTESIAN_POINT('',(0.0875,0.001,0.165));
#2787=CARTESIAN_POINT('',(0.0875,0.001,0.165));
#2788=CARTESIAN_POINT('',(0.0875,0.001,0.164));
#2789=CARTESIAN_POINT('',(0.0595,0.001,0.193));
#2790=CARTESIAN_POINT('',(0.0595,0.001,0.193));
#2791=CARTESIAN_POINT('',(0.0595,0.001,0.192));
#2792=CARTESIAN_POINT('',(0.0315,0.001,0.165));
#2793=CARTESIAN_POINT('',(0.0315,0.001,0.165));
#2794=CARTESIAN_POINT('',(0.0315,0.001,0.164));
#2795=CARTESIAN_POINT('',(0.0595,0.001,0.137));
#2796=CARTESIAN_POINT('',(0.0595,0.001,0.137));
#2797=CARTESIAN_POINT('',(0.0595,0.001,0.136));
#2798=CARTESIAN_POINT('',(0.0595,0.001,0.11));
#2799=CARTESIAN_POINT('',(0.1095,-0.003,0.11));
#2800=CARTESIAN_POINT('',(0.0928333333333333,-0.0196666666666666,0.0266666666666667));
#2801=CARTESIAN_POINT('',(0.0761666666666666,-0.0363333333333333,0.176666666666666));
#2802=CARTESIAN_POINT('',(0.0595,-0.003,0.21));
#2803=CARTESIAN_POINT('',(0.0261666666666667,-0.0196666666666666,0.193333333333333));
#2804=CARTESIAN_POINT('',(0.0595,-0.003,0.01));
#2805=CARTESIAN_POINT('',(0.0261666666666667,-0.0196666666666666,0.0266666666666667));
#2806=CARTESIAN_POINT('',(0.0095,-0.003,0.11));
#2807=CARTESIAN_POINT('',(0.,0.,0.));
#2808=CARTESIAN_POINT('',(0.0595,0.,0.009));
#2809=CARTESIAN_POINT('',(0.,0.,0.0005));
#2810=CARTESIAN_POINT('',(0.0035,0.,0.004));
#2811=CARTESIAN_POINT('',(0.,0.,0.0005));
#2812=CARTESIAN_POINT('',(0.0595,0.,0.0005));
#2813=CARTESIAN_POINT('',(0.119,0.,0.0005));
#2814=CARTESIAN_POINT('',(0.1105,0.,0.009));
#2815=CARTESIAN_POINT('',(0.1155,0.,0.004));
#2816=CARTESIAN_POINT('',(0.0595,0.,0.004));
#2817=CARTESIAN_POINT('',(0.0595,0.0585,0.009));
#2818=CARTESIAN_POINT('',(0.0595,0.009,0.009));
#2819=CARTESIAN_POINT('',(0.0085,0.009,0.009));
#2820=CARTESIAN_POINT('',(0.1105,0.009,0.009));
#2821=CARTESIAN_POINT('',(0.1105,0.117,0.009));
#2822=CARTESIAN_POINT('',(0.1105,0.117,0.009));
#2823=CARTESIAN_POINT('',(0.0595,0.117,0.009));
#2824=CARTESIAN_POINT('',(0.0085,0.117,0.009));
#2825=CARTESIAN_POINT('',(0.0085,0.0585,0.009));
#2826=CARTESIAN_POINT('',(0.0595,0.117,0.009));
#2827=CARTESIAN_POINT('',(0.0595,0.117,0.0005));
#2828=CARTESIAN_POINT('',(-2.08166817117217E-17,0.117,0.0005));
#2829=CARTESIAN_POINT('',(0.119,0.117,0.0005));
#2830=CARTESIAN_POINT('',(0.034,0.117,0.0345));
#2831=CARTESIAN_POINT('',(0.085,0.117,0.0345));
#2832=CARTESIAN_POINT('',(0.0595,0.009,0.004));
#2833=CARTESIAN_POINT('',(0.0595,0.009,0.004));
#2834=CARTESIAN_POINT('',(0.0035,0.009,0.004));
#2835=CARTESIAN_POINT('',(0.1155,0.009,0.004));
#2836=CARTESIAN_POINT('',(0.0875,0.009,0.032));
#2837=CARTESIAN_POINT('',(0.0315,0.009,0.032));
#2838=CARTESIAN_POINT('',(0.0595,0.0585,0.004));
#2839=CARTESIAN_POINT('',(0.1155,0.0585,0.004));
#2840=CARTESIAN_POINT('',(0.0035,0.0585,0.004));
#2841=CARTESIAN_POINT('',(0.1105,0.0585,0.009));
#2842=CARTESIAN_POINT('',(0.119,0.009,0.0005));
#2843=CARTESIAN_POINT('',(0.,0.0585,0.0005));
#2844=CARTESIAN_POINT('',(0.,0.0585,0.0005));
#2845=CARTESIAN_POINT('',(0.0595,0.0585,0.0005));
#2846=CARTESIAN_POINT('',(0.,0.,0.));
#2847=CARTESIAN_POINT('',(0.0585,0.098,0.206));
#2848=CARTESIAN_POINT('',(0.0585,0.098,0.206));
#2849=CARTESIAN_POINT('',(0.0585,0.098,0.207));
#2850=CARTESIAN_POINT('',(0.0585,0.108,0.206));
#2851=CARTESIAN_POINT('',(0.0585,0.108,0.207));
#2852=CARTESIAN_POINT('',(0.0595,0.098,0.112));
#2853=CARTESIAN_POINT('',(0.0595,0.108,0.112));
#2854=CARTESIAN_POINT('',(0.,0.,0.));
#2855=CARTESIAN_POINT('',(0.0185,0.103,0.201));
#2856=CARTESIAN_POINT('',(0.0085,0.103,0.201));
#2857=CARTESIAN_POINT('',(0.0085,0.098,0.201));
#2858=CARTESIAN_POINT('',(0.0085,0.108,0.201));
#2859=CARTESIAN_POINT('',(0.0185,0.098,0.201));
#2860=CARTESIAN_POINT('',(0.0185,0.098,0.201));
#2861=CARTESIAN_POINT('',(0.0185,0.103,0.201));
#2862=CARTESIAN_POINT('',(0.0185,0.108,0.201));
#2863=CARTESIAN_POINT('',(0.0185,0.108,0.201));
#2864=CARTESIAN_POINT('',(0.0185,0.098,0.11));
#2865=CARTESIAN_POINT('',(0.0085,0.098,0.11));
#2866=CARTESIAN_POINT('',(0.0085,0.098,0.019));
#2867=CARTESIAN_POINT('',(0.0185,0.098,0.019));
#2868=CARTESIAN_POINT('',(0.0185,0.098,0.019));
#2869=CARTESIAN_POINT('',(0.0185,0.098,0.11));
#2870=CARTESIAN_POINT('',(0.0185,0.103,0.019));
#2871=CARTESIAN_POINT('',(0.0085,0.103,0.019));
#2872=CARTESIAN_POINT('',(0.0085,0.108,0.019));
#2873=CARTESIAN_POINT('',(0.0185,0.108,0.019));
#2874=CARTESIAN_POINT('',(0.0185,0.108,0.019));
#2875=CARTESIAN_POINT('',(0.0185,0.103,0.019));
#2876=CARTESIAN_POINT('',(0.0185,0.108,0.11));
#2877=CARTESIAN_POINT('',(0.0085,0.108,0.11));
#2878=CARTESIAN_POINT('',(0.0185,0.108,0.11));
#2879=CARTESIAN_POINT('',(0.0185,0.063,0.11));
#2880=CARTESIAN_POINT('',(0.0085,0.063,0.11));
#2881=CARTESIAN_POINT('',(0.,0.,0.));
#2882=CARTESIAN_POINT('',(0.0135,0.098,0.171));
#2883=CARTESIAN_POINT('',(0.0135,0.098,0.171));
#2884=CARTESIAN_POINT('',(0.0135,0.098,0.172));
#2885=CARTESIAN_POINT('',(0.0135,0.108,0.171));
#2886=CARTESIAN_POINT('',(0.0135,0.108,0.172));
#2887=CARTESIAN_POINT('',(0.0595,0.098,0.112));
#2888=CARTESIAN_POINT('',(0.0595,0.108,0.112));
#2889=CARTESIAN_POINT('',(0.,0.,0.));
#2890=CARTESIAN_POINT('',(0.1005,0.103,0.201));
#2891=CARTESIAN_POINT('',(0.1105,0.103,0.201));
#2892=CARTESIAN_POINT('',(0.1105,0.098,0.201));
#2893=CARTESIAN_POINT('',(0.1105,0.108,0.201));
#2894=CARTESIAN_POINT('',(0.1005,0.108,0.201));
#2895=CARTESIAN_POINT('',(0.1005,0.108,0.201));
#2896=CARTESIAN_POINT('',(0.1005,0.103,0.201));
#2897=CARTESIAN_POINT('',(0.1005,0.098,0.201));
#2898=CARTESIAN_POINT('',(0.1005,0.098,0.201));
#2899=CARTESIAN_POINT('',(0.1005,0.098,0.11));
#2900=CARTESIAN_POINT('',(0.1105,0.098,0.11));
#2901=CARTESIAN_POINT('',(0.1105,0.098,0.019));
#2902=CARTESIAN_POINT('',(0.1005,0.098,0.11));
#2903=CARTESIAN_POINT('',(0.1005,0.098,0.019));
#2904=CARTESIAN_POINT('',(0.1005,0.098,0.019));
#2905=CARTESIAN_POINT('',(0.1005,0.103,0.019));
#2906=CARTESIAN_POINT('',(0.1105,0.103,0.019));
#2907=CARTESIAN_POINT('',(0.1105,0.108,0.019));
#2908=CARTESIAN_POINT('',(0.1005,0.103,0.019));
#2909=CARTESIAN_POINT('',(0.1005,0.108,0.019));
#2910=CARTESIAN_POINT('',(0.1005,0.108,0.019));
#2911=CARTESIAN_POINT('',(0.1005,0.108,0.11));
#2912=CARTESIAN_POINT('',(0.1105,0.108,0.11));
#2913=CARTESIAN_POINT('',(0.1005,0.108,0.11));
#2914=CARTESIAN_POINT('',(0.1005,0.063,0.11));
#2915=CARTESIAN_POINT('',(0.1105,0.063,0.11));
#2916=CARTESIAN_POINT('',(0.,0.,0.));
#2917=CARTESIAN_POINT('',(0.1055,0.098,0.171));
#2918=CARTESIAN_POINT('',(0.1055,0.098,0.171));
#2919=CARTESIAN_POINT('',(0.1055,0.098,0.172));
#2920=CARTESIAN_POINT('',(0.1055,0.108,0.171));
#2921=CARTESIAN_POINT('',(0.1055,0.108,0.172));
#2922=CARTESIAN_POINT('',(0.0595,0.098,0.112));
#2923=CARTESIAN_POINT('',(0.0595,0.108,0.112));
#2924=CARTESIAN_POINT('',(0.,0.,0.));
#2925=CARTESIAN_POINT('',(0.0585,0.098,0.014));
#2926=CARTESIAN_POINT('',(0.0585,0.098,0.014));
#2927=CARTESIAN_POINT('',(0.0585,0.098,0.015));
#2928=CARTESIAN_POINT('',(0.0585,0.108,0.014));
#2929=CARTESIAN_POINT('',(0.0585,0.108,0.015));
#2930=CARTESIAN_POINT('',(0.0595,0.098,0.112));
#2931=CARTESIAN_POINT('',(0.0595,0.108,0.112));
#2932=CARTESIAN_POINT('',(0.,0.,0.));
#2933=CARTESIAN_POINT('',(0.0595,0.12,0.11));
#2934=CARTESIAN_POINT('',(0.0595,0.12,0.11));
#2935=CARTESIAN_POINT('',(0.0595,0.12,0.118));
#2936=CARTESIAN_POINT('',(0.0595,0.116,0.11));
#2937=CARTESIAN_POINT('',(0.0595,0.116,0.118));
#2938=CARTESIAN_POINT('',(0.0595,0.12,0.01));
#2939=CARTESIAN_POINT('',(0.0595,0.108,0.01));
#2940=CARTESIAN_POINT('',(0.1095,0.108,0.01));
#2941=CARTESIAN_POINT('',(0.0095,0.108,0.01));
#2942=CARTESIAN_POINT('',(0.0095,0.12,0.01));
#2943=CARTESIAN_POINT('',(0.0095,0.12,0.01));
#2944=CARTESIAN_POINT('',(0.0595,0.12,0.01));
#2945=CARTESIAN_POINT('',(0.1095,0.12,0.01));
#2946=CARTESIAN_POINT('',(0.1095,0.12,0.01));
#2947=CARTESIAN_POINT('',(0.0095,0.12,0.11));
#2948=CARTESIAN_POINT('',(0.0095,0.108,0.11));
#2949=CARTESIAN_POINT('',(0.0095,0.108,0.21));
#2950=CARTESIAN_POINT('',(0.0095,0.12,0.21));
#2951=CARTESIAN_POINT('',(0.0095,0.12,0.21));
#2952=CARTESIAN_POINT('',(0.0095,0.12,0.11));
#2953=CARTESIAN_POINT('',(0.0595,0.12,0.21));
#2954=CARTESIAN_POINT('',(0.0595,0.108,0.21));
#2955=CARTESIAN_POINT('',(0.1095,0.108,0.21));
#2956=CARTESIAN_POINT('',(0.1095,0.12,0.21));
#2957=CARTESIAN_POINT('',(0.1095,0.12,0.21));
#2958=CARTESIAN_POINT('',(0.0595,0.12,0.21));
#2959=CARTESIAN_POINT('',(0.1055,0.12,0.049));
#2960=CARTESIAN_POINT('',(0.1055,0.12,0.049));
#2961=CARTESIAN_POINT('',(0.1055,0.12,0.0505));
#2962=CARTESIAN_POINT('',(0.1055,0.108,0.049));
#2963=CARTESIAN_POINT('',(0.1055,0.108,0.0505));
#2964=CARTESIAN_POINT('',(0.1055,0.12,0.171));
#2965=CARTESIAN_POINT('',(0.1055,0.12,0.171));
#2966=CARTESIAN_POINT('',(0.1055,0.12,0.1725));
#2967=CARTESIAN_POINT('',(0.1055,0.108,0.171));
#2968=CARTESIAN_POINT('',(0.1055,0.108,0.1725));
#2969=CARTESIAN_POINT('',(0.0135,0.12,0.049));
#2970=CARTESIAN_POINT('',(0.0135,0.12,0.049));
#2971=CARTESIAN_POINT('',(0.0135,0.12,0.0505));
#2972=CARTESIAN_POINT('',(0.0135,0.108,0.049));
#2973=CARTESIAN_POINT('',(0.0135,0.108,0.0505));
#2974=CARTESIAN_POINT('',(0.0135,0.12,0.171));
#2975=CARTESIAN_POINT('',(0.0135,0.12,0.171));
#2976=CARTESIAN_POINT('',(0.0135,0.12,0.1725));
#2977=CARTESIAN_POINT('',(0.0135,0.108,0.171));
#2978=CARTESIAN_POINT('',(0.0135,0.108,0.1725));
#2979=CARTESIAN_POINT('',(0.1095,0.12,0.11));
#2980=CARTESIAN_POINT('',(0.1095,0.108,0.11));
#2981=CARTESIAN_POINT('',(0.1095,0.12,0.11));
#2982=CARTESIAN_POINT('',(0.0585,0.12,0.014));
#2983=CARTESIAN_POINT('',(0.0585,0.12,0.014));
#2984=CARTESIAN_POINT('',(0.0585,0.12,0.0155));
#2985=CARTESIAN_POINT('',(0.0585,0.108,0.014));
#2986=CARTESIAN_POINT('',(0.0585,0.108,0.0155));
#2987=CARTESIAN_POINT('',(0.0585,0.12,0.206));
#2988=CARTESIAN_POINT('',(0.0585,0.12,0.206));
#2989=CARTESIAN_POINT('',(0.0585,0.12,0.2075));
#2990=CARTESIAN_POINT('',(0.0585,0.108,0.206));
#2991=CARTESIAN_POINT('',(0.0585,0.108,0.2075));
#2992=CARTESIAN_POINT('',(0.0595,0.12,0.1095));
#2993=CARTESIAN_POINT('',(0.0595,0.108,0.1095));
#2994=CARTESIAN_POINT('',(0.0595,0.108,0.11));
#2995=CARTESIAN_POINT('',(0.0595,0.108,0.095));
#2996=CARTESIAN_POINT('',(0.0595,0.116,0.11));
#2997=CARTESIAN_POINT('',(0.0595,0.116,0.11));
#2998=CARTESIAN_POINT('',(0.0595,0.116,0.095));
#2999=CARTESIAN_POINT('',(0.0595,0.116,0.11));
#3000=CARTESIAN_POINT('',(0.,0.,0.));
#3001=CARTESIAN_POINT('',(0.1105,0.117,0.201));
#3002=CARTESIAN_POINT('',(0.1105,0.108,0.201));
#3003=CARTESIAN_POINT('',(0.1105,0.108,0.201));
#3004=CARTESIAN_POINT('',(0.1105,0.108,0.211));
#3005=CARTESIAN_POINT('',(0.1105,0.117,0.211));
#3006=CARTESIAN_POINT('',(0.1105,0.098,0.211));
#3007=CARTESIAN_POINT('',(0.1105,0.098,0.201));
#3008=CARTESIAN_POINT('',(0.1105,0.098,0.201));
#3009=CARTESIAN_POINT('',(0.1105,0.117,0.201));
#3010=CARTESIAN_POINT('',(0.0085,0.0585,0.201));
#3011=CARTESIAN_POINT('',(0.0085,0.0585,0.201));
#3012=CARTESIAN_POINT('',(0.0085,0.108,0.201));
#3013=CARTESIAN_POINT('',(0.0085,0.098,0.201));
#3014=CARTESIAN_POINT('',(0.0085,0.098,0.201));
#3015=CARTESIAN_POINT('',(0.0085,0.098,0.211));
#3016=CARTESIAN_POINT('',(0.0085,0.0585,0.211));
#3017=CARTESIAN_POINT('',(0.0085,0.108,0.211));
#3018=CARTESIAN_POINT('',(0.0085,0.108,0.201));
#3019=CARTESIAN_POINT('',(0.0595,0.098,0.201));
#3020=CARTESIAN_POINT('',(0.0595,0.098,0.211));
#3021=CARTESIAN_POINT('',(0.0595,0.098,0.201));
#3022=CARTESIAN_POINT('',(0.0595,0.063,0.201));
#3023=CARTESIAN_POINT('',(0.0595,0.108,0.201));
#3024=CARTESIAN_POINT('',(0.0595,0.063,0.211));
#3025=CARTESIAN_POINT('',(0.0595,0.108,0.211));
#3026=CARTESIAN_POINT('',(0.0595,0.108,0.201));
#3027=CARTESIAN_POINT('',(0.,0.,0.));
#3028=CARTESIAN_POINT('',(0.1105,0.117,0.019));
#3029=CARTESIAN_POINT('',(0.1105,0.108,0.019));
#3030=CARTESIAN_POINT('',(0.1105,0.108,0.019));
#3031=CARTESIAN_POINT('',(0.1105,0.108,0.009));
#3032=CARTESIAN_POINT('',(0.1105,0.117,0.019));
#3033=CARTESIAN_POINT('',(0.1105,0.098,0.019));
#3034=CARTESIAN_POINT('',(0.1105,0.098,0.019));
#3035=CARTESIAN_POINT('',(0.1105,0.098,0.009));
#3036=CARTESIAN_POINT('',(0.1105,0.117,0.009));
#3037=CARTESIAN_POINT('',(0.0085,0.0585,0.019));
#3038=CARTESIAN_POINT('',(0.0085,0.0585,0.019));
#3039=CARTESIAN_POINT('',(0.0085,0.108,0.019));
#3040=CARTESIAN_POINT('',(0.0085,0.098,0.019));
#3041=CARTESIAN_POINT('',(0.0085,0.108,0.019));
#3042=CARTESIAN_POINT('',(0.0085,0.108,0.009));
#3043=CARTESIAN_POINT('',(0.0085,0.0585,0.009));
#3044=CARTESIAN_POINT('',(0.0085,0.098,0.009));
#3045=CARTESIAN_POINT('',(0.0085,0.098,0.019));
#3046=CARTESIAN_POINT('',(0.0595,0.098,0.019));
#3047=CARTESIAN_POINT('',(0.0595,0.098,0.009));
#3048=CARTESIAN_POINT('',(0.0595,0.098,0.019));
#3049=CARTESIAN_POINT('',(0.0595,0.063,0.019));
#3050=CARTESIAN_POINT('',(0.0595,0.108,0.019));
#3051=CARTESIAN_POINT('',(0.0595,0.063,0.009));
#3052=CARTESIAN_POINT('',(0.0595,0.108,0.009));
#3053=CARTESIAN_POINT('',(0.0595,0.108,0.019));
#3054=CARTESIAN_POINT('',(0.,0.,0.));
#3055=CARTESIAN_POINT('',(0.1055,0.098,0.049));
#3056=CARTESIAN_POINT('',(0.1055,0.098,0.049));
#3057=CARTESIAN_POINT('',(0.1055,0.098,0.05));
#3058=CARTESIAN_POINT('',(0.1055,0.108,0.049));
#3059=CARTESIAN_POINT('',(0.1055,0.108,0.05));
#3060=CARTESIAN_POINT('',(0.0595,0.098,0.112));
#3061=CARTESIAN_POINT('',(0.0595,0.108,0.112));
#3062=CARTESIAN_POINT('',(0.,0.,0.));
#3063=CARTESIAN_POINT('',(0.0135,0.098,0.049));
#3064=CARTESIAN_POINT('',(0.0135,0.098,0.049));
#3065=CARTESIAN_POINT('',(0.0135,0.098,0.05));
#3066=CARTESIAN_POINT('',(0.0135,0.108,0.049));
#3067=CARTESIAN_POINT('',(0.0135,0.108,0.05));
#3068=CARTESIAN_POINT('',(0.0595,0.098,0.112));
#3069=CARTESIAN_POINT('',(0.0595,0.108,0.112));
#3070=CARTESIAN_POINT('',(0.,0.,0.));
#3071=CARTESIAN_POINT('',(0.0085,0.0585,0.211));
#3072=CARTESIAN_POINT('',(-1.00000000004263E-6,0.,0.219501));
#3073=CARTESIAN_POINT('',(0.0035,0.,0.216));
#3074=CARTESIAN_POINT('',(-1.38777878078145E-17,0.,0.2195));
#3075=CARTESIAN_POINT('',(0.0035,0.0585,0.216));
#3076=CARTESIAN_POINT('',(0.0035,0.009,0.216));
#3077=CARTESIAN_POINT('',(-1.00000000007039E-6,0.009,0.219501));
#3078=CARTESIAN_POINT('',(0.0085,0.009,0.211));
#3079=CARTESIAN_POINT('',(0.0085,0.117,0.211));
#3080=CARTESIAN_POINT('',(0.0085,0.117,0.211));
#3081=CARTESIAN_POINT('',(-1.00000000004263E-6,0.117,0.219501));
#3082=CARTESIAN_POINT('',(1.38777878078145E-17,0.117,0.2195));
#3083=CARTESIAN_POINT('',(-1.38777878078145E-17,0.009,0.2195));
#3084=CARTESIAN_POINT('',(0.0085,0.,0.228002));
#3085=CARTESIAN_POINT('',(-1.38777878078145E-17,0.,0.219502));
#3086=CARTESIAN_POINT('',(-1.38777878078145E-17,0.,0.0005));
#3087=CARTESIAN_POINT('',(0.0085,0.,0.009));
#3088=CARTESIAN_POINT('',(0.0035,0.,0.004));
#3089=CARTESIAN_POINT('',(0.0035,0.,0.223002));
#3090=CARTESIAN_POINT('',(-1.38777878078145E-17,0.009,0.219502));
#3091=CARTESIAN_POINT('',(1.38777878078145E-17,0.117,0.219502));
#3092=CARTESIAN_POINT('',(1.38777878078145E-17,0.117,0.0005));
#3093=CARTESIAN_POINT('',(-1.38777878078145E-17,0.009,0.0005));
#3094=CARTESIAN_POINT('',(0.034,0.117,0.253502));
#3095=CARTESIAN_POINT('',(0.0085,0.117,0.228002));
#3096=CARTESIAN_POINT('',(0.0085,0.117,0.009));
#3097=CARTESIAN_POINT('',(0.034,0.117,0.0345));
#3098=CARTESIAN_POINT('',(0.0085,0.117,0.228002));
#3099=CARTESIAN_POINT('',(0.0085,0.009,0.228002));
#3100=CARTESIAN_POINT('',(0.0085,0.009,0.009));
#3101=CARTESIAN_POINT('',(0.0085,0.117,0.009));
#3102=CARTESIAN_POINT('',(0.0315,0.009,0.251002));
#3103=CARTESIAN_POINT('',(0.0035,0.009,0.223002));
#3104=CARTESIAN_POINT('',(0.0035,0.009,0.004));
#3105=CARTESIAN_POINT('',(0.0315,0.009,0.032));
#3106=CARTESIAN_POINT('',(0.0035,0.0585,0.223002));
#3107=CARTESIAN_POINT('',(0.0035,0.0585,0.004));
#3108=CARTESIAN_POINT('',(0.0085,0.0585,0.009));
#3109=CARTESIAN_POINT('',(0.,0.,0.));
#3110=CARTESIAN_POINT('',(0.,0.0585,0.211));
#3111=CARTESIAN_POINT('',(0.,0.,0.211));
#3112=CARTESIAN_POINT('',(0.,0.,0.2195));
#3113=CARTESIAN_POINT('',(0.,0.,0.22));
#3114=CARTESIAN_POINT('',(0.,0.0585,0.22));
#3115=CARTESIAN_POINT('',(-2.08166817117217E-17,0.117,0.22));
#3116=CARTESIAN_POINT('',(-2.08166817117217E-17,0.117,0.211));
#3117=CARTESIAN_POINT('',(-2.08166817117217E-17,0.117,0.2195));
#3118=CARTESIAN_POINT('',(0.,0.0585,0.2195));
#3119=CARTESIAN_POINT('',(0.0595,0.,0.211));
#3120=CARTESIAN_POINT('',(0.119,0.,0.211));
#3121=CARTESIAN_POINT('',(0.119,0.,0.2195));
#3122=CARTESIAN_POINT('',(0.119,0.,0.22));
#3123=CARTESIAN_POINT('',(0.0595,0.,0.22));
#3124=CARTESIAN_POINT('',(0.,0.,0.2195));
#3125=CARTESIAN_POINT('',(0.0035,0.,0.216));
#3126=CARTESIAN_POINT('',(0.0595,0.,0.216));
#3127=CARTESIAN_POINT('',(0.1155,0.,0.216));
#3128=CARTESIAN_POINT('',(0.1105,0.,0.211));
#3129=CARTESIAN_POINT('',(0.119,0.0585,0.211));
#3130=CARTESIAN_POINT('',(0.119,0.117,0.211));
#3131=CARTESIAN_POINT('',(0.119,0.117,0.2195));
#3132=CARTESIAN_POINT('',(0.119,0.117,0.22));
#3133=CARTESIAN_POINT('',(0.119,0.0585,0.22));
#3134=CARTESIAN_POINT('',(0.119,0.009,0.2195));
#3135=CARTESIAN_POINT('',(0.0595,0.0585,0.211));
#3136=CARTESIAN_POINT('',(0.0595,0.009,0.211));
#3137=CARTESIAN_POINT('',(0.0085,0.009,0.211));
#3138=CARTESIAN_POINT('',(0.1105,0.009,0.211));
#3139=CARTESIAN_POINT('',(0.0085,0.0585,0.211));
#3140=CARTESIAN_POINT('',(0.0085,0.117,0.211));
#3141=CARTESIAN_POINT('',(0.0595,0.117,0.211));
#3142=CARTESIAN_POINT('',(0.1105,0.117,0.211));
#3143=CARTESIAN_POINT('',(0.1105,0.117,0.211));
#3144=CARTESIAN_POINT('',(0.0595,0.117,0.211));
#3145=CARTESIAN_POINT('',(0.034,0.117,0.1855));
#3146=CARTESIAN_POINT('',(0.0595,0.117,0.22));
#3147=CARTESIAN_POINT('',(0.085,0.117,0.1855));
#3148=CARTESIAN_POINT('',(0.0595,0.0585,0.22));
#3149=CARTESIAN_POINT('',(0.0595,0.009,0.216));
#3150=CARTESIAN_POINT('',(0.0595,0.009,0.216));
#3151=CARTESIAN_POINT('',(0.0035,0.009,0.216));
#3152=CARTESIAN_POINT('',(0.1155,0.009,0.216));
#3153=CARTESIAN_POINT('',(0.0315,0.009,0.188));
#3154=CARTESIAN_POINT('',(0.0875,0.009,0.188));
#3155=CARTESIAN_POINT('',(0.0595,0.0585,0.216));
#3156=CARTESIAN_POINT('',(0.0035,0.0585,0.216));
#3157=CARTESIAN_POINT('',(0.1155,0.0585,0.216));
#3158=CARTESIAN_POINT('',(0.1105,0.0585,0.211));
#3159=CARTESIAN_POINT('',(0.,0.0585,0.2195));
#3160=CARTESIAN_POINT('',(0.,0.,0.));
#3161=CARTESIAN_POINT('',(0.1105,0.0585,0.211));
#3162=CARTESIAN_POINT('',(0.119001,0.,0.219501));
#3163=CARTESIAN_POINT('',(0.1155,0.,0.216));
#3164=CARTESIAN_POINT('',(0.119,0.,0.2195));
#3165=CARTESIAN_POINT('',(0.119,0.009,0.2195));
#3166=CARTESIAN_POINT('',(0.119,0.117,0.2195));
#3167=CARTESIAN_POINT('',(0.119001,0.117,0.219501));
#3168=CARTESIAN_POINT('',(0.1105,0.117,0.211));
#3169=CARTESIAN_POINT('',(0.1105,0.117,0.211));
#3170=CARTESIAN_POINT('',(0.1105,0.009,0.211));
#3171=CARTESIAN_POINT('',(0.119001,0.009,0.219501));
#3172=CARTESIAN_POINT('',(0.1155,0.009,0.216));
#3173=CARTESIAN_POINT('',(0.1155,0.0585,0.216));
#3174=CARTESIAN_POINT('',(0.1105,0.0585,0.009));
#3175=CARTESIAN_POINT('',(0.1105,0.,0.009));
#3176=CARTESIAN_POINT('',(0.119,0.,0.0005));
#3177=CARTESIAN_POINT('',(0.1155,0.,0.004));
#3178=CARTESIAN_POINT('',(0.1155,0.0585,0.004));
#3179=CARTESIAN_POINT('',(0.1155,0.009,0.004));
#3180=CARTESIAN_POINT('',(0.0875,0.009,0.032));
#3181=CARTESIAN_POINT('',(0.1105,0.009,0.009));
#3182=CARTESIAN_POINT('',(0.1105,0.117,0.009));
#3183=CARTESIAN_POINT('',(0.1105,0.117,0.009));
#3184=CARTESIAN_POINT('',(0.085,0.117,0.0345));
#3185=CARTESIAN_POINT('',(0.119,0.117,0.0005));
#3186=CARTESIAN_POINT('',(0.119,0.009,0.0005));
#3187=CARTESIAN_POINT('',(0.1155,0.0585,0.223002));
#3188=CARTESIAN_POINT('',(0.1155,0.009,0.223002));
#3189=CARTESIAN_POINT('',(0.1155,0.,0.223002));
#3190=CARTESIAN_POINT('',(0.0875,0.009,0.251002));
#3191=CARTESIAN_POINT('',(0.1105,0.009,0.228002));
#3192=CARTESIAN_POINT('',(0.1105,0.117,0.228002));
#3193=CARTESIAN_POINT('',(0.1105,0.117,0.228002));
#3194=CARTESIAN_POINT('',(0.085,0.117,0.253502));
#3195=CARTESIAN_POINT('',(0.119,0.117,0.219502));
#3196=CARTESIAN_POINT('',(0.119,0.009,0.219502));
#3197=CARTESIAN_POINT('',(0.119,0.,0.219502));
#3198=CARTESIAN_POINT('',(0.1105,0.,0.228002));
#3199=MECHANICAL_DESIGN_GEOMETRIC_PRESENTATION_REPRESENTATION('',(#1802),
#3215);
#3200=MECHANICAL_DESIGN_GEOMETRIC_PRESENTATION_REPRESENTATION('',(#1803,
#10),#3216);
#3201=MECHANICAL_DESIGN_GEOMETRIC_PRESENTATION_REPRESENTATION('',(#1804),
#3217);
#3202=MECHANICAL_DESIGN_GEOMETRIC_PRESENTATION_REPRESENTATION('',(#1805),
#3218);
#3203=MECHANICAL_DESIGN_GEOMETRIC_PRESENTATION_REPRESENTATION('',(#1806),
#3219);
#3204=MECHANICAL_DESIGN_GEOMETRIC_PRESENTATION_REPRESENTATION('',(#1807),
#3220);
#3205=MECHANICAL_DESIGN_GEOMETRIC_PRESENTATION_REPRESENTATION('',(#1808),
#3221);
#3206=MECHANICAL_DESIGN_GEOMETRIC_PRESENTATION_REPRESENTATION('',(#1809),
#3222);
#3207=MECHANICAL_DESIGN_GEOMETRIC_PRESENTATION_REPRESENTATION('',(#1810),
#3223);
#3208=MECHANICAL_DESIGN_GEOMETRIC_PRESENTATION_REPRESENTATION('',(#1811),
#3224);
#3209=MECHANICAL_DESIGN_GEOMETRIC_PRESENTATION_REPRESENTATION('',(#1812),
#3225);
#3210=MECHANICAL_DESIGN_GEOMETRIC_PRESENTATION_REPRESENTATION('',(#1813),
#3226);
#3211=MECHANICAL_DESIGN_GEOMETRIC_PRESENTATION_REPRESENTATION('',(#1814),
#3227);
#3212=MECHANICAL_DESIGN_GEOMETRIC_PRESENTATION_REPRESENTATION('',(#1815,
#11),#3228);
#3213=MECHANICAL_DESIGN_GEOMETRIC_PRESENTATION_REPRESENTATION('',(#1816,
#12),#3229);
#3214=MECHANICAL_DESIGN_GEOMETRIC_PRESENTATION_REPRESENTATION('',(#1817,
#13),#3230);
#3215=(
GEOMETRIC_REPRESENTATION_CONTEXT(3)
GLOBAL_UNCERTAINTY_ASSIGNED_CONTEXT((#3231))
GLOBAL_UNIT_ASSIGNED_CONTEXT((#3279,#3263,#3247))
REPRESENTATION_CONTEXT('Part 15','TOP_LEVEL_ASSEMBLY_PART')
);
#3216=(
GEOMETRIC_REPRESENTATION_CONTEXT(3)
GLOBAL_UNCERTAINTY_ASSIGNED_CONTEXT((#3232))
GLOBAL_UNIT_ASSIGNED_CONTEXT((#3280,#3264,#3248))
REPRESENTATION_CONTEXT('Part 1','TOP_LEVEL_ASSEMBLY_PART')
);
#3217=(
GEOMETRIC_REPRESENTATION_CONTEXT(3)
GLOBAL_UNCERTAINTY_ASSIGNED_CONTEXT((#3233))
GLOBAL_UNIT_ASSIGNED_CONTEXT((#3281,#3265,#3249))
REPRESENTATION_CONTEXT('Part 9','TOP_LEVEL_ASSEMBLY_PART')
);
#3218=(
GEOMETRIC_REPRESENTATION_CONTEXT(3)
GLOBAL_UNCERTAINTY_ASSIGNED_CONTEXT((#3234))
GLOBAL_UNIT_ASSIGNED_CONTEXT((#3282,#3266,#3250))
REPRESENTATION_CONTEXT('Part 7','TOP_LEVEL_ASSEMBLY_PART')
);
#3219=(
GEOMETRIC_REPRESENTATION_CONTEXT(3)
GLOBAL_UNCERTAINTY_ASSIGNED_CONTEXT((#3235))
GLOBAL_UNIT_ASSIGNED_CONTEXT((#3283,#3267,#3251))
REPRESENTATION_CONTEXT('Part 10','TOP_LEVEL_ASSEMBLY_PART')
);
#3220=(
GEOMETRIC_REPRESENTATION_CONTEXT(3)
GLOBAL_UNCERTAINTY_ASSIGNED_CONTEXT((#3236))
GLOBAL_UNIT_ASSIGNED_CONTEXT((#3284,#3268,#3252))
REPRESENTATION_CONTEXT('Part 8','TOP_LEVEL_ASSEMBLY_PART')
);
#3221=(
GEOMETRIC_REPRESENTATION_CONTEXT(3)
GLOBAL_UNCERTAINTY_ASSIGNED_CONTEXT((#3237))
GLOBAL_UNIT_ASSIGNED_CONTEXT((#3285,#3269,#3253))
REPRESENTATION_CONTEXT('Part 11','TOP_LEVEL_ASSEMBLY_PART')
);
#3222=(
GEOMETRIC_REPRESENTATION_CONTEXT(3)
GLOBAL_UNCERTAINTY_ASSIGNED_CONTEXT((#3238))
GLOBAL_UNIT_ASSIGNED_CONTEXT((#3286,#3270,#3254))
REPRESENTATION_CONTEXT('Part 12','TOP_LEVEL_ASSEMBLY_PART')
);
#3223=(
GEOMETRIC_REPRESENTATION_CONTEXT(3)
GLOBAL_UNCERTAINTY_ASSIGNED_CONTEXT((#3239))
GLOBAL_UNIT_ASSIGNED_CONTEXT((#3287,#3271,#3255))
REPRESENTATION_CONTEXT('Part 17','TOP_LEVEL_ASSEMBLY_PART')
);
#3224=(
GEOMETRIC_REPRESENTATION_CONTEXT(3)
GLOBAL_UNCERTAINTY_ASSIGNED_CONTEXT((#3240))
GLOBAL_UNIT_ASSIGNED_CONTEXT((#3288,#3272,#3256))
REPRESENTATION_CONTEXT('Part 6','TOP_LEVEL_ASSEMBLY_PART')
);
#3225=(
GEOMETRIC_REPRESENTATION_CONTEXT(3)
GLOBAL_UNCERTAINTY_ASSIGNED_CONTEXT((#3241))
GLOBAL_UNIT_ASSIGNED_CONTEXT((#3289,#3273,#3257))
REPRESENTATION_CONTEXT('Part 5','TOP_LEVEL_ASSEMBLY_PART')
);
#3226=(
GEOMETRIC_REPRESENTATION_CONTEXT(3)
GLOBAL_UNCERTAINTY_ASSIGNED_CONTEXT((#3242))
GLOBAL_UNIT_ASSIGNED_CONTEXT((#3290,#3274,#3258))
REPRESENTATION_CONTEXT('Part 13','TOP_LEVEL_ASSEMBLY_PART')
);
#3227=(
GEOMETRIC_REPRESENTATION_CONTEXT(3)
GLOBAL_UNCERTAINTY_ASSIGNED_CONTEXT((#3243))
GLOBAL_UNIT_ASSIGNED_CONTEXT((#3291,#3275,#3259))
REPRESENTATION_CONTEXT('Part 14','TOP_LEVEL_ASSEMBLY_PART')
);
#3228=(
GEOMETRIC_REPRESENTATION_CONTEXT(3)
GLOBAL_UNCERTAINTY_ASSIGNED_CONTEXT((#3244))
GLOBAL_UNIT_ASSIGNED_CONTEXT((#3292,#3276,#3260))
REPRESENTATION_CONTEXT('Part 4','TOP_LEVEL_ASSEMBLY_PART')
);
#3229=(
GEOMETRIC_REPRESENTATION_CONTEXT(3)
GLOBAL_UNCERTAINTY_ASSIGNED_CONTEXT((#3245))
GLOBAL_UNIT_ASSIGNED_CONTEXT((#3293,#3277,#3261))
REPRESENTATION_CONTEXT('Part 2','TOP_LEVEL_ASSEMBLY_PART')
);
#3230=(
GEOMETRIC_REPRESENTATION_CONTEXT(3)
GLOBAL_UNCERTAINTY_ASSIGNED_CONTEXT((#3246))
GLOBAL_UNIT_ASSIGNED_CONTEXT((#3294,#3278,#3262))
REPRESENTATION_CONTEXT('Part 3','TOP_LEVEL_ASSEMBLY_PART')
);
#3231=UNCERTAINTY_MEASURE_WITH_UNIT(LENGTH_MEASURE(1.E-8),#3279,
'DISTANCE_ACCURACY_VALUE','Maximum Tolerance applied to model');
#3232=UNCERTAINTY_MEASURE_WITH_UNIT(LENGTH_MEASURE(1.E-8),#3280,
'DISTANCE_ACCURACY_VALUE','Maximum Tolerance applied to model');
#3233=UNCERTAINTY_MEASURE_WITH_UNIT(LENGTH_MEASURE(1.E-8),#3281,
'DISTANCE_ACCURACY_VALUE','Maximum Tolerance applied to model');
#3234=UNCERTAINTY_MEASURE_WITH_UNIT(LENGTH_MEASURE(1.E-8),#3282,
'DISTANCE_ACCURACY_VALUE','Maximum Tolerance applied to model');
#3235=UNCERTAINTY_MEASURE_WITH_UNIT(LENGTH_MEASURE(1.E-8),#3283,
'DISTANCE_ACCURACY_VALUE','Maximum Tolerance applied to model');
#3236=UNCERTAINTY_MEASURE_WITH_UNIT(LENGTH_MEASURE(1.E-8),#3284,
'DISTANCE_ACCURACY_VALUE','Maximum Tolerance applied to model');
#3237=UNCERTAINTY_MEASURE_WITH_UNIT(LENGTH_MEASURE(1.E-8),#3285,
'DISTANCE_ACCURACY_VALUE','Maximum Tolerance applied to model');
#3238=UNCERTAINTY_MEASURE_WITH_UNIT(LENGTH_MEASURE(1.E-8),#3286,
'DISTANCE_ACCURACY_VALUE','Maximum Tolerance applied to model');
#3239=UNCERTAINTY_MEASURE_WITH_UNIT(LENGTH_MEASURE(1.E-8),#3287,
'DISTANCE_ACCURACY_VALUE','Maximum Tolerance applied to model');
#3240=UNCERTAINTY_MEASURE_WITH_UNIT(LENGTH_MEASURE(1.E-8),#3288,
'DISTANCE_ACCURACY_VALUE','Maximum Tolerance applied to model');
#3241=UNCERTAINTY_MEASURE_WITH_UNIT(LENGTH_MEASURE(1.E-8),#3289,
'DISTANCE_ACCURACY_VALUE','Maximum Tolerance applied to model');
#3242=UNCERTAINTY_MEASURE_WITH_UNIT(LENGTH_MEASURE(1.E-8),#3290,
'DISTANCE_ACCURACY_VALUE','Maximum Tolerance applied to model');
#3243=UNCERTAINTY_MEASURE_WITH_UNIT(LENGTH_MEASURE(1.E-8),#3291,
'DISTANCE_ACCURACY_VALUE','Maximum Tolerance applied to model');
#3244=UNCERTAINTY_MEASURE_WITH_UNIT(LENGTH_MEASURE(1.E-8),#3292,
'DISTANCE_ACCURACY_VALUE','Maximum Tolerance applied to model');
#3245=UNCERTAINTY_MEASURE_WITH_UNIT(LENGTH_MEASURE(1.E-8),#3293,
'DISTANCE_ACCURACY_VALUE','Maximum Tolerance applied to model');
#3246=UNCERTAINTY_MEASURE_WITH_UNIT(LENGTH_MEASURE(1.E-8),#3294,
'DISTANCE_ACCURACY_VALUE','Maximum Tolerance applied to model');
#3247=(
NAMED_UNIT(*)
SI_UNIT($,.STERADIAN.)
SOLID_ANGLE_UNIT()
);
#3248=(
NAMED_UNIT(*)
SI_UNIT($,.STERADIAN.)
SOLID_ANGLE_UNIT()
);
#3249=(
NAMED_UNIT(*)
SI_UNIT($,.STERADIAN.)
SOLID_ANGLE_UNIT()
);
#3250=(
NAMED_UNIT(*)
SI_UNIT($,.STERADIAN.)
SOLID_ANGLE_UNIT()
);
#3251=(
NAMED_UNIT(*)
SI_UNIT($,.STERADIAN.)
SOLID_ANGLE_UNIT()
);
#3252=(
NAMED_UNIT(*)
SI_UNIT($,.STERADIAN.)
SOLID_ANGLE_UNIT()
);
#3253=(
NAMED_UNIT(*)
SI_UNIT($,.STERADIAN.)
SOLID_ANGLE_UNIT()
);
#3254=(
NAMED_UNIT(*)
SI_UNIT($,.STERADIAN.)
SOLID_ANGLE_UNIT()
);
#3255=(
NAMED_UNIT(*)
SI_UNIT($,.STERADIAN.)
SOLID_ANGLE_UNIT()
);
#3256=(
NAMED_UNIT(*)
SI_UNIT($,.STERADIAN.)
SOLID_ANGLE_UNIT()
);
#3257=(
NAMED_UNIT(*)
SI_UNIT($,.STERADIAN.)
SOLID_ANGLE_UNIT()
);
#3258=(
NAMED_UNIT(*)
SI_UNIT($,.STERADIAN.)
SOLID_ANGLE_UNIT()
);
#3259=(
NAMED_UNIT(*)
SI_UNIT($,.STERADIAN.)
SOLID_ANGLE_UNIT()
);
#3260=(
NAMED_UNIT(*)
SI_UNIT($,.STERADIAN.)
SOLID_ANGLE_UNIT()
);
#3261=(
NAMED_UNIT(*)
SI_UNIT($,.STERADIAN.)
SOLID_ANGLE_UNIT()
);
#3262=(
NAMED_UNIT(*)
SI_UNIT($,.STERADIAN.)
SOLID_ANGLE_UNIT()
);
#3263=(
NAMED_UNIT(*)
PLANE_ANGLE_UNIT()
SI_UNIT($,.RADIAN.)
);
#3264=(
NAMED_UNIT(*)
PLANE_ANGLE_UNIT()
SI_UNIT($,.RADIAN.)
);
#3265=(
NAMED_UNIT(*)
PLANE_ANGLE_UNIT()
SI_UNIT($,.RADIAN.)
);
#3266=(
NAMED_UNIT(*)
PLANE_ANGLE_UNIT()
SI_UNIT($,.RADIAN.)
);
#3267=(
NAMED_UNIT(*)
PLANE_ANGLE_UNIT()
SI_UNIT($,.RADIAN.)
);
#3268=(
NAMED_UNIT(*)
PLANE_ANGLE_UNIT()
SI_UNIT($,.RADIAN.)
);
#3269=(
NAMED_UNIT(*)
PLANE_ANGLE_UNIT()
SI_UNIT($,.RADIAN.)
);
#3270=(
NAMED_UNIT(*)
PLANE_ANGLE_UNIT()
SI_UNIT($,.RADIAN.)
);
#3271=(
NAMED_UNIT(*)
PLANE_ANGLE_UNIT()
SI_UNIT($,.RADIAN.)
);
#3272=(
NAMED_UNIT(*)
PLANE_ANGLE_UNIT()
SI_UNIT($,.RADIAN.)
);
#3273=(
NAMED_UNIT(*)
PLANE_ANGLE_UNIT()
SI_UNIT($,.RADIAN.)
);
#3274=(
NAMED_UNIT(*)
PLANE_ANGLE_UNIT()
SI_UNIT($,.RADIAN.)
);
#3275=(
NAMED_UNIT(*)
PLANE_ANGLE_UNIT()
SI_UNIT($,.RADIAN.)
);
#3276=(
NAMED_UNIT(*)
PLANE_ANGLE_UNIT()
SI_UNIT($,.RADIAN.)
);
#3277=(
NAMED_UNIT(*)
PLANE_ANGLE_UNIT()
SI_UNIT($,.RADIAN.)
);
#3278=(
NAMED_UNIT(*)
PLANE_ANGLE_UNIT()
SI_UNIT($,.RADIAN.)
);
#3279=(
LENGTH_UNIT()
NAMED_UNIT(*)
SI_UNIT($,.METRE.)
);
#3280=(
LENGTH_UNIT()
NAMED_UNIT(*)
SI_UNIT($,.METRE.)
);
#3281=(
LENGTH_UNIT()
NAMED_UNIT(*)
SI_UNIT($,.METRE.)
);
#3282=(
LENGTH_UNIT()
NAMED_UNIT(*)
SI_UNIT($,.METRE.)
);
#3283=(
LENGTH_UNIT()
NAMED_UNIT(*)
SI_UNIT($,.METRE.)
);
#3284=(
LENGTH_UNIT()
NAMED_UNIT(*)
SI_UNIT($,.METRE.)
);
#3285=(
LENGTH_UNIT()
NAMED_UNIT(*)
SI_UNIT($,.METRE.)
);
#3286=(
LENGTH_UNIT()
NAMED_UNIT(*)
SI_UNIT($,.METRE.)
);
#3287=(
LENGTH_UNIT()
NAMED_UNIT(*)
SI_UNIT($,.METRE.)
);
#3288=(
LENGTH_UNIT()
NAMED_UNIT(*)
SI_UNIT($,.METRE.)
);
#3289=(
LENGTH_UNIT()
NAMED_UNIT(*)
SI_UNIT($,.METRE.)
);
#3290=(
LENGTH_UNIT()
NAMED_UNIT(*)
SI_UNIT($,.METRE.)
);
#3291=(
LENGTH_UNIT()
NAMED_UNIT(*)
SI_UNIT($,.METRE.)
);
#3292=(
LENGTH_UNIT()
NAMED_UNIT(*)
SI_UNIT($,.METRE.)
);
#3293=(
LENGTH_UNIT()
NAMED_UNIT(*)
SI_UNIT($,.METRE.)
);
#3294=(
LENGTH_UNIT()
NAMED_UNIT(*)
SI_UNIT($,.METRE.)
);
#3295=PRODUCT_DEFINITION_SHAPE('','',#3311);
#3296=PRODUCT_DEFINITION_SHAPE('','',#3312);
#3297=PRODUCT_DEFINITION_SHAPE('','',#3313);
#3298=PRODUCT_DEFINITION_SHAPE('','',#3314);
#3299=PRODUCT_DEFINITION_SHAPE('','',#3315);
#3300=PRODUCT_DEFINITION_SHAPE('','',#3316);
#3301=PRODUCT_DEFINITION_SHAPE('','',#3317);
#3302=PRODUCT_DEFINITION_SHAPE('','',#3318);
#3303=PRODUCT_DEFINITION_SHAPE('','',#3319);
#3304=PRODUCT_DEFINITION_SHAPE('','',#3320);
#3305=PRODUCT_DEFINITION_SHAPE('','',#3321);
#3306=PRODUCT_DEFINITION_SHAPE('','',#3322);
#3307=PRODUCT_DEFINITION_SHAPE('','',#3323);
#3308=PRODUCT_DEFINITION_SHAPE('','',#3324);
#3309=PRODUCT_DEFINITION_SHAPE('','',#3325);
#3310=PRODUCT_DEFINITION_SHAPE('','',#3326);
#3311=PRODUCT_DEFINITION('','',#3343,#3327);
#3312=PRODUCT_DEFINITION('','',#3344,#3328);
#3313=PRODUCT_DEFINITION('','',#3345,#3329);
#3314=PRODUCT_DEFINITION('','',#3346,#3330);
#3315=PRODUCT_DEFINITION('','',#3347,#3331);
#3316=PRODUCT_DEFINITION('','',#3348,#3332);
#3317=PRODUCT_DEFINITION('','',#3349,#3333);
#3318=PRODUCT_DEFINITION('','',#3350,#3334);
#3319=PRODUCT_DEFINITION('','',#3351,#3335);
#3320=PRODUCT_DEFINITION('','',#3352,#3336);
#3321=PRODUCT_DEFINITION('','',#3353,#3337);
#3322=PRODUCT_DEFINITION('','',#3354,#3338);
#3323=PRODUCT_DEFINITION('','',#3355,#3339);
#3324=PRODUCT_DEFINITION('','',#3356,#3340);
#3325=PRODUCT_DEFINITION('','',#3357,#3341);
#3326=PRODUCT_DEFINITION('','',#3358,#3342);
#3327=PRODUCT_DEFINITION_CONTEXT('',#3439,'design');
#3328=PRODUCT_DEFINITION_CONTEXT('',#3440,'design');
#3329=PRODUCT_DEFINITION_CONTEXT('',#3441,'design');
#3330=PRODUCT_DEFINITION_CONTEXT('',#3442,'design');
#3331=PRODUCT_DEFINITION_CONTEXT('',#3443,'design');
#3332=PRODUCT_DEFINITION_CONTEXT('',#3444,'design');
#3333=PRODUCT_DEFINITION_CONTEXT('',#3445,'design');
#3334=PRODUCT_DEFINITION_CONTEXT('',#3446,'design');
#3335=PRODUCT_DEFINITION_CONTEXT('',#3447,'design');
#3336=PRODUCT_DEFINITION_CONTEXT('',#3448,'design');
#3337=PRODUCT_DEFINITION_CONTEXT('',#3449,'design');
#3338=PRODUCT_DEFINITION_CONTEXT('',#3450,'design');
#3339=PRODUCT_DEFINITION_CONTEXT('',#3451,'design');
#3340=PRODUCT_DEFINITION_CONTEXT('',#3452,'design');
#3341=PRODUCT_DEFINITION_CONTEXT('',#3453,'design');
#3342=PRODUCT_DEFINITION_CONTEXT('',#3454,'design');
#3343=PRODUCT_DEFINITION_FORMATION_WITH_SPECIFIED_SOURCE('','',#3375,
 .NOT_KNOWN.);
#3344=PRODUCT_DEFINITION_FORMATION_WITH_SPECIFIED_SOURCE('','',#3376,
 .NOT_KNOWN.);
#3345=PRODUCT_DEFINITION_FORMATION_WITH_SPECIFIED_SOURCE('','',#3377,
 .NOT_KNOWN.);
#3346=PRODUCT_DEFINITION_FORMATION_WITH_SPECIFIED_SOURCE('','',#3378,
 .NOT_KNOWN.);
#3347=PRODUCT_DEFINITION_FORMATION_WITH_SPECIFIED_SOURCE('','',#3379,
 .NOT_KNOWN.);
#3348=PRODUCT_DEFINITION_FORMATION_WITH_SPECIFIED_SOURCE('','',#3380,
 .NOT_KNOWN.);
#3349=PRODUCT_DEFINITION_FORMATION_WITH_SPECIFIED_SOURCE('','',#3381,
 .NOT_KNOWN.);
#3350=PRODUCT_DEFINITION_FORMATION_WITH_SPECIFIED_SOURCE('','',#3382,
 .NOT_KNOWN.);
#3351=PRODUCT_DEFINITION_FORMATION_WITH_SPECIFIED_SOURCE('','',#3383,
 .NOT_KNOWN.);
#3352=PRODUCT_DEFINITION_FORMATION_WITH_SPECIFIED_SOURCE('','',#3384,
 .NOT_KNOWN.);
#3353=PRODUCT_DEFINITION_FORMATION_WITH_SPECIFIED_SOURCE('','',#3385,
 .NOT_KNOWN.);
#3354=PRODUCT_DEFINITION_FORMATION_WITH_SPECIFIED_SOURCE('','',#3386,
 .NOT_KNOWN.);
#3355=PRODUCT_DEFINITION_FORMATION_WITH_SPECIFIED_SOURCE('','',#3387,
 .NOT_KNOWN.);
#3356=PRODUCT_DEFINITION_FORMATION_WITH_SPECIFIED_SOURCE('','',#3388,
 .NOT_KNOWN.);
#3357=PRODUCT_DEFINITION_FORMATION_WITH_SPECIFIED_SOURCE('','',#3389,
 .NOT_KNOWN.);
#3358=PRODUCT_DEFINITION_FORMATION_WITH_SPECIFIED_SOURCE('','',#3390,
 .NOT_KNOWN.);
#3359=PRODUCT_RELATED_PRODUCT_CATEGORY('','',(#3375));
#3360=PRODUCT_RELATED_PRODUCT_CATEGORY('','',(#3376));
#3361=PRODUCT_RELATED_PRODUCT_CATEGORY('','',(#3377));
#3362=PRODUCT_RELATED_PRODUCT_CATEGORY('','',(#3378));
#3363=PRODUCT_RELATED_PRODUCT_CATEGORY('','',(#3379));
#3364=PRODUCT_RELATED_PRODUCT_CATEGORY('','',(#3380));
#3365=PRODUCT_RELATED_PRODUCT_CATEGORY('','',(#3381));
#3366=PRODUCT_RELATED_PRODUCT_CATEGORY('','',(#3382));
#3367=PRODUCT_RELATED_PRODUCT_CATEGORY('','',(#3383));
#3368=PRODUCT_RELATED_PRODUCT_CATEGORY('','',(#3384));
#3369=PRODUCT_RELATED_PRODUCT_CATEGORY('','',(#3385));
#3370=PRODUCT_RELATED_PRODUCT_CATEGORY('','',(#3386));
#3371=PRODUCT_RELATED_PRODUCT_CATEGORY('','',(#3387));
#3372=PRODUCT_RELATED_PRODUCT_CATEGORY('','',(#3388));
#3373=PRODUCT_RELATED_PRODUCT_CATEGORY('','',(#3389));
#3374=PRODUCT_RELATED_PRODUCT_CATEGORY('','',(#3390));
#3375=PRODUCT('Part 15','Part 15','Part 15',(#3407));
#3376=PRODUCT('Part 1','Part 1','Part 1',(#3408));
#3377=PRODUCT('Part 9','Part 9','Part 9',(#3409));
#3378=PRODUCT('Part 7','Part 7','Part 7',(#3410));
#3379=PRODUCT('Part 10','Part 10','Part 10',(#3411));
#3380=PRODUCT('Part 8','Part 8','Part 8',(#3412));
#3381=PRODUCT('Part 11','Part 11','Part 11',(#3413));
#3382=PRODUCT('Part 12','Part 12','Part 12',(#3414));
#3383=PRODUCT('Part 17','Part 17','Part 17',(#3415));
#3384=PRODUCT('Part 6','Part 6','Part 6',(#3416));
#3385=PRODUCT('Part 5','Part 5','Part 5',(#3417));
#3386=PRODUCT('Part 13','Part 13','Part 13',(#3418));
#3387=PRODUCT('Part 14','Part 14','Part 14',(#3419));
#3388=PRODUCT('Part 4','Part 4','Part 4',(#3420));
#3389=PRODUCT('Part 2','Part 2','Part 2',(#3421));
#3390=PRODUCT('Part 3','Part 3','Part 3',(#3422));
#3391=PRODUCT_CATEGORY('','');
#3392=PRODUCT_CATEGORY('','');
#3393=PRODUCT_CATEGORY('','');
#3394=PRODUCT_CATEGORY('','');
#3395=PRODUCT_CATEGORY('','');
#3396=PRODUCT_CATEGORY('','');
#3397=PRODUCT_CATEGORY('','');
#3398=PRODUCT_CATEGORY('','');
#3399=PRODUCT_CATEGORY('','');
#3400=PRODUCT_CATEGORY('','');
#3401=PRODUCT_CATEGORY('','');
#3402=PRODUCT_CATEGORY('','');
#3403=PRODUCT_CATEGORY('','');
#3404=PRODUCT_CATEGORY('','');
#3405=PRODUCT_CATEGORY('','');
#3406=PRODUCT_CATEGORY('','');
#3407=PRODUCT_CONTEXT('',#3439,'mechanical');
#3408=PRODUCT_CONTEXT('',#3440,'mechanical');
#3409=PRODUCT_CONTEXT('',#3441,'mechanical');
#3410=PRODUCT_CONTEXT('',#3442,'mechanical');
#3411=PRODUCT_CONTEXT('',#3443,'mechanical');
#3412=PRODUCT_CONTEXT('',#3444,'mechanical');
#3413=PRODUCT_CONTEXT('',#3445,'mechanical');
#3414=PRODUCT_CONTEXT('',#3446,'mechanical');
#3415=PRODUCT_CONTEXT('',#3447,'mechanical');
#3416=PRODUCT_CONTEXT('',#3448,'mechanical');
#3417=PRODUCT_CONTEXT('',#3449,'mechanical');
#3418=PRODUCT_CONTEXT('',#3450,'mechanical');
#3419=PRODUCT_CONTEXT('',#3451,'mechanical');
#3420=PRODUCT_CONTEXT('',#3452,'mechanical');
#3421=PRODUCT_CONTEXT('',#3453,'mechanical');
#3422=PRODUCT_CONTEXT('',#3454,'mechanical');
#3423=APPLICATION_PROTOCOL_DEFINITION('international standard',
'ap242_managed_model_based_3d_engineering',2020,#3439);
#3424=APPLICATION_PROTOCOL_DEFINITION('international standard',
'ap242_managed_model_based_3d_engineering',2020,#3440);
#3425=APPLICATION_PROTOCOL_DEFINITION('international standard',
'ap242_managed_model_based_3d_engineering',2020,#3441);
#3426=APPLICATION_PROTOCOL_DEFINITION('international standard',
'ap242_managed_model_based_3d_engineering',2020,#3442);
#3427=APPLICATION_PROTOCOL_DEFINITION('international standard',
'ap242_managed_model_based_3d_engineering',2020,#3443);
#3428=APPLICATION_PROTOCOL_DEFINITION('international standard',
'ap242_managed_model_based_3d_engineering',2020,#3444);
#3429=APPLICATION_PROTOCOL_DEFINITION('international standard',
'ap242_managed_model_based_3d_engineering',2020,#3445);
#3430=APPLICATION_PROTOCOL_DEFINITION('international standard',
'ap242_managed_model_based_3d_engineering',2020,#3446);
#3431=APPLICATION_PROTOCOL_DEFINITION('international standard',
'ap242_managed_model_based_3d_engineering',2020,#3447);
#3432=APPLICATION_PROTOCOL_DEFINITION('international standard',
'ap242_managed_model_based_3d_engineering',2020,#3448);
#3433=APPLICATION_PROTOCOL_DEFINITION('international standard',
'ap242_managed_model_based_3d_engineering',2020,#3449);
#3434=APPLICATION_PROTOCOL_DEFINITION('international standard',
'ap242_managed_model_based_3d_engineering',2020,#3450);
#3435=APPLICATION_PROTOCOL_DEFINITION('international standard',
'ap242_managed_model_based_3d_engineering',2020,#3451);
#3436=APPLICATION_PROTOCOL_DEFINITION('international standard',
'ap242_managed_model_based_3d_engineering',2020,#3452);
#3437=APPLICATION_PROTOCOL_DEFINITION('international standard',
'ap242_managed_model_based_3d_engineering',2020,#3453);
#3438=APPLICATION_PROTOCOL_DEFINITION('international standard',
'ap242_managed_model_based_3d_engineering',2020,#3454);
#3439=APPLICATION_CONTEXT('managed model based 3d engineering');
#3440=APPLICATION_CONTEXT('managed model based 3d engineering');
#3441=APPLICATION_CONTEXT('managed model based 3d engineering');
#3442=APPLICATION_CONTEXT('managed model based 3d engineering');
#3443=APPLICATION_CONTEXT('managed model based 3d engineering');
#3444=APPLICATION_CONTEXT('managed model based 3d engineering');
#3445=APPLICATION_CONTEXT('managed model based 3d engineering');
#3446=APPLICATION_CONTEXT('managed model based 3d engineering');
#3447=APPLICATION_CONTEXT('managed model based 3d engineering');
#3448=APPLICATION_CONTEXT('managed model based 3d engineering');
#3449=APPLICATION_CONTEXT('managed model based 3d engineering');
#3450=APPLICATION_CONTEXT('managed model based 3d engineering');
#3451=APPLICATION_CONTEXT('managed model based 3d engineering');
#3452=APPLICATION_CONTEXT('managed model based 3d engineering');
#3453=APPLICATION_CONTEXT('managed model based 3d engineering');
#3454=APPLICATION_CONTEXT('managed model based 3d engineering');
ENDSEC;
END-ISO-10303-21;
